"서울","중구","2020-07-20 01:00","0.002","0.3","0.02","0.008","16.0","16.0"
"서울","한강대로","2020-07-20 01:00","0.003","0.3","0.015","0.006","29.0","16.0"
"서울","종로구","2020-07-20 01:00","0.004","0.3","0.017","0.012","20.0","12.0"
"서울","청계천로","2020-07-20 01:00","0.003","0.4","0.012","0.013","22.0","20.0"
"서울","종로","2020-07-20 01:00","0.002","0.3","0.012","0.013","27.0","15.0"
"서울","용산구","2020-07-20 01:00","0.003","0.2","0.02","0.005","21.0","14.0"
"서울","광진구","2020-07-20 01:00","0.003","0.3","0.027","0.005","17.0","8.0"
"서울","성동구","2020-07-20 01:00","0.002","0.3","0.014","0.008","18.0","11.0"
"서울","강변북로","2020-07-20 01:00","0.002","0.6","0.016","0.011","15.0","7.0"
"서울","중랑구","2020-07-20 01:00","0.002","0.3","0.021","0.005","22.0","12.0"
"서울","동대문구","2020-07-20 01:00","0.002","0.3","0.02","0.01","19.0","11.0"
"서울","홍릉로","2020-07-20 01:00","0.002","0.3","0.016","0.012","17.0","14.0"
"서울","성북구","2020-07-20 01:00","0.002","0.4","0.014","0.015","20.0","10.0"
"서울","정릉로","2020-07-20 01:00","0.003","0.3","0.026","0.013","17.0","12.0"
"서울","도봉구","2020-07-20 01:00","0.002","0.3","0.011","0.009","21.0","8.0"
"서울","은평구","2020-07-20 01:00","0.003","0.5","0.019","0.004","16.0","11.0"
"서울","서대문구","2020-07-20 01:00","0.002","0.3","0.019","0.005","11.0","7.0"
"서울","마포구","2020-07-20 01:00","0.002","0.3","0.014","0.01","21.0","13.0"
"서울","신촌로","2020-07-20 01:00","0.002","0.3","0.016","0.012","22.0","11.0"
"서울","강서구","2020-07-20 01:00","0.002","0.2","0.019","0.008","21.0","13.0"
"서울","공항대로","2020-07-20 01:00","0.004","0.3","0.018","0.009","17.0","9.0"
"서울","구로구","2020-07-20 01:00","0.002","0.2","0.033","0.005","14.0","6.0"
"서울","영등포구","2020-07-20 01:00","0.002","0.3","0.02","0.008","19.0","12.0"
"서울","영등포로","2020-07-20 01:00","0.002","0.4","0.016","0.012","19.0","13.0"
"서울","동작구","2020-07-20 01:00","0.002","0.2","0.017","0.006","24.0","14.0"
"서울","동작대로 중앙차로","2020-07-20 01:00","0.003","0.3","0.027","0.006","19.0","5.0"
"서울","관악구","2020-07-20 01:00","0.002","0.3","0.019","0.007","21.0","11.0"
"서울","강남구","2020-07-20 01:00","0.002","0.3","0.02","0.007","16.0","12.0"
"서울","서초구","2020-07-20 01:00","0.002","0.1","0.026","0.008","19.0","8.0"
"서울","도산대로","2020-07-20 01:00","0.002","0.5","0.015","0.008","14.0","9.0"
"서울","강남대로","2020-07-20 01:00","0.002","0.5","0.019","0.003","19.0","6.0"
"서울","송파구","2020-07-20 01:00","0.002","0.3","0.018","0.009","21.0","11.0"
"서울","강동구","2020-07-20 01:00","0.003","0.3","0.017","0.007","19.0","15.0"
"서울","천호대로","2020-07-20 01:00","0.002","0.3","0.023","0.006","18.0","11.0"
"서울","금천구","2020-07-20 01:00","0.002","0.3","0.016","0.005","20.0","14.0"
"서울","시흥대로","2020-07-20 01:00","0.002","0.3","0.017","0.008","20.0","14.0"
"서울","강북구","2020-07-20 01:00","0.002","0.3","0.009","0.008","27.0","18.0"
"서울","양천구","2020-07-20 01:00","0.003","0.3","0.017","0.008","-1.0","13.0"
"서울","노원구","2020-07-20 01:00","0.002","0.3","0.022","0.006","17.0","12.0"
"서울","화랑로","2020-07-20 01:00","-1.0","0.2","0.068","0.012","-1.0","9.0"
"경기","신풍동","2020-07-20 01:00","0.002","0.5","0.022","0.006","17.0","7.0"
"경기","인계동","2020-07-20 01:00","0.003","0.6","0.022","0.009","17.0","8.0"
"경기","광교동","2020-07-20 01:00","0.002","0.4","0.017","0.005","26.0","8.0"
"경기","영통동","2020-07-20 01:00","0.002","0.5","0.022","0.005","7.0","-1.0"
"경기","천천동","2020-07-20 01:00","0.002","0.3","0.022","0.006","24.0","6.0"
"경기","경수대로(동수원)","2020-07-20 01:00","0.002","0.4","0.02","0.003","21.0","6.0"
"경기","고색동","2020-07-20 01:00","0.002","0.4","0.02","0.005","18.0","10.0"
"경기","호매실동","2020-07-20 01:00","0.002","0.5","0.014","0.007","26.0","8.0"
"경기","대왕판교로(백현동)","2020-07-20 01:00","0.003","0.5","-1.0","0.016","28.0","21.0"
"경기","단대동","2020-07-20 01:00","0.002","0.4","0.025","0.004","22.0","7.0"
"경기","정자동","2020-07-20 01:00","0.002","0.3","0.025","0.0","15.0","-1.0"
"경기","수내동","2020-07-20 01:00","0.002","0.4","0.021","0.005","31.0","15.0"
"경기","성남대로(모란역)","2020-07-20 01:00","0.002","0.5","0.022","0.007","22.0","8.0"
"경기","복정동","2020-07-20 01:00","0.003","0.4","0.023","0.004","21.0","12.0"
"경기","운중동","2020-07-20 01:00","0.002","0.3","0.02","0.006","22.0","12.0"
"경기","상대원동","2020-07-20 01:00","0.002","0.3","0.019","0.008","14.0","10.0"
"경기","의정부동","2020-07-20 01:00","0.004","0.4","0.022","0.007","16.0","5.0"
"경기","의정부1동","2020-07-20 01:00","0.003","0.4","0.02","0.009","22.0","9.0"
"경기","안양6동","2020-07-20 01:00","0.002","0.2","0.023","0.009","31.0","4.0"
"경기","부림동","2020-07-20 01:00","0.003","0.3","0.026","0.003","14.0","6.0"
"경기","호계동","2020-07-20 01:00","0.002","0.5","0.025","0.0","13.0","13.0"
"경기","안양2동","2020-07-20 01:00","0.002","0.4","0.019","0.01","25.0","15.0"
"경기","철산동","2020-07-20 01:00","0.002","0.5","0.02","0.006","7.0","4.0"
"경기","소하동","2020-07-20 01:00","0.001","0.4","0.02","0.006","-1.0","13.0"
"경기","고잔동","2020-07-20 01:00","0.002","0.2","0.015","0.007","18.0","15.0"
"경기","원시동","2020-07-20 01:00","0.002","0.1","0.018","0.006","22.0","3.0"
"경기","본오동","2020-07-20 01:00","0.002","0.2","0.019","0.01","10.0","8.0"
"경기","부곡동1","2020-07-20 01:00","0.004","0.2","0.018","0.005","18.0","4.0"
"경기","대부동","2020-07-20 01:00","0.002","0.2","0.023","0.004","17.0","5.0"
"경기","호수동","2020-07-20 01:00","0.002","0.2","0.015","0.017","16.0","6.0"
"경기","중앙대로(고잔동)","2020-07-20 01:00","0.002","0.3","-1.0","0.008","23.0","10.0"
"경기","별양동","2020-07-20 01:00","0.002","0.3","0.024","0.005","26.0","8.0"
"경기","과천동","2020-07-20 01:00","0.002","0.3","0.025","0.004","21.0","7.0"
"경기","교문동","2020-07-20 01:00","0.003","0.3","0.023","0.004","16.0","13.0"
"경기","동구동","2020-07-20 01:00","0.002","0.3","0.021","0.011","17.0","10.0"
"경기","부곡3동","2020-07-20 01:00","0.002","0.4","0.023","0.004","24.0","11.0"
"경기","고천동","2020-07-20 01:00","0.002","0.4","0.02","0.004","17.0","12.0"
"경기","정왕동","2020-07-20 01:00","0.003","0.4","0.018","0.008","19.0","6.0"
"경기","시화산단","2020-07-20 01:00","0.004","0.4","0.015","0.016","31.0","13.0"
"경기","대야동","2020-07-20 01:00","0.003","0.4","0.021","0.008","26.0","15.0"
"경기","목감동","2020-07-20 01:00","0.004","0.3","0.021","0.006","24.0","12.0"
"경기","장현동","2020-07-20 01:00","0.003","0.2","0.022","0.005","18.0","-1.0"
"경기","금곡동","2020-07-20 01:00","0.002","0.4","0.022","0.003","20.0","3.0"
"경기","오남읍","2020-07-20 01:00","-1.0","0.4","0.026","0.004","14.0","11.0"
"경기","별내동","2020-07-20 01:00","-1.0","0.2","0.024","0.006","15.0","10.0"
"경기","화도읍","2020-07-20 01:00","-1.0","0.3","0.024","0.006","22.0","8.0"
"경기","경춘로","2020-07-20 01:00","0.002","0.4","0.02","0.006","28.0","19.0"
"경기","비전동","2020-07-20 01:00","0.003","0.2","0.022","0.004","25.0","11.0"
"경기","안중","2020-07-20 01:00","0.003","0.2","0.029","0.002","22.0","11.0"
"경기","평택항","2020-07-20 01:00","0.003","0.2","0.025","0.004","28.0","11.0"
"경기","송북동","2020-07-20 01:00","0.005","0.3","0.023","0.003","15.0","5.0"
"경기","청북읍","2020-07-20 01:00","0.004","0.3","0.022","0.005","20.0","14.0"
"경기","금촌동","2020-07-20 01:00","0.002","0.5","0.018","0.007","21.0","5.0"
"경기","운정","2020-07-20 01:00","0.002","0.4","0.019","0.008","19.0","15.0"
"경기","파주","2020-07-20 01:00","0.001","0.2","0.018","0.005","14.0","13.0"
"경기","파주읍","2020-07-20 01:00","0.001","0.3","0.024","0.004","7.0","-1.0"
"경기","행신동","2020-07-20 01:00","0.003","0.4","0.017","0.011","25.0","11.0"
"경기","식사동","2020-07-20 01:00","0.002","0.3","0.025","0.009","35.0","8.0"
"경기","백마로(마두역)","2020-07-20 01:00","0.002","0.4","0.02","0.013","24.0","8.0"
"경기","신원동","2020-07-20 01:00","0.002","0.2","0.027","0.006","16.0","10.0"
"경기","주엽동","2020-07-20 01:00","0.002","0.3","0.022","0.007","19.0","18.0"
"경기","경안동","2020-07-20 01:00","-1.0","0.3","0.021","0.006","16.0","9.0"
"경기","오포읍","2020-07-20 01:00","0.002","0.2","0.023","0.003","28.0","18.0"
"경기","김량장동","2020-07-20 01:00","0.002","0.3","0.022","0.008","6.0","-1.0"
"경기","수지","2020-07-20 01:00","0.001","0.4","0.017","0.007","17.0","8.0"
"경기","기흥","2020-07-20 01:00","0.002","0.4","0.022","0.004","19.0","12.0"
"경기","중부대로(구갈동)","2020-07-20 01:00","0.002","0.2","-1.0","0.005","22.0","14.0"
"경기","모현읍","2020-07-20 01:00","0.002","0.3","0.026","0.003","18.0","2.0"
"경기","이동읍","2020-07-20 01:00","0.002","0.1","0.02","0.004","17.0","7.0"
"경기","백암면","2020-07-20 01:00","0.001","0.4","0.015","0.006","20.0","14.0"
"경기","설성면","2020-07-20 01:00","0.001","0.2","0.024","0.004","23.0","9.0"
"경기","창전동","2020-07-20 01:00","0.004","0.4","0.019","0.006","23.0","12.0"
"경기","장호원읍","2020-07-20 01:00","0.003","0.2","0.026","0.002","13.0","-1.0"
"경기","부발읍","2020-07-20 01:00","0.004","0.4","0.014","0.011","28.0","19.0"
"경기","관인면","2020-07-20 01:00","0.001","0.2","0.027","0.001","14.0","10.0"
"경기","선단동","2020-07-20 01:00","0.001","0.3","0.02","0.003","21.0","6.0"
"경기","일동면","2020-07-20 01:00","0.003","0.2","0.027","0.002","19.0","10.0"
"경기","사우동","2020-07-20 01:00","0.004","0.3","0.018","0.006","21.0","16.0"
"경기","고촌읍","2020-07-20 01:00","0.004","0.3","0.016","0.011","17.0","10.0"
"경기","월곶면","2020-07-20 01:00","0.003","0.3","0.021","0.011","24.0","12.0"
"경기","한강신도시","2020-07-20 01:00","0.003","0.3","0.02","0.007","27.0","9.0"
"경기","한강로","2020-07-20 01:00","0.003","0.3","0.02","0.008","19.0","13.0"
"경기","당동","2020-07-20 01:00","0.003","0.3","0.022","0.008","18.0","14.0"
"경기","산본동","2020-07-20 01:00","0.002","0.3","0.02","0.006","20.0","10.0"
"경기","오산동","2020-07-20 01:00","0.002","0.2","0.013","0.008","13.0","3.0"
"경기","금암로(신장동)","2020-07-20 01:00","0.002","0.2","0.017","0.008","12.0","10.0"
"경기","신장동","2020-07-20 01:00","0.001","0.3","0.021","0.003","17.0","6.0"
"경기","남양읍","2020-07-20 01:00","0.003","0.2","0.023","0.006","18.0","6.0"
"경기","향남읍","2020-07-20 01:00","0.009","0.2","0.023","0.006","19.0","8.0"
"경기","동탄","2020-07-20 01:00","0.003","0.4","0.024","0.005","16.0","7.0"
"경기","우정읍","2020-07-20 01:00","0.002","0.2","0.027","0.0","19.0","12.0"
"경기","청계동","2020-07-20 01:00","0.003","0.3","0.026","0.003","18.0","13.0"
"경기","새솔동","2020-07-20 01:00","0.003","0.4","0.018","0.005","19.0","6.0"
"경기","봉담읍","2020-07-20 01:00","0.003","0.3","0.022","0.004","14.0","10.0"
"경기","서신면","2020-07-20 01:00","0.003","0.2","0.025","0.003","22.0","7.0"
"경기","백석읍","2020-07-20 01:00","0.002","0.3","0.023","0.007","22.0","11.0"
"경기","고읍","2020-07-20 01:00","0.002","0.2","0.026","0.004","14.0","-1.0"
"경기","보산동","2020-07-20 01:00","0.004","0.2","0.024","0.003","15.0","9.0"
"경기","봉산동","2020-07-20 01:00","0.002","0.4","0.023","0.002","6.0","2.0"
"경기","공도읍","2020-07-20 01:00","0.001","0.3","0.024","0.002","34.0","6.0"
"인천","신흥","2020-07-20 01:00","0.003","0.3","0.014","0.008","10.0","8.0"
"인천","서해","2020-07-20 01:00","0.002","0.4","0.017","0.006","17.0","6.0"
"인천","송림","2020-07-20 01:00","0.003","0.4","0.014","0.009","23.0","8.0"
"인천","구월동","2020-07-20 01:00","0.002","0.4","0.015","0.006","16.0","5.0"
"인천","숭의","2020-07-20 01:00","0.002","0.3","0.013","0.009","-1.0","-1.0"
"인천","석바위","2020-07-20 01:00","0.002","0.3","0.014","0.01","21.0","9.0"
"인천","부평역","2020-07-20 01:00","0.004","0.3","0.005","0.009","35.0","19.0"
"인천","남동","2020-07-20 01:00","0.002","0.4","0.018","0.005","16.0","6.0"
"인천","부평","2020-07-20 01:00","0.003","0.3","0.013","0.009","38.0","11.0"
"인천","연희","2020-07-20 01:00","0.002","0.3","0.016","0.008","18.0","6.0"
"인천","검단","2020-07-20 01:00","0.002","0.3","0.014","0.007","21.0","13.0"
"인천","계산","2020-07-20 01:00","0.002","0.5","0.018","0.009","-1.0","-1.0"
"인천","고잔","2020-07-20 01:00","-1.0","-1.0","-1.0","-1.0","-1.0","-1.0"
"인천","석남","2020-07-20 01:00","0.002","0.3","0.017","0.01","20.0","10.0"
"인천","송해","2020-07-20 01:00","-1.0","-1.0","-1.0","-1.0","-1.0","-1.0"
"인천","동춘","2020-07-20 01:00","0.003","0.3","0.01","0.008","-1.0","-1.0"
"인천","운서","2020-07-20 01:00","0.002","0.3","0.014","0.005","18.0","7.0"
"인천","송현","2020-07-20 01:00","0.002","0.3","0.012","0.008","17.0","10.0"
"인천","논현","2020-07-20 01:00","0.002","0.3","0.011","0.007","19.0","10.0"
"인천","청라","2020-07-20 01:00","0.006","0.3","0.013","0.012","-1.0","-1.0"
"인천","송도","2020-07-20 01:00","0.002","0.3","0.018","0.007","17.0","11.0"
"인천","원당","2020-07-20 01:00","0.003","0.3","0.015","0.007","19.0","9.0"
"인천","길상","2020-07-20 01:00","0.004","0.3","0.024","0.004","17.0","9.0"
"인천","삼산","2020-07-20 01:00","0.002","0.3","0.015","0.008","17.0","13.0"
"인천","석모리","2020-07-20 01:00","0.001","0.6","0.024","0.002","19.0","9.0"
"인천","덕적도","2020-07-20 01:00","0.001","0.3","0.025","0.001","9.0","-1.0"
"인천","백령도","2020-07-20 01:00","0.003","0.3","0.042","0.001","-1.0","5.0"
"인천","영흥","2020-07-20 01:00","0.003","0.2","0.029","0.004","15.0","5.0"
"강원","중앙로","2020-07-20 01:00","-1.0","0.2","0.008","0.005","28.0","9.0"
"강원","석사동","2020-07-20 01:00","0.001","0.4","0.004","0.007","26.0","8.0"
"강원","신사우동","2020-07-20 01:00","-1.0","0.4","0.006","0.002","14.0","-1.0"
"강원","온의동","2020-07-20 01:00","-1.0","0.3","0.003","0.004","21.0","5.0"
"강원","방산면","2020-07-20 01:00","0.001","0.5","0.0","0.001","24.0","7.0"
"강원","양구읍","2020-07-20 01:00","-1.0","0.5","0.002","0.003","35.0","13.0"
"강원","중앙동(원주)","2020-07-20 01:00","0.002","0.3","0.024","0.005","18.0","15.0"
"강원","반곡동","2020-07-20 01:00","0.002","0.3","0.017","0.004","17.0","12.0"
"강원","문막읍","2020-07-20 01:00","-1.0","0.2","0.021","0.003","20.0","12.0"
"강원","옥천동","2020-07-20 01:00","0.003","0.7","0.006","0.019","34.0","15.0"
"강원","천곡동","2020-07-20 01:00","0.001","0.7","0.002","0.015","21.0","16.0"
"강원","남양동1","2020-07-20 01:00","0.002","0.5","0.002","0.014","21.0","15.0"
"강원","평창읍","2020-07-20 01:00","0.003","0.3","0.016","0.005","26.0","12.0"
"강원","북평면","2020-07-20 01:00","0.001","0.2","0.024","0.001","15.0","11.0"
"강원","정선읍","2020-07-20 01:00","0.002","0.8","0.029","0.005","15.0","9.0"
"강원","간성읍","2020-07-20 01:00","0.001","0.8","0.028","0.001","18.0","12.0"
"강원","치악산","2020-07-20 01:00","0.002","0.1","0.008","0.008","16.0","15.0"
"강원","횡성군","2020-07-20 01:00","-1.0","0.5","0.007","0.008","24.0","2.0"
"강원","상리","2020-07-20 01:00","0.001","0.4","0.004","0.002","9.0","-1.0"
"강원","양양군","2020-07-20 01:00","0.001","0.5","0.003","0.004","18.0","12.0"
"강원","속초시(금호동)","2020-07-20 01:00","0.004","0.3","0.019","0.008","31.0","18.0"
"강원","갈말읍","2020-07-20 01:00","0.003","0.3","0.033","0.002","19.0","12.0"
"강원","홍천읍","2020-07-20 01:00","0.003","0.4","0.004","0.01","22.0","12.0"
"강원","영월읍","2020-07-20 01:00","-1.0","0.2","0.012","0.004","25.0","7.0"
"강원","화천군","2020-07-20 01:00","-1.0","0.9","0.003","0.002","26.0","1.0"
"강원","태백시","2020-07-20 01:00","0.002","-1.0","0.024","0.0","9.0","7.0"
"강원","인제군","2020-07-20 01:00","-1.0","0.4","0.006","0.002","27.0","8.0"
"충남","성황동","2020-07-20 01:00","0.002","0.6","0.022","0.009","20.0","10.0"
"충남","백석동","2020-07-20 01:00","0.002","0.4","0.02","0.008","22.0","8.0"
"충남","성성동","2020-07-20 01:00","0.003","0.3","0.025","0.007","20.0","12.0"
"충남","성거읍","2020-07-20 01:00","0.002","0.2","0.027","0.005","17.0","6.0"
"충남","신방동","2020-07-20 01:00","0.003","0.3","0.023","0.005","24.0","17.0"
"충남","사곡면","2020-07-20 01:00","0.001","0.1","0.027","0.002","24.0","17.0"
"충남","공주","2020-07-20 01:00","0.003","0.2","0.028","0.002","17.0","7.0"
"충남","탄천면","2020-07-20 01:00","0.003","0.2","0.033","0.003","16.0","16.0"
"충남","부여읍","2020-07-20 01:00","0.003","0.4","0.025","0.005","30.0","11.0"
"충남","독곶리","2020-07-20 01:00","0.002","0.4","0.03","0.003","18.0","10.0"
"충남","동문동","2020-07-20 01:00","0.002","0.4","0.023","0.003","19.0","1.0"
"충남","대산리","2020-07-20 01:00","0.003","0.6","0.029","0.004","8.0","2.0"
"충남","성연면","2020-07-20 01:00","0.002","0.2","0.037","0.003","16.0","4.0"
"충남","송산면","2020-07-20 01:00","0.002","0.3","0.032","0.004","15.0","9.0"
"충남","당진시청사","2020-07-20 01:00","0.003","0.2","0.033","0.003","22.0","8.0"
"충남","모종동","2020-07-20 01:00","0.003","0.2","0.035","0.003","19.0","8.0"
"충남","배방읍","2020-07-20 01:00","-1.0","0.2","0.065","0.005","21.0","11.0"
"충남","도고면","2020-07-20 01:00","0.003","0.2","0.031","0.003","23.0","9.0"
"충남","둔포면","2020-07-20 01:00","0.003","0.2","0.024","0.006","21.0","6.0"
"충남","인주면","2020-07-20 01:00","0.003","0.1","0.034","0.002","19.0","6.0"
"충남","논산","2020-07-20 01:00","0.003","0.3","0.025","0.004","29.0","4.0"
"충남","파도리","2020-07-20 01:00","0.001","0.1","0.03","0.001","19.0","16.0"
"충남","이원면","2020-07-20 01:00","0.002","0.4","0.029","0.003","13.0","4.0"
"충남","태안읍","2020-07-20 01:00","0.002","0.4","0.032","0.003","18.0","3.0"
"충남","예산군","2020-07-20 01:00","0.004","0.2","0.043","0.002","15.0","9.0"
"충남","대천2동","2020-07-20 01:00","0.003","0.5","0.053","0.002","26.0","5.0"
"충남","주교면","2020-07-20 01:00","0.002","0.2","0.022","0.003","22.0","12.0"
"충남","홍성읍","2020-07-20 01:00","0.003","0.2","0.054","0.002","19.0","7.0"
"충남","내포","2020-07-20 01:00","0.002","0.3","0.033","0.003","10.0","7.0"
"충남","금산읍","2020-07-20 01:00","0.003","0.1","0.029","0.003","21.0","11.0"
"충남","청양읍","2020-07-20 01:00","0.003","0.2","0.03","0.003","18.0","8.0"
"충남","엄사면","2020-07-20 01:00","0.003","0.3","0.028","0.003","16.0","5.0"
"충남","서천읍","2020-07-20 01:00","0.002","0.2","0.033","0.003","15.0","8.0"
"충남","서면","2020-07-20 01:00","0.003","0.3","0.032","0.005","25.0","7.0"
"충남","장항읍","2020-07-20 01:00","0.002","0.1","0.033","0.003","19.0","4.0"
"대전","읍내동","2020-07-20 01:00","0.001","0.4","0.024","0.01","-1.0","10.0"
"대전","문평동","2020-07-20 01:00","0.002","0.2","0.015","0.011","10.0","8.0"
"대전","문창동","2020-07-20 01:00","0.002","0.3","0.027","0.003","-1.0","4.0"
"대전","구성동","2020-07-20 01:00","0.002","0.2","0.028","0.006","9.0","6.0"
"대전","노은동","2020-07-20 01:00","0.008","0.2","0.025","0.007","-1.0","17.0"
"대전","상대동(대전)","2020-07-20 01:00","0.002","0.2","0.035","0.002","10.0","8.0"
"대전","대흥동1","2020-07-20 01:00","0.004","0.1","0.024","0.005","6.0","-1.0"
"대전","성남동1","2020-07-20 01:00","0.002","0.2","0.032","0.003","12.0","6.0"
"대전","대성동","2020-07-20 01:00","-1.0","0.2","0.031","0.002","-1.0","7.0"
"대전","정림동","2020-07-20 01:00","0.001","0.2","0.026","0.004","-1.0","7.0"
"대전","둔산동","2020-07-20 01:00","0.001","0.3","0.032","0.005","13.0","6.0"
"대전","월평동","2020-07-20 01:00","0.002","0.4","0.022","0.004","-1.0","9.0"
"충북","송정동(봉명동)","2020-07-20 01:00","0.002","0.4","0.02","0.004","19.0","16.0"
"충북","사천동","2020-07-20 01:00","0.002","0.2","0.019","0.003","13.0","9.0"
"충북","용담동","2020-07-20 01:00","0.004","0.1","0.023","0.004","19.0","7.0"
"충북","용암동","2020-07-20 01:00","0.003","0.3","0.018","0.007","25.0","1.0"
"충북","복대동","2020-07-20 01:00","0.003","0.3","0.015","0.007","15.0","9.0"
"충북","호암동","2020-07-20 01:00","0.002","0.3","0.02","0.004","17.0","14.0"
"충북","칠금동","2020-07-20 01:00","0.003","0.2","0.022","0.005","16.0","10.0"
"충북","중앙탑면","2020-07-20 01:00","0.003","0.5","0.019","0.007","23.0","13.0"
"충북","살미면","2020-07-20 01:00","0.003","0.4","0.019","0.005","27.0","12.0"
"충북","장락동","2020-07-20 01:00","0.002","0.6","0.02","0.004","19.0","15.0"
"충북","영천동","2020-07-20 01:00","0.003","0.4","0.012","0.013","20.0","13.0"
"충북","청풍면","2020-07-20 01:00","-1.0","0.4","0.016","0.005","13.0","10.0"
"충북","오창읍","2020-07-20 01:00","0.003","0.2","0.018","0.009","-1.0","18.0"
"충북","산남동","2020-07-20 01:00","0.002","0.2","0.023","0.005","17.0","12.0"
"충북","오송읍","2020-07-20 01:00","0.003","0.2","0.011","0.011","19.0","13.0"
"충북","가덕면","2020-07-20 01:00","0.003","0.2","0.019","0.006","21.0","15.0"
"충북","매포읍","2020-07-20 01:00","0.003","0.3","0.01","0.003","-1.0","11.0"
"충북","단성면","2020-07-20 01:00","0.002","0.2","0.024","0.002","12.0","8.0"
"충북","단양읍","2020-07-20 01:00","0.003","0.0","0.024","0.004","16.0","10.0"
"충북","청천면","2020-07-20 01:00","0.0","0.2","0.02","0.003","-1.0","-1.0"
"충북","괴산읍","2020-07-20 01:00","0.003","0.3","0.024","0.003","21.0","12.0"
"충북","감물면","2020-07-20 01:00","-1.0","0.2","0.026","0.003","-1.0","14.0"
"충북","진천읍","2020-07-20 01:00","0.002","0.3","0.013","0.009","19.0","18.0"
"충북","덕산읍","2020-07-20 01:00","0.002","0.3","0.023","0.002","17.0","6.0"
"충북","금왕","2020-07-20 01:00","0.002","0.3","0.027","0.003","26.0","14.0"
"충북","음성읍","2020-07-20 01:00","0.003","0.2","0.024","0.003","19.0","19.0"
"충북","소이면","2020-07-20 01:00","-1.0","0.2","0.008","0.007","24.0","12.0"
"충북","영동읍","2020-07-20 01:00","0.004","0.3","0.007","0.007","17.0","11.0"
"충북","증평읍","2020-07-20 01:00","0.002","0.2","0.012","0.005","29.0","12.0"
"충북","보은읍","2020-07-20 01:00","-1.0","0.3","0.021","0.004","18.0","8.0"
"충북","옥천읍","2020-07-20 01:00","0.003","0.4","0.008","0.012","20.0","12.0"
"세종","신흥동","2020-07-20 01:00","0.002","0.3","0.019","0.008","11.0","6.0"
"세종","아름동","2020-07-20 01:00","0.002","0.5","0.023","0.007","18.0","-1.0"
"세종","한솔동","2020-07-20 01:00","0.003","0.5","0.027","0.007","18.0","2.0"
"세종","부강면","2020-07-20 01:00","0.002","0.5","0.022","0.005","9.0","-1.0"
"부산","광복동","2020-07-20 01:00","0.003","0.3","0.013","0.008","19.0","6.0"
"부산","초량동","2020-07-20 01:00","0.003","0.2","0.012","0.008","22.0","4.0"
"부산","태종대","2020-07-20 01:00","0.003","0.2","0.013","0.006","15.0","4.0"
"부산","청학동","2020-07-20 01:00","0.003","0.2","0.016","0.006","10.0","2.0"
"부산","전포동","2020-07-20 01:00","0.003","0.2","0.011","0.008","31.0","3.0"
"부산","온천동","2020-07-20 01:00","0.003","0.2","0.012","0.008","23.0","3.0"
"부산","명장동","2020-07-20 01:00","-1.0","-1.0","0.016","0.004","23.0","7.0"
"부산","대연동","2020-07-20 01:00","0.004","0.4","0.011","0.006","23.0","7.0"
"부산","학장동","2020-07-20 01:00","0.003","0.2","0.018","0.006","18.0","11.0"
"부산","덕천동","2020-07-20 01:00","0.003","0.3","0.015","0.005","16.0","6.0"
"부산","화명동","2020-07-20 01:00","-1.0","-1.0","0.015","0.004","23.0","3.0"
"부산","청룡동","2020-07-20 01:00","-1.0","-1.0","0.014","0.004","32.0","6.0"
"부산","좌동","2020-07-20 01:00","0.003","0.2","0.015","0.008","24.0","6.0"
"부산","재송동","2020-07-20 01:00","0.003","0.2","0.045","0.005","18.0","5.0"
"부산","장림동","2020-07-20 01:00","0.002","0.2","0.016","0.006","22.0","4.0"
"부산","대저동","2020-07-20 01:00","0.002","0.2","0.014","0.007","14.0","2.0"
"부산","녹산동","2020-07-20 01:00","0.004","0.2","0.015","0.003","22.0","3.0"
"부산","연산동","2020-07-20 01:00","0.002","0.2","0.014","0.007","26.0","6.0"
"부산","기장읍","2020-07-20 01:00","0.002","0.2","0.019","0.003","33.0","3.0"
"부산","용수리","2020-07-20 01:00","0.002","0.1","0.023","0.003","14.0","3.0"
"부산","수정동","2020-07-20 01:00","0.002","0.2","0.033","0.005","28.0","2.0"
"부산","부곡동","2020-07-20 01:00","0.002","0.2","0.02","0.005","22.0","5.0"
"부산","광안동","2020-07-20 01:00","-1.0","-1.0","0.016","0.004","19.0","17.0"
"부산","대신동","2020-07-20 01:00","0.003","0.3","0.013","0.005","35.0","5.0"
"부산","덕포동","2020-07-20 01:00","0.003","0.2","0.014","0.007","18.0","3.0"
"부산","개금동","2020-07-20 01:00","0.003","0.3","0.017","0.003","12.0","2.0"
"부산","당리동","2020-07-20 01:00","0.003","0.3","0.015","0.007","20.0","4.0"
"부산","부산북항","2020-07-20 01:00","0.004","0.2","0.012","0.006","22.0","2.0"
"부산","부산신항","2020-07-20 01:00","0.003","0.2","0.023","0.004","11.0","2.0"
"울산","대송동","2020-07-20 01:00","0.002","0.2","0.017","0.005","15.0","9.0"
"울산","성남동","2020-07-20 01:00","0.002","0.3","0.012","0.007","20.0","5.0"
"울산","부곡동(울산)","2020-07-20 01:00","0.002","0.4","0.012","0.007","21.0","1.0"
"울산","여천동(울산)","2020-07-20 01:00","0.008","0.3","0.003","0.017","15.0","3.0"
"울산","야음동","2020-07-20 01:00","0.002","0.7","0.013","0.008","-1.0","7.0"
"울산","삼산동","2020-07-20 01:00","0.004","0.6","0.005","0.012","12.0","11.0"
"울산","신정로","2020-07-20 01:00","0.002","0.6","0.01","0.005","18.0","-1.0"
"울산","신정동","2020-07-20 01:00","0.002","0.6","0.014","0.006","16.0","3.0"
"울산","덕신리","2020-07-20 01:00","0.002","0.4","0.015","0.004","22.0","-1.0"
"울산","무거동","2020-07-20 01:00","0.002","0.4","0.016","0.006","13.0","2.0"
"울산","효문동","2020-07-20 01:00","0.009","0.3","0.003","0.019","31.0","6.0"
"울산","화산리","2020-07-20 01:00","0.003","0.5","0.012","0.006","22.0","10.0"
"울산","상남리","2020-07-20 01:00","0.002","-1.0","0.014","0.005","21.0","2.0"
"울산","농소동","2020-07-20 01:00","0.003","0.6","0.009","0.01","10.0","7.0"
"울산","삼남면","2020-07-19 21:00","-1.0","0.1","0.003","0.001","-1.0","-1.0"
"울산","약사동","2020-07-20 01:00","0.002","0.2","0.013","0.009","11.0","6.0"
"울산","웅촌면","2020-07-20 01:00","0.001","0.4","0.016","0.005","13.0","12.0"
"울산","전하동","2020-07-20 01:00","0.002","0.3","0.013","0.004","16.0","3.0"
"대구","수창동","2020-07-20 01:00","0.003","0.3","0.011","0.01","14.0","9.0"
"대구","지산동","2020-07-20 01:00","0.003","0.2","0.015","0.002","8.0","2.0"
"대구","서호동","2020-07-20 01:00","0.001","0.1","0.015","0.005","18.0","8.0"
"대구","이현동","2020-07-20 01:00","0.002","0.3","0.022","0.002","23.0","4.0"
"대구","평리동","2020-07-20 01:00","0.002","0.5","0.015","0.008","18.0","6.0"
"대구","대명동","2020-07-20 01:00","0.001","0.1","0.018","0.002","12.0","7.0"
"대구","노원동","2020-07-20 01:00","0.002","0.2","0.02","0.004","18.0","11.0"
"대구","신암동","2020-07-20 01:00","0.002","0.1","0.014","0.004","19.0","6.0"
"대구","태전동","2020-07-20 01:00","0.003","0.3","0.019","0.003","45.0","13.0"
"대구","만촌동","2020-07-20 01:00","0.002","0.2","0.011","0.007","10.0","3.0"
"대구","호림동","2020-07-20 01:00","0.002","0.2","0.02","0.002","13.0","5.0"
"대구","유가읍","2020-07-20 01:00","0.001","0.1","0.016","0.001","14.0","6.0"
"대구","이곡동","2020-07-20 01:00","0.002","0.5","0.019","0.003","10.0","6.0"
"대구","시지동","2020-07-20 01:00","0.001","0.3","0.016","0.001","18.0","11.0"
"대구","진천동","2020-07-20 01:00","0.001","0.2","0.02","0.002","14.0","8.0"
"대구","다사읍","2020-07-20 01:00","0.001","0.1","0.019","0.001","9.0","5.0"
"대구","본동","2020-07-20 01:00","0.001","0.2","0.018","0.001","12.0","11.0"
"경북","장흥동","2020-07-20 01:00","0.007","0.3","0.011","0.012","54.0","22.0"
"경북","장량동","2020-07-20 01:00","0.003","0.3","0.005","0.015","67.0","20.0"
"경북","대도동","2020-07-20 01:00","0.004","0.2","0.007","0.015","49.0","28.0"
"경북","대송면","2020-07-20 01:00","0.003","0.1","0.018","0.002","31.0","13.0"
"경북","3공단","2020-07-20 01:00","0.003","0.3","0.016","0.003","15.0","3.0"
"경북","송도동","2020-07-20 01:00","0.004","0.3","0.006","0.014","41.0","26.0"
"경북","오천읍","2020-07-20 01:00","0.003","0.0","0.018","0.005","24.0","7.0"
"경북","청림동","2020-07-20 01:00","0.003","0.4","0.017","0.004","33.0","14.0"
"경북","성건동","2020-07-20 01:00","0.003","0.2","0.016","0.004","27.0","9.0"
"경북","보덕동","2020-07-20 01:00","0.003","0.2","0.016","0.005","8.0","8.0"
"경북","안강읍","2020-07-20 01:00","0.003","0.3","0.006","0.009","31.0","24.0"
"경북","외동읍","2020-07-20 01:00","0.004","0.2","0.013","0.009","12.0","4.0"
"경북","문당동","2020-07-20 01:00","0.002","0.5","0.005","0.011","36.0","21.0"
"경북","대광동","2020-07-20 01:00","0.003","0.2","0.012","0.01","23.0","9.0"
"경북","율곡동","2020-07-20 01:00","0.002","0.3","0.021","0.004","11.0","5.0"
"경북","명륜동","2020-07-20 01:00","0.002","0.2","0.011","0.005","18.0","12.0"
"경북","공단동","2020-07-20 01:00","0.002","0.2","0.017","0.006","14.0","1.0"
"경북","원평동","2020-07-20 01:00","0.002","0.3","0.033","0.001","15.0","9.0"
"경북","형곡동","2020-07-20 01:00","0.002","0.2","0.019","0.002","19.0","3.0"
"경북","4공단","2020-07-20 01:00","0.003","0.2","0.021","0.005","8.0","6.0"
"경북","가흥동","2020-07-20 01:00","0.003","0.4","0.006","0.007","23.0","-1.0"
"경북","중방동","2020-07-20 01:00","0.003","0.2","0.02","0.003","15.0","6.0"
"경북","상주시","2020-07-20 01:00","0.003","0.3","0.011","0.007","-1.0","-1.0"
"경북","칠곡군","2020-07-20 01:00","0.003","0.1","0.022","0.003","16.0","8.0"
"경북","영덕읍","2020-07-20 01:00","0.002","0.3","0.008","0.004","31.0","17.0"
"경북","문경시","2020-07-20 01:00","0.003","0.3","0.02","0.005","27.0","18.0"
"경북","성주군","2020-07-20 01:00","0.002","0.0","0.018","0.003","16.0","6.0"
"경북","지품면","2020-07-20 01:00","-1.0","-1.0","-1.0","-1.0","-1.0","-1.0"
"경북","화북면","2020-07-20 01:00","0.0","0.1","0.02","0.001","24.0","5.0"
"경북","영천시","2020-07-20 01:00","0.003","0.4","0.013","0.008","31.0","22.0"
"경북","안계면","2020-07-20 01:00","0.002","0.2","0.021","0.004","10.0","7.0"
"경북","의성읍","2020-07-20 01:00","0.003","0.4","0.007","0.008","19.0","11.0"
"경북","울진군","2020-07-20 01:00","-1.0","0.4","0.024","0.005","25.0","17.0"
"경북","석포면","2020-07-20 01:00","0.004","0.2","0.039","0.008","15.0","7.0"
"경북","태하리","2020-07-20 01:00","0.001","0.2","0.028","0.002","12.0","5.0"
"경북","울릉읍","2020-07-20 01:00","0.002","0.2","0.04","0.003","28.0","17.0"
"경북","대가야읍","2020-07-20 01:00","0.003","0.2","0.018","0.004","11.0","7.0"
"경북","군위읍","2020-07-20 01:00","0.002","0.3","0.027","0.002","14.0","4.0"
"경북","영양군","2020-07-20 01:00","-1.0","0.3","0.004","0.004","8.0","-1.0"
"경북","예천군","2020-07-20 01:00","0.002","0.3","0.023","0.005","25.0","12.0"
"경북","화양읍","2020-07-20 01:00","-1.0","0.2","0.025","0.002","12.0","4.0"
"경북","청송읍","2020-07-20 01:00","0.003","0.2","0.01","0.004","20.0","11.0"
"경남","회원동","2020-07-20 01:00","0.001","-1.0","0.015","0.004","15.0","5.0"
"경남","봉암동","2020-07-20 01:00","0.002","0.1","0.017","0.005","17.0","2.0"
"경남","상봉동","2020-07-20 01:00","0.003","0.3","0.019","0.005","19.0","7.0"
"경남","대안동","2020-07-20 01:00","0.002","0.3","0.024","0.004","24.0","2.0"
"경남","상대동","2020-07-20 01:00","0.004","0.3","0.02","0.006","17.0","6.0"
"경남","명서동","2020-07-20 01:00","0.003","0.4","0.02","0.006","18.0","7.0"
"경남","웅남동","2020-07-20 01:00","0.003","0.3","0.023","0.003","13.0","5.0"
"경남","성주동","2020-07-20 01:00","0.002","0.2","0.022","0.004","9.0","-1.0"
"경남","용지동","2020-07-20 01:00","0.002","0.5","0.024","0.004","22.0","-1.0"
"경남","반송로","2020-07-20 01:00","0.002","0.2","0.018","0.003","19.0","6.0"
"경남","사파동","2020-07-20 01:00","0.003","0.2","0.018","0.002","26.0","6.0"
"경남","경화동","2020-07-20 01:00","0.003","0.2","0.016","0.004","33.0","13.0"
"경남","월영동","2020-07-20 01:00","0.003","0.2","0.017","0.005","23.0","5.0"
"경남","하동읍","2020-07-20 01:00","0.005","0.3","0.018","0.008","32.0","7.0"
"경남","동상동","2020-07-20 01:00","0.003","0.2","0.022","0.005","20.0","2.0"
"경남","삼방동","2020-07-20 01:00","0.002","0.1","0.015","0.005","23.0","1.0"
"경남","장유동","2020-07-20 01:00","0.003","0.3","0.014","0.003","19.0","6.0"
"경남","진영읍","2020-07-20 01:00","0.002","0.2","0.022","0.003","16.0","7.0"
"경남","저구리","2020-07-20 01:00","0.001","0.1","0.013","0.003","7.0","0.0"
"경남","아주동","2020-07-20 01:00","0.002","0.4","0.019","0.001","14.0","5.0"
"경남","사천읍","2020-07-20 01:00","0.002","0.3","0.025","0.003","15.0","6.0"
"경남","대산면","2020-07-20 01:00","0.001","0.4","0.015","0.002","18.0","7.0"
"경남","북부동","2020-07-20 01:00","0.003","0.1","0.012","0.007","28.0","5.0"
"경남","삼호동","2020-07-20 01:00","0.002","0.3","0.016","0.006","31.0","8.0"
"경남","내일동","2020-07-20 01:00","0.003","0.0","0.014","0.006","20.0","-1.0"
"경남","무전동","2020-07-20 01:00","0.003","0.1","0.017","0.005","23.0","1.0"
"경남","고성읍","2020-07-20 01:00","0.002","0.2","0.018","0.004","19.0","3.0"
"경남","거창읍","2020-07-20 01:00","-1.0","0.3","0.024","0.006","14.0","6.0"
"경남","가야읍","2020-07-20 01:00","0.002","0.3","0.02","0.003","11.0","1.0"
"경남","함양읍","2020-07-20 01:00","0.002","0.3","0.014","0.006","15.0","12.0"
"경남","남해읍","2020-07-20 01:00","0.002","0.5","0.023","0.004","16.0","6.0"
"경남","산청읍","2020-07-20 01:00","0.002","0.2","0.024","0.004","22.0","14.0"
"경남","남상면","2020-07-20 01:00","0.002","0.4","0.022","0.004","16.0","16.0"
"경남","의령읍","2020-07-20 01:00","0.002","0.2","0.018","0.002","18.0","5.0"
"경남","창녕읍","2020-07-20 01:00","0.002","0.2","0.018","0.005","17.0","4.0"
"경남","합천읍","2020-07-20 01:00","0.002","0.2","0.021","0.003","18.0","6.0"
"전남","용당동","2020-07-20 01:00","0.003","0.4","0.029","0.003","31.0","7.0"
"전남","부흥동","2020-07-20 01:00","0.003","0.2","0.021","0.001","31.0","2.0"
"전남","서강동","2020-07-20 01:00","0.002","0.2","0.016","0.001","16.0","4.0"
"전남","월내동","2020-07-20 01:00","0.002","0.4","0.018","0.002","24.0","7.0"
"전남","문수동","2020-07-20 01:00","0.002","0.4","0.014","0.004","18.0","-1.0"
"전남","여천동(여수)","2020-07-20 01:00","0.002","0.4","0.015","0.002","19.0","6.0"
"전남","덕충동","2020-07-20 01:00","0.002","0.3","0.015","0.001","49.0","4.0"
"전남","장천동","2020-07-20 01:00","0.003","0.2","0.02","0.003","32.0","7.0"
"전남","연향동","2020-07-20 01:00","0.004","0.2","0.024","0.003","17.0","-1.0"
"전남","순천만","2020-07-20 01:00","0.002","0.1","0.02","0.002","24.0","-1.0"
"전남","호두리","2020-07-20 01:00","-1.0","0.1","0.018","0.002","19.0","13.0"
"전남","신대","2020-07-20 01:00","0.002","0.2","0.032","0.002","21.0","7.0"
"전남","빛가람동","2020-07-20 01:00","0.002","0.2","0.045","0.002","13.0","9.0"
"전남","담양읍","2020-07-20 01:00","0.003","0.1","0.02","0.002","27.0","5.0"
"전남","장성읍","2020-07-20 01:00","0.004","0.2","0.028","0.002","18.0","6.0"
"전남","화양면","2020-07-20 01:00","0.003","0.4","0.017","0.003","15.0","7.0"
"전남","율촌면","2020-07-20 01:00","0.001","0.5","0.023","0.001","17.0","4.0"
"전남","삼일동","2020-07-20 01:00","0.001","0.3","0.015","0.002","14.0","4.0"
"전남","중동","2020-07-20 01:00","0.004","0.3","0.009","0.015","24.0","7.0"
"전남","태인동","2020-07-20 01:00","0.007","3.1","0.004","0.02","44.0","17.0"
"전남","진상면","2020-07-20 01:00","0.003","0.1","0.025","0.01","21.0","12.0"
"전남","광양읍","2020-07-20 01:00","0.002","0.2","0.019","0.003","19.0","5.0"
"전남","해남읍","2020-07-20 01:00","0.003","0.3","0.03","0.003","22.0","15.0"
"전남","나불리","2020-07-20 01:00","0.002","0.1","0.017","0.001","41.0","17.0"
"전남","송단리","2020-07-20 01:00","0.003","0.0","0.03","0.002","22.0","9.0"
"전남","화순읍","2020-07-20 01:00","0.002","0.3","0.024","0.003","13.0","12.0"
"전남","영광읍","2020-07-20 01:00","0.003","0.2","0.036","0.003","17.0","12.0"
"전남","장흥읍","2020-07-20 01:00","0.004","0.3","0.031","0.003","20.0","11.0"
"전남","진도읍","2020-07-20 01:00","0.002","0.3","0.02","0.001","26.0","4.0"
"전남","신지면","2020-07-20 01:00","0.002","0.4","0.012","0.004","17.0","7.0"
"전남","함평읍","2020-07-20 01:00","0.001","0.4","0.024","0.001","28.0","10.0"
"전남","고흥읍","2020-07-20 01:00","0.002","0.3","0.033","0.001","27.0","8.0"
"전남","신안군","2020-07-20 01:00","0.004","0.2","0.036","0.001","23.0","11.0"
"전남","무안읍","2020-07-20 01:00","0.002","0.3","0.03","0.002","26.0","7.0"
"전남","곡성읍","2020-07-20 01:00","0.002","0.4","0.023","0.001","16.0","4.0"
"전남","구례읍","2020-07-20 01:00","0.002","0.4","0.021","0.003","22.0","8.0"
"전남","벌교읍","2020-07-20 01:00","0.002","0.8","0.013","0.001","23.0","2.0"
"전북","노송동","2020-07-20 01:00","0.002","0.2","0.055","-1.0","23.0","12.0"
"전북","삼천동","2020-07-20 01:00","0.002","0.2","0.06","0.002","8.0","4.0"
"전북","팔복동","2020-07-20 01:00","0.004","0.4","-1.0","0.008","10.0","-1.0"
"전북","송천동","2020-07-20 01:00","0.002","0.2","0.03","0.002","17.0","13.0"
"전북","서신동","2020-07-20 01:00","0.002","0.1","-1.0","-1.0","24.0","14.0"
"전북","혁신동","2020-07-20 01:00","0.002","0.2","0.036","0.003","20.0","13.0"
"전북","신풍동(군산)","2020-07-20 01:00","0.002","0.1","0.032","-1.0","19.0","7.0"
"전북","소룡동","2020-07-20 01:00","0.002","0.2","0.03","0.003","19.0","8.0"
"전북","개정동","2020-07-20 01:00","0.003","0.3","0.034","-1.0","15.0","-1.0"
"전북","옥산면","2020-07-20 01:00","0.004","0.2","0.032","0.002","19.0","12.0"
"전북","비응도동","2020-07-20 01:00","0.004","0.2","0.031","0.006","14.0","11.0"
"전북","삼기면","2020-07-20 01:00","0.003","0.2","0.034","0.003","15.0","7.0"
"전북","팔봉동","2020-07-20 01:00","0.002","0.3","0.03","0.009","14.0","7.0"
"전북","모현동","2020-07-20 01:00","0.002","0.1","0.024","0.002","15.0","7.0"
"전북","용동면","2020-07-20 01:00","0.002","0.2","0.031","0.004","17.0","8.0"
"전북","함열읍","2020-07-20 01:00","0.002","0.2","0.026","0.003","16.0","13.0"
"전북","연지동","2020-07-20 01:00","0.003","0.2","0.028","0.005","21.0","17.0"
"전북","신태인","2020-07-20 01:00","0.002","0.2","0.033","0.011","26.0","13.0"
"전북","죽항동","2020-07-20 01:00","0.003","0.1","0.025","0.004","18.0","10.0"
"전북","고창읍","2020-07-20 01:00","-1.0","0.1","0.028","0.004","24.0","9.0"
"전북","심원면","2020-07-20 01:00","0.003","0.2","0.036","0.001","16.0","16.0"
"전북","부안읍","2020-07-20 01:00","0.003","0.4","0.032","0.005","17.0","5.0"
"전북","새만금","2020-07-20 01:00","0.001","0.6","0.03","0.002","24.0","11.0"
"전북","요촌동","2020-07-20 01:00","0.001","0.3","0.033","0.005","25.0","11.0"
"전북","고산면","2020-07-20 01:00","0.002","0.3","0.028","0.004","17.0","11.0"
"전북","봉동읍","2020-07-20 01:00","0.001","0.3","0.027","0.004","17.0","10.0"
"전북","진안읍","2020-07-20 01:00","0.002","0.1","0.028","0.003","43.0","7.0"
"전북","운암면","2020-07-20 01:00","0.0","0.9","0.024","0.003","16.0","1.0"
"전북","임실읍","2020-07-20 01:00","0.003","0.3","0.024","0.001","19.0","11.0"
"전북","무주읍","2020-07-20 01:00","-1.0","0.3","0.033","0.002","26.0","9.0"
"전북","순창읍","2020-07-20 01:00","0.003","0.2","0.03","0.002","13.0","7.0"
"전북","장수읍","2020-07-20 01:00","-1.0","0.2","0.031","0.003","20.0","12.0"
"제주","이도동","2020-07-20 01:00","0.001","0.1","0.031","0.003","16.0","11.0"
"제주","연동","2020-07-20 01:00","0.001","0.2","0.028","0.003","24.0","8.0"
"제주","동홍동","2020-07-20 01:00","-1.0","0.0","0.021","0.003","26.0","11.0"
"제주","성산읍","2020-07-20 01:00","-1.0","0.0","0.019","0.003","11.0","-1.0"
"제주","남원읍","2020-07-20 01:00","0.001","0.3","0.02","0.003","22.0","8.0"
"제주","대정읍","2020-07-20 01:00","0.001","0.1","0.025","0.003","28.0","8.0"
"제주","노형로","2020-07-20 01:00","0.001","0.2","0.028","0.003","23.0","13.0"
"제주","고산리","2020-07-20 01:00","-1.0","-1.0","-1.0","-1.0","45.0","9.0"
"서울","중구","2020-07-20 10:00","0.002","0.5","0.011","0.023","9.0","6.0"
"서울","한강대로","2020-07-20 10:00","0.003","0.5","0.01","0.023","38.0","11.0"
"서울","종로구","2020-07-20 10:00","0.003","0.4","0.021","0.013","8.0","5.0"
"서울","청계천로","2020-07-20 10:00","0.003","0.6","0.017","0.015","12.0","8.0"
"서울","종로","2020-07-20 10:00","0.002","0.4","0.016","0.016","11.0","9.0"
"서울","용산구","2020-07-20 10:00","0.003","0.3","0.02","0.01","7.0","4.0"
"서울","광진구","2020-07-20 10:00","0.003","0.4","0.026","0.012","9.0","3.0"
"서울","성동구","2020-07-20 10:00","0.002","0.4","0.015","0.013","9.0","6.0"
"서울","강변북로","2020-07-20 10:00","0.003","0.8","0.017","0.019","7.0","5.0"
"서울","중랑구","2020-07-20 10:00","0.002","0.4","0.018","0.018","10.0","6.0"
"서울","동대문구","2020-07-20 10:00","0.002","0.4","0.024","0.012","9.0","3.0"
"서울","홍릉로","2020-07-20 10:00","0.002","0.6","0.009","0.031","18.0","9.0"
"서울","성북구","2020-07-20 10:00","0.002","0.5","0.015","0.022","11.0","4.0"
"서울","정릉로","2020-07-20 10:00","0.003","0.3","0.029","0.015","8.0","6.0"
"서울","도봉구","2020-07-20 10:00","0.002","0.3","0.02","0.01","9.0","3.0"
"서울","은평구","2020-07-20 10:00","0.003","0.5","0.02","0.011","3.0","2.0"
"서울","서대문구","2020-07-20 10:00","0.002","0.3","0.021","0.011","3.0","1.0"
"서울","마포구","2020-07-20 10:00","0.002","0.3","0.019","0.013","6.0","2.0"
"서울","신촌로","2020-07-20 10:00","0.003","0.5","0.011","0.031","11.0","5.0"
"서울","강서구","2020-07-20 10:00","0.002","0.3","0.02","0.012","3.0","3.0"
"서울","공항대로","2020-07-20 10:00","0.004","0.3","0.019","0.018","6.0","4.0"
"서울","구로구","2020-07-20 10:00","0.002","0.3","0.032","0.011","3.0","1.0"
"서울","영등포구","2020-07-20 10:00","0.002","0.3","0.017","0.015","7.0","3.0"
"서울","영등포로","2020-07-20 10:00","0.004","0.8","0.009","0.038","8.0","4.0"
"서울","동작구","2020-07-20 10:00","0.002","0.4","0.02","0.008","9.0","6.0"
"서울","동작대로 중앙차로","2020-07-20 10:00","0.003","0.4","0.027","0.01","5.0","-1.0"
"서울","관악구","2020-07-20 10:00","0.002","0.3","0.021","0.014","11.0","6.0"
"서울","강남구","2020-07-20 10:00","0.002","0.4","0.021","0.014","10.0","7.0"
"서울","서초구","2020-07-20 10:00","0.003","0.3","0.03","0.011","4.0","4.0"
"서울","도산대로","2020-07-20 10:00","0.002","0.7","0.012","0.02","6.0","4.0"
"서울","강남대로","2020-07-20 10:00","0.003","0.8","0.015","0.022","9.0","3.0"
"서울","송파구","2020-07-20 10:00","0.002","0.4","0.019","0.013","6.0","3.0"
"서울","강동구","2020-07-20 10:00","0.003","0.4","0.01","0.02","14.0","8.0"
"서울","천호대로","2020-07-20 10:00","0.003","0.5","0.009","0.03","13.0","7.0"
"서울","금천구","2020-07-20 10:00","0.002","0.4","0.012","0.017","8.0","5.0"
"서울","시흥대로","2020-07-20 10:00","0.003","0.5","0.013","0.019","11.0","5.0"
"서울","강북구","2020-07-20 10:00","0.002","0.3","0.015","0.01","5.0","3.0"
"서울","양천구","2020-07-20 10:00","0.003","0.3","0.018","0.011","-1.0","4.0"
"서울","노원구","2020-07-20 10:00","0.002","0.4","0.017","0.017","10.0","6.0"
"서울","화랑로","2020-07-20 10:00","-1.0","0.3","0.08","0.02","-1.0","-1.0"
"경기","신풍동","2020-07-20 10:00","0.001","0.5","0.024","0.009","11.0","3.0"
"경기","인계동","2020-07-20 10:00","0.003","0.6","0.026","0.012","8.0","4.0"
"경기","광교동","2020-07-20 10:00","0.002","0.4","0.021","0.008","13.0","3.0"
"경기","영통동","2020-07-20 10:00","0.002","0.6","0.027","0.01","11.0","6.0"
"경기","천천동","2020-07-20 10:00","0.002","0.3","0.026","0.008","15.0","3.0"
"경기","경수대로(동수원)","2020-07-20 10:00","0.002","0.6","0.012","0.012","12.0","4.0"
"경기","고색동","2020-07-20 10:00","0.002","0.5","0.023","0.011","11.0","3.0"
"경기","호매실동","2020-07-20 10:00","0.002","0.5","0.018","0.01","8.0","8.0"
"경기","대왕판교로(백현동)","2020-07-20 10:00","0.003","0.6","-1.0","0.018","15.0","3.0"
"경기","단대동","2020-07-20 10:00","0.002","0.4","0.023","0.014","7.0","2.0"
"경기","정자동","2020-07-20 10:00","0.002","0.4","0.02","0.012","10.0","5.0"
"경기","수내동","2020-07-20 10:00","0.002","0.5","0.019","0.016","10.0","4.0"
"경기","성남대로(모란역)","2020-07-20 10:00","0.002","0.7","0.011","0.032","19.0","4.0"
"경기","복정동","2020-07-20 10:00","0.003","0.5","0.016","0.02","42.0","13.0"
"경기","운중동","2020-07-20 10:00","0.003","0.3","0.025","0.008","9.0","3.0"
"경기","상대원동","2020-07-20 10:00","0.002","0.3","0.016","0.019","9.0","2.0"
"경기","의정부동","2020-07-20 10:00","0.004","0.5","0.023","0.015","9.0","6.0"
"경기","의정부1동","2020-07-20 10:00","0.003","0.4","0.021","0.016","8.0","2.0"
"경기","안양6동","2020-07-20 10:00","0.002","0.4","0.03","0.009","17.0","7.0"
"경기","부림동","2020-07-20 10:00","0.003","0.5","0.024","0.011","11.0","4.0"
"경기","호계동","2020-07-20 10:00","0.002","0.3","0.023","0.01","11.0","8.0"
"경기","안양2동","2020-07-20 10:00","0.002","0.5","0.028","0.01","5.0","4.0"
"경기","철산동","2020-07-20 10:00","0.002","0.5","0.024","0.008","3.0","1.0"
"경기","소하동","2020-07-20 10:00","0.001","0.4","0.028","0.007","-1.0","2.0"
"경기","고잔동","2020-07-20 10:00","0.002","0.3","0.019","0.011","5.0","4.0"
"경기","원시동","2020-07-20 10:00","0.006","0.2","0.019","0.012","15.0","1.0"
"경기","본오동","2020-07-20 10:00","0.002","0.4","0.025","0.011","9.0","8.0"
"경기","부곡동1","2020-07-20 10:00","0.004","0.3","0.022","0.008","7.0","1.0"
"경기","대부동","2020-07-20 10:00","0.002","0.3","0.026","0.006","4.0","1.0"
"경기","호수동","2020-07-20 10:00","0.002","0.3","0.023","0.018","4.0","1.0"
"경기","중앙대로(고잔동)","2020-07-20 10:00","0.002","0.3","-1.0","0.013","5.0","3.0"
"경기","별양동","2020-07-20 10:00","0.002","0.5","0.02","0.015","12.0","5.0"
"경기","과천동","2020-07-20 10:00","0.002","0.4","0.024","0.011","2.0","2.0"
"경기","교문동","2020-07-20 10:00","0.003","0.4","0.026","0.008","6.0","0.0"
"경기","동구동","2020-07-20 10:00","0.002","0.3","0.025","0.012","4.0","4.0"
"경기","부곡3동","2020-07-20 10:00","0.002","0.5","0.027","0.005","6.0","4.0"
"경기","고천동","2020-07-20 10:00","0.002","0.4","0.018","0.013","13.0","7.0"
"경기","정왕동","2020-07-20 10:00","0.003","0.4","0.026","0.01","8.0","3.0"
"경기","시화산단","2020-07-20 10:00","0.002","0.4","0.023","0.018","14.0","10.0"
"경기","대야동","2020-07-20 10:00","0.003","0.5","0.025","0.011","5.0","-1.0"
"경기","목감동","2020-07-20 10:00","0.003","0.3","0.026","0.007","6.0","2.0"
"경기","장현동","2020-07-20 10:00","0.003","0.3","0.028","0.007","9.0","-1.0"
"경기","금곡동","2020-07-20 10:00","0.002","0.5","0.018","0.011","16.0","2.0"
"경기","오남읍","2020-07-20 10:00","-1.0","0.4","0.021","0.014","21.0","3.0"
"경기","별내동","2020-07-20 10:00","-1.0","0.4","0.022","0.016","4.0","1.0"
"경기","화도읍","2020-07-20 10:00","-1.0","0.3","0.03","0.009","10.0","4.0"
"경기","경춘로","2020-07-20 10:00","0.002","0.6","0.011","0.026","14.0","10.0"
"경기","비전동","2020-07-20 10:00","0.003","0.3","0.026","0.011","13.0","0.0"
"경기","안중","2020-07-20 10:00","0.003","0.2","0.034","0.004","15.0","5.0"
"경기","평택항","2020-07-20 10:00","0.003","0.5","0.022","0.014","19.0","6.0"
"경기","송북동","2020-07-20 10:00","0.005","0.4","0.033","0.003","20.0","3.0"
"경기","청북읍","2020-07-20 10:00","0.004","0.4","0.028","0.008","14.0","7.0"
"경기","금촌동","2020-07-20 10:00","0.002","0.5","0.02","0.012","3.0","1.0"
"경기","운정","2020-07-20 10:00","0.002","0.4","0.021","0.011","6.0","2.0"
"경기","파주","2020-07-20 10:00","0.001","0.2","0.024","0.004","6.0","-1.0"
"경기","파주읍","2020-07-20 10:00","0.002","0.4","0.022","0.011","6.0","4.0"
"경기","행신동","2020-07-20 10:00","0.003","0.4","0.024","0.012","9.0","2.0"
"경기","식사동","2020-07-20 10:00","0.003","0.4","0.027","0.012","20.0","1.0"
"경기","백마로(마두역)","2020-07-20 10:00","0.003","0.5","0.025","0.022","11.0","6.0"
"경기","신원동","2020-07-20 10:00","0.002","0.3","0.029","0.012","6.0","2.0"
"경기","주엽동","2020-07-20 10:00","0.002","0.4","0.025","0.011","18.0","9.0"
"경기","경안동","2020-07-20 10:00","0.001","0.3","0.025","0.011","9.0","4.0"
"경기","오포읍","2020-07-20 10:00","0.002","0.3","0.028","0.007","6.0","5.0"
"경기","김량장동","2020-07-20 10:00","0.002","0.3","-1.0","0.007","9.0","2.0"
"경기","수지","2020-07-20 10:00","0.001","0.5","0.022","0.011","7.0","1.0"
"경기","기흥","2020-07-20 10:00","0.002","0.5","0.023","0.013","10.0","-1.0"
"경기","중부대로(구갈동)","2020-07-20 10:00","0.002","0.4","-1.0","0.018","14.0","6.0"
"경기","모현읍","2020-07-20 10:00","0.002","0.4","0.033","0.004","8.0","2.0"
"경기","이동읍","2020-07-20 10:00","0.002","0.1","0.027","0.006","14.0","4.0"
"경기","백암면","2020-07-20 10:00","0.001","0.4","0.035","0.004","9.0","4.0"
"경기","설성면","2020-07-20 10:00","0.001","-1.0","0.035","0.003","8.0","6.0"
"경기","창전동","2020-07-20 10:00","0.004","0.4","0.034","0.004","16.0","1.0"
"경기","장호원읍","2020-07-20 10:00","0.003","0.3","0.034","0.004","4.0","-1.0"
"경기","부발읍","2020-07-20 10:00","0.005","0.4","0.033","0.006","16.0","8.0"
"경기","관인면","2020-07-20 10:00","0.001","-1.0","0.029","0.005","5.0","-1.0"
"경기","선단동","2020-07-20 10:00","0.003","0.4","0.015","0.013","9.0","1.0"
"경기","일동면","2020-07-20 10:00","0.002","0.3","0.029","0.005","12.0","4.0"
"경기","사우동","2020-07-20 10:00","0.004","0.3","0.022","0.007","6.0","-1.0"
"경기","고촌읍","2020-07-20 10:00","0.004","0.3","0.023","0.011","8.0","2.0"
"경기","월곶면","2020-07-20 10:00","0.002","0.3","0.031","0.006","5.0","2.0"
"경기","한강신도시","2020-07-20 10:00","0.003","0.3","0.026","0.009","14.0","6.0"
"경기","한강로","2020-07-20 10:00","0.003","0.4","0.027","0.009","11.0","4.0"
"경기","당동","2020-07-20 10:00","0.003","0.4","0.023","0.015","9.0","9.0"
"경기","산본동","2020-07-20 10:00","0.003","0.4","0.025","0.009","9.0","6.0"
"경기","오산동","2020-07-20 10:00","0.002","0.3","0.018","0.009","5.0","0.0"
"경기","금암로(신장동)","2020-07-20 10:00","0.002","0.2","0.025","0.007","9.0","4.0"
"경기","신장동","2020-07-20 10:00","0.001","0.3","0.019","0.01","4.0","0.0"
"경기","남양읍","2020-07-20 10:00","0.005","0.3","0.026","0.011","11.0","3.0"
"경기","향남읍","2020-07-20 10:00","0.01","0.3","0.029","0.007","11.0","-1.0"
"경기","동탄","2020-07-20 10:00","0.003","0.3","0.031","0.007","10.0","5.0"
"경기","우정읍","2020-07-20 10:00","0.002","0.3","0.029","0.004","8.0","7.0"
"경기","청계동","2020-07-20 10:00","0.003","0.4","0.029","0.011","13.0","4.0"
"경기","새솔동","2020-07-20 10:00","0.003","0.4","0.025","0.005","6.0","2.0"
"경기","봉담읍","2020-07-20 10:00","0.003","0.4","0.028","0.007","7.0","7.0"
"경기","서신면","2020-07-20 10:00","0.002","0.3","0.028","0.005","7.0","5.0"
"경기","백석읍","2020-07-20 10:00","0.002","0.4","0.027","0.008","4.0","0.0"
"경기","고읍","2020-07-20 10:00","0.003","0.3","0.028","0.01","1.0","1.0"
"경기","보산동","2020-07-20 10:00","0.004","0.3","0.023","0.01","1.0","-1.0"
"경기","봉산동","2020-07-20 10:00","0.002","0.5","0.028","0.008","4.0","2.0"
"경기","공도읍","2020-07-20 10:00","0.001","0.3","0.032","0.004","3.0","1.0"
"인천","신흥","2020-07-20 10:00","0.003","0.3","0.013","0.018","5.0","2.0"
"인천","서해","2020-07-20 10:00","0.002","0.5","0.011","0.022","8.0","4.0"
"인천","송림","2020-07-20 10:00","0.003","0.5","0.012","0.02","10.0","3.0"
"인천","구월동","2020-07-20 10:00","0.003","0.5","0.019","0.011","7.0","-1.0"
"인천","숭의","2020-07-20 10:00","0.002","0.4","0.018","0.011","-1.0","-1.0"
"인천","석바위","2020-07-20 10:00","0.003","0.4","0.022","0.016","4.0","4.0"
"인천","부평역","2020-07-20 10:00","0.004","0.4","0.009","0.013","24.0","13.0"
"인천","남동","2020-07-20 10:00","0.003","0.5","0.022","0.013","7.0","1.0"
"인천","부평","2020-07-20 10:00","0.003","0.4","0.017","0.012","10.0","2.0"
"인천","연희","2020-07-20 10:00","0.003","0.4","0.017","0.015","9.0","3.0"
"인천","검단","2020-07-20 10:00","0.003","0.4","0.013","0.017","10.0","5.0"
"인천","계산","2020-07-20 10:00","0.002","0.6","0.022","0.012","-1.0","-1.0"
"인천","고잔","2020-07-20 10:00","-1.0","-1.0","-1.0","-1.0","-1.0","-1.0"
"인천","석남","2020-07-20 10:00","0.002","0.4","0.024","0.016","10.0","5.0"
"인천","송해","2020-07-20 10:00","-1.0","-1.0","-1.0","-1.0","-1.0","-1.0"
"인천","동춘","2020-07-20 10:00","0.003","0.4","0.014","0.011","-1.0","-1.0"
"인천","운서","2020-07-20 10:00","0.002","0.3","0.016","0.008","4.0","-1.0"
"인천","송현","2020-07-20 10:00","0.003","0.3","0.014","0.017","7.0","4.0"
"인천","논현","2020-07-20 10:00","0.002","0.4","0.015","0.014","7.0","3.0"
"인천","청라","2020-07-20 10:00","0.005","0.4","0.018","0.014","-1.0","-1.0"
"인천","송도","2020-07-20 10:00","0.002","0.4","0.024","0.008","7.0","1.0"
"인천","원당","2020-07-20 10:00","0.003","0.4","0.018","0.012","8.0","3.0"
"인천","길상","2020-07-20 10:00","0.004","0.3","0.029","0.004","5.0","2.0"
"인천","삼산","2020-07-20 10:00","0.002","0.4","0.019","0.011","5.0","3.0"
"인천","석모리","2020-07-20 10:00","0.001","0.6","0.026","0.001","16.0","2.0"
"인천","덕적도","2020-07-20 10:00","0.001","0.4","0.027","0.001","4.0","-1.0"
"인천","백령도","2020-07-20 10:00","0.004","0.8","0.037","0.004","-1.0","-1.0"
"인천","영흥","2020-07-20 10:00","0.003","0.3","0.031","0.004","3.0","-1.0"
"강원","중앙로","2020-07-20 10:00","-1.0","0.3","0.032","0.005","11.0","10.0"
"강원","석사동","2020-07-20 08:00","0.001","0.4","0.028","0.004","25.0","8.0"
"강원","신사우동","2020-07-20 10:00","-1.0","0.5","0.035","0.004","2.0","-1.0"
"강원","온의동","2020-07-20 10:00","-1.0","0.4","0.023","0.011","17.0","3.0"
"강원","방산면","2020-07-20 10:00","-1.0","-1.0","-1.0","-1.0","8.0","6.0"
"강원","양구읍","2020-07-20 10:00","-1.0","0.5","0.036","0.005","6.0","1.0"
"강원","중앙동(원주)","2020-07-20 10:00","0.002","0.5","0.026","0.011","8.0","-1.0"
"강원","반곡동","2020-07-20 10:00","0.002","0.3","0.024","0.005","10.0","4.0"
"강원","문막읍","2020-07-20 10:00","-1.0","0.3","0.027","0.005","11.0","2.0"
"강원","옥천동","2020-07-20 10:00","0.003","0.5","0.016","0.019","36.0","-1.0"
"강원","천곡동","2020-07-20 10:00","0.001","0.5","0.002","0.016","41.0","22.0"
"강원","남양동1","2020-07-20 10:00","0.002","0.3","0.006","0.015","30.0","16.0"
"강원","평창읍","2020-07-20 10:00","0.003","0.3","0.024","0.006","11.0","10.0"
"강원","북평면","2020-07-20 10:00","0.001","-1.0","0.026","0.001","9.0","6.0"
"강원","정선읍","2020-07-20 10:00","0.002","0.3","0.03","0.005","5.0","-1.0"
"강원","간성읍","2020-07-20 10:00","0.001","0.8","0.032","0.002","6.0","-1.0"
"강원","치악산","2020-07-20 10:00","0.002","0.1","0.031","0.001","10.0","8.0"
"강원","횡성군","2020-07-20 10:00","-1.0","0.5","0.032","0.004","7.0","5.0"
"강원","상리","2020-07-20 10:00","0.002","0.4","0.036","0.003","6.0","2.0"
"강원","양양군","2020-07-20 10:00","0.001","0.5","0.03","0.006","2.0","1.0"
"강원","속초시(금호동)","2020-07-20 10:00","0.004","0.3","0.031","0.009","18.0","7.0"
"강원","갈말읍","2020-07-20 10:00","0.003","0.5","0.033","0.005","9.0","7.0"
"강원","홍천읍","2020-07-20 10:00","0.003","0.4","0.033","0.006","7.0","4.0"
"강원","영월읍","2020-07-20 10:00","-1.0","0.2","0.013","0.007","21.0","7.0"
"강원","화천군","2020-07-20 10:00","-1.0","1.0","0.032","0.005","2.0","1.0"
"강원","태백시","2020-07-20 10:00","0.002","-1.0","0.028","0.002","3.0","-1.0"
"강원","인제군","2020-07-20 10:00","-1.0","0.5","0.036","0.001","6.0","2.0"
"충남","성황동","2020-07-20 10:00","0.002","0.7","0.028","0.013","15.0","6.0"
"충남","백석동","2020-07-20 10:00","0.002","0.4","0.03","0.01","11.0","6.0"
"충남","성성동","2020-07-20 10:00","0.003","0.3","0.035","0.009","12.0","6.0"
"충남","성거읍","2020-07-20 10:00","0.002","0.3","0.032","0.008","12.0","4.0"
"충남","신방동","2020-07-20 10:00","-1.0","0.4","0.032","0.006","15.0","12.0"
"충남","사곡면","2020-07-20 10:00","0.001","0.2","0.032","0.003","9.0","4.0"
"충남","공주","2020-07-20 10:00","0.003","0.3","0.029","0.005","6.0","2.0"
"충남","탄천면","2020-07-20 10:00","0.003","0.3","0.04","0.004","12.0","1.0"
"충남","부여읍","2020-07-20 10:00","0.003","0.6","0.029","0.006","5.0","4.0"
"충남","독곶리","2020-07-20 10:00","0.003","0.4","0.029","0.006","14.0","2.0"
"충남","동문동","2020-07-20 10:00","0.002","0.5","0.022","0.006","2.0","1.0"
"충남","대산리","2020-07-20 10:00","0.003","1.1","0.025","0.011","11.0","3.0"
"충남","성연면","2020-07-20 10:00","0.002","0.3","0.032","0.006","2.0","1.0"
"충남","송산면","2020-07-20 10:00","0.002","0.4","0.034","0.004","8.0","5.0"
"충남","당진시청사","2020-07-20 10:00","0.004","0.3","0.033","0.006","7.0","2.0"
"충남","모종동","2020-07-20 10:00","0.003","0.3","0.036","0.006","6.0","4.0"
"충남","배방읍","2020-07-20 10:00","0.003","0.2","0.062","0.006","11.0","6.0"
"충남","도고면","2020-07-20 10:00","0.003","0.3","0.033","0.004","11.0","6.0"
"충남","둔포면","2020-07-20 10:00","-1.0","0.3","0.033","0.006","15.0","3.0"
"충남","인주면","2020-07-20 10:00","0.003","0.2","0.034","0.006","15.0","3.0"
"충남","논산","2020-07-20 10:00","0.003","0.4","0.029","0.006","3.0","2.0"
"충남","파도리","2020-07-20 10:00","0.001","0.1","0.032","0.002","25.0","10.0"
"충남","이원면","2020-07-20 10:00","0.002","0.5","0.03","0.004","2.0","-1.0"
"충남","태안읍","2020-07-20 10:00","0.003","0.5","0.03","0.006","1.0","-1.0"
"충남","예산군","2020-07-20 10:00","0.004","0.3","0.037","0.004","6.0","5.0"
"충남","대천2동","2020-07-20 10:00","0.003","0.7","0.039","0.004","11.0","4.0"
"충남","주교면","2020-07-20 10:00","0.002","0.3","0.024","0.004","10.0","4.0"
"충남","홍성읍","2020-07-20 10:00","0.003","0.3","0.067","0.006","8.0","4.0"
"충남","내포","2020-07-20 10:00","0.002","0.4","0.032","0.005","6.0","5.0"
"충남","금산읍","2020-07-20 10:00","0.003","0.3","0.035","0.008","15.0","9.0"
"충남","청양읍","2020-07-20 10:00","0.003","0.3","0.034","0.009","8.0","2.0"
"충남","엄사면","2020-07-20 10:00","0.003","0.5","0.032","0.004","12.0","4.0"
"충남","서천읍","2020-07-20 10:00","0.003","0.3","0.039","0.007","13.0","5.0"
"충남","서면","2020-07-20 10:00","0.003","0.4","0.042","0.004","15.0","4.0"
"충남","장항읍","2020-07-20 10:00","0.003","0.2","0.037","0.008","11.0","2.0"
"대전","읍내동","2020-07-20 10:00","0.001","0.5","0.025","0.017","-1.0","6.0"
"대전","문평동","2020-07-20 10:00","0.002","0.3","0.023","0.014","6.0","1.0"
"대전","문창동","2020-07-20 10:00","0.002","0.4","0.033","0.004","-1.0","1.0"
"대전","구성동","2020-07-20 10:00","0.002","0.4","0.029","0.011","5.0","1.0"
"대전","노은동","2020-07-20 10:00","0.01","0.3","0.034","0.007","-1.0","2.0"
"대전","상대동(대전)","2020-07-20 10:00","0.002","0.3","0.037","0.005","4.0","3.0"
"대전","대흥동1","2020-07-20 10:00","0.004","0.2","0.014","0.02","6.0","-1.0"
"대전","성남동1","2020-07-20 10:00","0.002","0.4","0.035","0.008","6.0","2.0"
"대전","대성동","2020-07-20 10:00","-1.0","0.4","0.026","0.01","-1.0","4.0"
"대전","정림동","2020-07-20 10:00","0.002","0.4","0.032","0.005","-1.0","3.0"
"대전","둔산동","2020-07-20 10:00","0.001","0.4","0.029","0.016","3.0","-1.0"
"대전","월평동","2020-07-20 10:00","0.002","0.5","0.034","0.006","-1.0","11.0"
"충북","송정동(봉명동)","2020-07-20 10:00","0.002","0.4","0.025","0.014","7.0","6.0"
"충북","사천동","2020-07-20 10:00","0.002","0.3","0.029","0.005","6.0","5.0"
"충북","용담동","2020-07-20 10:00","0.003","0.2","0.022","0.011","9.0","3.0"
"충북","용암동","2020-07-20 10:00","0.003","0.4","0.02","0.008","13.0","-1.0"
"충북","복대동","2020-07-20 10:00","0.003","0.2","0.017","0.018","4.0","1.0"
"충북","호암동","2020-07-20 10:00","0.002","0.4","0.028","0.004","5.0","4.0"
"충북","칠금동","2020-07-20 10:00","0.003","0.3","0.014","0.022","7.0","6.0"
"충북","중앙탑면","2020-07-20 10:00","0.003","0.5","0.032","0.006","24.0","11.0"
"충북","살미면","2020-07-20 10:00","0.003","0.4","0.029","0.005","36.0","11.0"
"충북","장락동","2020-07-20 10:00","0.002","0.6","0.024","0.006","-1.0","17.0"
"충북","영천동","2020-07-20 10:00","0.003","0.3","0.029","0.007","9.0","7.0"
"충북","청풍면","2020-07-20 10:00","-1.0","0.4","0.019","0.005","9.0","6.0"
"충북","오창읍","2020-07-20 10:00","0.004","0.3","0.029","0.01","-1.0","6.0"
"충북","산남동","2020-07-20 10:00","0.002","0.2","0.026","0.009","-1.0","2.0"
"충북","오송읍","2020-07-20 10:00","0.003","0.2","0.021","0.008","5.0","1.0"
"충북","가덕면","2020-07-20 10:00","0.003","0.3","0.026","0.007","5.0","2.0"
"충북","매포읍","2020-07-20 10:00","0.003","0.3","0.016","0.003","-1.0","12.0"
"충북","단성면","2020-07-20 10:00","0.001","0.2","0.02","0.003","12.0","10.0"
"충북","단양읍","2020-07-20 10:00","0.003","0.0","0.015","0.007","17.0","10.0"
"충북","청천면","2020-07-20 10:00","-1.0","-1.0","-1.0","-1.0","-1.0","-1.0"
"충북","괴산읍","2020-07-20 10:00","0.003","0.4","0.035","0.003","10.0","7.0"
"충북","감물면","2020-07-20 10:00","-1.0","0.3","0.037","0.004","6.0","5.0"
"충북","진천읍","2020-07-20 10:00","0.002","0.4","0.029","0.007","-1.0","7.0"
"충북","덕산읍","2020-07-20 10:00","0.002","0.4","0.032","0.006","9.0","0.0"
"충북","금왕","2020-07-20 10:00","0.002","0.3","0.034","0.006","13.0","3.0"
"충북","음성읍","2020-07-20 10:00","0.003","0.3","0.036","0.004","6.0","5.0"
"충북","소이면","2020-07-20 10:00","-1.0","0.3","0.028","0.005","11.0","1.0"
"충북","영동읍","2020-07-20 10:00","0.004","0.3","0.023","0.006","11.0","9.0"
"충북","증평읍","2020-07-20 10:00","0.002","0.3","0.026","0.006","22.0","2.0"
"충북","보은읍","2020-07-20 10:00","-1.0","0.4","0.034","0.007","8.0","7.0"
"충북","옥천읍","2020-07-20 10:00","0.003","0.4","0.027","0.009","11.0","5.0"
"세종","신흥동","2020-07-20 10:00","0.002","0.4","0.033","0.008","6.0","1.0"
"세종","아름동","2020-07-20 10:00","0.002","0.5","0.035","0.007","5.0","-1.0"
"세종","한솔동","2020-07-20 10:00","0.003","0.6","0.031","0.012","4.0","1.0"
"세종","부강면","2020-07-20 10:00","0.002","0.5","0.033","0.007","6.0","4.0"
"부산","광복동","2020-07-20 10:00","0.002","0.3","0.016","0.006","22.0","9.0"
"부산","초량동","2020-07-20 10:00","0.003","0.3","0.01","0.013","25.0","8.0"
"부산","태종대","2020-07-20 10:00","0.003","0.2","0.008","0.008","25.0","9.0"
"부산","청학동","2020-07-20 10:00","0.003","0.2","0.013","0.007","17.0","3.0"
"부산","전포동","2020-07-20 10:00","0.003","0.1","0.01","0.011","34.0","7.0"
"부산","온천동","2020-07-20 10:00","0.004","0.3","0.008","0.016","21.0","10.0"
"부산","명장동","2020-07-20 10:00","-1.0","-1.0","0.016","0.007","26.0","15.0"
"부산","대연동","2020-07-20 10:00","0.004","0.4","0.008","0.009","30.0","11.0"
"부산","학장동","2020-07-20 10:00","0.004","0.2","0.019","0.006","31.0","14.0"
"부산","덕천동","2020-07-20 10:00","-1.0","0.3","0.014","0.009","36.0","14.0"
"부산","화명동","2020-07-20 10:00","-1.0","-1.0","0.015","0.009","30.0","10.0"
"부산","청룡동","2020-07-20 10:00","-1.0","-1.0","0.022","0.003","28.0","10.0"
"부산","좌동","2020-07-20 10:00","0.003","0.2","0.007","0.008","21.0","8.0"
"부산","재송동","2020-07-20 10:00","0.003","0.2","0.042","0.006","20.0","5.0"
"부산","장림동","2020-07-20 10:00","0.003","0.2","0.014","0.005","31.0","14.0"
"부산","대저동","2020-07-20 10:00","0.002","0.2","0.015","0.007","15.0","11.0"
"부산","녹산동","2020-07-20 10:00","0.004","0.3","0.018","0.004","28.0","8.0"
"부산","연산동","2020-07-20 10:00","0.002","0.3","0.012","0.012","28.0","6.0"
"부산","기장읍","2020-07-20 10:00","-1.0","0.2","0.02","0.004","40.0","16.0"
"부산","용수리","2020-07-20 10:00","0.002","0.2","0.024","0.007","19.0","8.0"
"부산","수정동","2020-07-20 02:00","0.002","0.2","0.035","0.004","25.0","5.0"
"부산","부곡동","2020-07-20 10:00","0.002","0.3","0.02","0.01","26.0","8.0"
"부산","광안동","2020-07-20 10:00","-1.0","-1.0","0.013","0.008","29.0","12.0"
"부산","대신동","2020-07-20 10:00","0.004","0.3","0.01","0.009","35.0","16.0"
"부산","덕포동","2020-07-20 10:00","0.003","0.3","0.012","0.012","30.0","8.0"
"부산","개금동","2020-07-20 10:00","0.003","0.3","0.016","0.008","17.0","2.0"
"부산","당리동","2020-07-20 10:00","0.003","0.3","0.015","0.009","29.0","5.0"
"부산","부산북항","2020-07-20 10:00","0.005","0.2","0.01","0.01","24.0","6.0"
"부산","부산신항","2020-07-20 10:00","0.003","0.2","0.022","0.012","16.0","7.0"
"울산","대송동","2020-07-20 10:00","0.002","0.2","0.015","0.008","22.0","15.0"
"울산","성남동","2020-07-20 10:00","0.002","0.2","0.022","0.008","20.0","5.0"
"울산","부곡동(울산)","2020-07-20 10:00","0.003","0.5","0.018","0.011","30.0","7.0"
"울산","여천동(울산)","2020-07-20 10:00","0.009","0.4","0.016","0.014","24.0","7.0"
"울산","야음동","2020-07-20 10:00","0.001","0.3","0.021","0.009","-1.0","7.0"
"울산","삼산동","2020-07-20 10:00","0.003","0.4","0.015","0.011","19.0","17.0"
"울산","신정로","2020-07-20 10:00","0.003","0.6","0.016","0.006","17.0","3.0"
"울산","신정동","2020-07-20 10:00","0.002","0.6","0.02","0.008","17.0","8.0"
"울산","덕신리","2020-07-20 10:00","0.002","0.5","0.02","0.005","30.0","3.0"
"울산","무거동","2020-07-20 10:00","0.002","0.3","0.022","0.008","20.0","6.0"
"울산","효문동","2020-07-20 10:00","0.002","0.3","0.014","0.019","28.0","6.0"
"울산","화산리","2020-07-20 10:00","0.004","0.6","0.013","0.011","38.0","20.0"
"울산","상남리","2020-07-20 10:00","0.002","0.1","0.019","0.009","20.0","-1.0"
"울산","농소동","2020-07-20 10:00","0.002","0.5","0.019","0.008","11.0","8.0"
"울산","삼남면","2020-07-19 21:00","-1.0","0.1","0.003","0.001","-1.0","-1.0"
"울산","약사동","2020-07-20 10:00","0.002","-1.0","0.021","0.009","16.0","14.0"
"울산","웅촌면","2020-07-20 10:00","0.002","0.4","0.019","0.008","17.0","11.0"
"울산","전하동","2020-07-20 10:00","0.002","0.3","0.012","0.008","31.0","7.0"
"대구","수창동","2020-07-20 10:00","0.004","0.3","0.032","0.007","30.0","16.0"
"대구","지산동","2020-07-20 10:00","0.003","0.3","0.03","0.003","18.0","3.0"
"대구","서호동","2020-07-20 10:00","0.001","0.1","0.027","0.007","23.0","12.0"
"대구","이현동","2020-07-20 10:00","0.002","0.5","0.029","0.01","26.0","13.0"
"대구","평리동","2020-07-20 10:00","0.002","0.6","0.023","0.014","37.0","16.0"
"대구","대명동","2020-07-20 10:00","0.001","0.2","0.028","0.007","23.0","14.0"
"대구","노원동","2020-07-20 10:00","0.002","0.4","0.03","0.009","37.0","21.0"
"대구","신암동","2020-07-20 10:00","0.002","0.2","0.021","0.015","40.0","12.0"
"대구","태전동","2020-07-20 10:00","0.003","0.4","0.029","0.008","32.0","10.0"
"대구","만촌동","2020-07-20 10:00","0.002","0.3","0.027","0.008","22.0","12.0"
"대구","호림동","2020-07-20 10:00","0.002","0.3","0.027","0.006","20.0","12.0"
"대구","유가읍","2020-07-20 10:00","0.001","0.1","0.021","0.006","20.0","10.0"
"대구","이곡동","2020-07-20 10:00","0.002","0.6","0.022","0.012","17.0","13.0"
"대구","시지동","2020-07-20 10:00","0.001","0.3","0.028","0.003","30.0","4.0"
"대구","진천동","2020-07-20 10:00","0.001","0.2","0.031","0.005","25.0","17.0"
"대구","다사읍","2020-07-20 10:00","-1.0","-1.0","-1.0","-1.0","21.0","10.0"
"대구","본동","2020-07-20 10:00","0.001","0.3","0.028","0.006","24.0","18.0"
"경북","장흥동","2020-07-20 10:00","0.004","0.1","0.017","0.012","22.0","7.0"
"경북","장량동","2020-07-20 10:00","0.002","0.3","0.019","0.013","22.0","8.0"
"경북","대도동","2020-07-20 10:00","0.003","0.1","0.024","0.008","27.0","6.0"
"경북","대송면","2020-07-20 10:00","0.003","0.2","0.021","0.004","14.0","6.0"
"경북","3공단","2020-07-20 10:00","0.003","0.3","0.019","0.007","20.0","6.0"
"경북","송도동","2020-07-20 10:00","0.003","0.1","0.02","0.008","23.0","8.0"
"경북","오천읍","2020-07-20 10:00","0.003","0.0","0.024","0.014","30.0","13.0"
"경북","청림동","2020-07-20 10:00","0.004","0.5","0.02","0.011","34.0","12.0"
"경북","성건동","2020-07-20 10:00","0.003","0.2","0.015","0.012","27.0","13.0"
"경북","보덕동","2020-07-20 10:00","0.003","0.2","0.027","0.004","17.0","7.0"
"경북","안강읍","2020-07-20 10:00","0.003","0.2","0.018","0.008","13.0","6.0"
"경북","외동읍","2020-07-20 10:00","0.003","0.2","0.025","0.006","16.0","9.0"
"경북","문당동","2020-07-20 10:00","0.002","0.5","0.005","0.013","40.0","17.0"
"경북","대광동","2020-07-20 10:00","0.003","0.2","0.008","0.016","38.0","30.0"
"경북","율곡동","2020-07-20 10:00","0.002","0.4","0.009","0.018","17.0","6.0"
"경북","명륜동","2020-07-20 10:00","0.002","0.2","0.021","0.008","18.0","9.0"
"경북","공단동","2020-07-20 10:00","0.003","0.3","0.016","0.017","26.0","13.0"
"경북","원평동","2020-07-20 10:00","0.002","0.4","0.032","0.009","14.0","13.0"
"경북","형곡동","2020-07-20 10:00","0.003","0.4","0.026","0.006","28.0","7.0"
"경북","4공단","2020-07-20 10:00","0.003","0.3","0.025","0.008","21.0","11.0"
"경북","가흥동","2020-07-20 10:00","0.003","0.4","0.005","0.012","17.0","15.0"
"경북","중방동","2020-07-20 10:00","0.003","0.2","0.028","0.004","18.0","16.0"
"경북","상주시","2020-07-20 10:00","0.003","0.3","0.005","0.012","-1.0","-1.0"
"경북","칠곡군","2020-07-20 10:00","0.003","0.1","0.029","0.006","24.0","12.0"
"경북","영덕읍","2020-07-20 10:00","0.002","0.2","0.022","0.006","24.0","10.0"
"경북","문경시","2020-07-20 10:00","0.003","0.3","0.005","0.013","17.0","10.0"
"경북","성주군","2020-07-20 10:00","0.002","0.1","0.028","0.006","25.0","15.0"
"경북","지품면","2020-07-20 10:00","-1.0","-1.0","-1.0","-1.0","-1.0","-1.0"
"경북","화북면","2020-07-20 10:00","0.0","0.0","0.017","0.002","27.0","8.0"
"경북","영천시","2020-07-20 10:00","0.003","0.3","0.031","0.005","18.0","11.0"
"경북","안계면","2020-07-20 10:00","0.002","0.3","0.017","0.007","15.0","13.0"
"경북","의성읍","2020-07-20 10:00","0.003","0.3","0.032","0.005","15.0","5.0"
"경북","울진군","2020-07-20 10:00","-1.0","0.3","0.02","0.005","25.0","3.0"
"경북","석포면","2020-07-20 10:00","0.003","0.2","0.07","0.009","11.0","10.0"
"경북","태하리","2020-07-20 10:00","0.001","0.2","0.02","0.002","15.0","8.0"
"경북","울릉읍","2020-07-20 10:00","-1.0","0.2","0.018","0.003","28.0","18.0"
"경북","대가야읍","2020-07-20 10:00","-1.0","-1.0","-1.0","-1.0","-1.0","-1.0"
"경북","군위읍","2020-07-20 10:00","0.002","0.3","0.032","0.006","20.0","10.0"
"경북","영양군","2020-07-20 10:00","0.002","0.2","0.027","0.006","19.0","4.0"
"경북","예천군","2020-07-20 10:00","0.002","0.2","0.026","0.007","21.0","13.0"
"경북","화양읍","2020-07-20 10:00","-1.0","0.2","0.035","0.003","11.0","6.0"
"경북","청송읍","2020-07-20 10:00","0.003","0.2","0.036","0.003","25.0","7.0"
"경남","회원동","2020-07-20 10:00","-1.0","-1.0","-1.0","-1.0","-1.0","-1.0"
"경남","봉암동","2020-07-20 10:00","0.002","0.2","0.013","0.013","23.0","11.0"
"경남","상봉동","2020-07-20 10:00","0.003","0.4","0.023","0.009","19.0","9.0"
"경남","대안동","2020-07-20 10:00","0.003","0.3","0.028","0.008","25.0","-1.0"
"경남","상대동","2020-07-20 10:00","0.003","0.3","0.022","0.011","25.0","11.0"
"경남","명서동","2020-07-20 10:00","0.003","0.4","0.02","0.01","22.0","9.0"
"경남","웅남동","2020-07-20 10:00","0.003","0.3","0.022","0.004","28.0","10.0"
"경남","성주동","2020-07-20 10:00","0.002","0.2","0.022","0.006","9.0","-1.0"
"경남","용지동","2020-07-20 10:00","0.002","0.5","0.026","0.006","31.0","4.0"
"경남","반송로","2020-07-20 10:00","0.003","0.2","0.018","0.007","25.0","9.0"
"경남","사파동","2020-07-20 10:00","0.003","0.2","0.019","0.005","28.0","12.0"
"경남","경화동","2020-07-20 10:00","0.003","0.3","0.017","0.005","33.0","18.0"
"경남","월영동","2020-07-20 10:00","0.002","0.3","0.018","0.009","27.0","11.0"
"경남","하동읍","2020-07-20 10:00","0.002","0.3","0.03","0.005","16.0","-1.0"
"경남","동상동","2020-07-20 10:00","0.003","0.2","0.024","0.006","47.0","4.0"
"경남","삼방동","2020-07-20 10:00","0.002","0.2","0.011","0.017","23.0","6.0"
"경남","장유동","2020-07-20 10:00","0.002","0.3","0.018","0.005","25.0","12.0"
"경남","진영읍","2020-07-20 10:00","0.002","0.2","0.029","0.005","21.0","8.0"
"경남","저구리","2020-07-20 10:00","0.001","0.1","0.01","0.004","20.0","1.0"
"경남","아주동","2020-07-20 10:00","0.002","0.4","0.019","0.002","20.0","7.0"
"경남","사천읍","2020-07-20 10:00","0.003","0.3","0.026","0.006","23.0","12.0"
"경남","대산면","2020-07-20 10:00","0.001","0.4","0.019","0.004","26.0","15.0"
"경남","북부동","2020-07-20 10:00","0.004","0.2","0.008","0.014","41.0","12.0"
"경남","삼호동","2020-07-20 10:00","0.002","0.3","0.021","0.007","26.0","13.0"
"경남","내일동","2020-07-20 10:00","-1.0","-1.0","-1.0","-1.0","-1.0","-1.0"
"경남","무전동","2020-07-20 10:00","0.003","0.1","0.017","0.008","26.0","5.0"
"경남","고성읍","2020-07-20 10:00","0.003","0.2","0.019","0.006","19.0","6.0"
"경남","거창읍","2020-07-20 10:00","-1.0","0.3","0.024","0.011","14.0","5.0"
"경남","가야읍","2020-07-20 10:00","0.002","0.3","0.031","0.004","16.0","6.0"
"경남","함양읍","2020-07-20 10:00","0.002","0.3","0.032","0.005","6.0","4.0"
"경남","남해읍","2020-07-20 10:00","0.002","0.5","0.025","0.005","16.0","9.0"
"경남","산청읍","2020-07-20 10:00","0.002","0.3","0.029","0.007","15.0","9.0"
"경남","남상면","2020-07-20 10:00","0.002","0.3","0.023","0.005","9.0","5.0"
"경남","의령읍","2020-07-20 10:00","0.002","0.2","0.03","0.003","20.0","10.0"
"경남","창녕읍","2020-07-20 10:00","0.003","0.2","0.028","0.007","23.0","12.0"
"경남","합천읍","2020-07-20 10:00","0.003","0.3","0.029","0.006","29.0","14.0"
"전남","용당동","2020-07-20 10:00","0.003","0.5","0.039","0.005","8.0","4.0"
"전남","부흥동","2020-07-20 10:00","0.003","0.3","0.025","0.006","4.0","2.0"
"전남","서강동","2020-07-20 10:00","0.002","0.3","0.015","0.004","27.0","6.0"
"전남","월내동","2020-07-20 10:00","0.002","0.5","0.023","0.006","19.0","8.0"
"전남","문수동","2020-07-20 10:00","0.002","0.4","0.021","0.008","33.0","-1.0"
"전남","여천동(여수)","2020-07-20 10:00","0.002","0.4","0.02","0.006","16.0","8.0"
"전남","덕충동","2020-07-20 10:00","0.002","0.4","0.014","0.008","35.0","8.0"
"전남","장천동","2020-07-20 10:00","0.003","0.3","0.023","0.01","9.0","2.0"
"전남","연향동","2020-07-20 10:00","0.004","0.3","0.028","0.006","9.0","-1.0"
"전남","순천만","2020-07-20 10:00","0.002","0.1","0.027","0.002","4.0","-1.0"
"전남","호두리","2020-07-20 10:00","-1.0","0.1","0.024","0.002","11.0","6.0"
"전남","신대","2020-07-20 10:00","0.003","0.2","0.039","0.004","13.0","4.0"
"전남","빛가람동","2020-07-20 10:00","0.003","0.2","0.037","0.005","12.0","6.0"
"전남","담양읍","2020-07-20 10:00","0.003","0.3","0.016","0.006","17.0","1.0"
"전남","장성읍","2020-07-20 10:00","0.004","0.5","0.028","0.004","13.0","3.0"
"전남","화양면","2020-07-20 10:00","0.003","0.4","0.029","0.003","15.0","8.0"
"전남","율촌면","2020-07-20 10:00","0.001","0.6","0.025","0.003","19.0","8.0"
"전남","삼일동","2020-07-20 10:00","0.002","0.3","0.018","0.006","23.0","10.0"
"전남","중동","2020-07-20 10:00","-1.0","-1.0","-1.0","-1.0","-1.0","-1.0"
"전남","태인동","2020-07-20 10:00","0.004","0.2","0.01","0.017","26.0","18.0"
"전남","진상면","2020-07-20 10:00","0.002","0.2","0.032","0.008","16.0","11.0"
"전남","광양읍","2020-07-20 10:00","0.002","0.3","0.022","0.008","5.0","4.0"
"전남","해남읍","2020-07-20 10:00","0.003","0.4","0.025","0.008","38.0","12.0"
"전남","나불리","2020-07-20 10:00","0.003","0.3","0.021","0.008","47.0","36.0"
"전남","송단리","2020-07-20 10:00","0.003","0.2","0.032","0.003","7.0","4.0"
"전남","화순읍","2020-07-20 10:00","0.002","0.4","0.024","0.006","13.0","5.0"
"전남","영광읍","2020-07-20 10:00","0.003","0.4","0.035","0.006","6.0","3.0"
"전남","장흥읍","2020-07-20 10:00","0.003","0.4","0.035","0.006","14.0","13.0"
"전남","진도읍","2020-07-20 10:00","0.002","0.4","0.029","0.003","16.0","1.0"
"전남","신지면","2020-07-20 10:00","0.001","0.5","0.016","0.006","29.0","11.0"
"전남","함평읍","2020-07-20 10:00","0.001","0.5","0.022","0.005","14.0","6.0"
"전남","고흥읍","2020-07-20 10:00","0.002","0.4","0.041","0.003","6.0","-1.0"
"전남","신안군","2020-07-20 10:00","0.004","0.3","0.042","0.003","13.0","4.0"
"전남","무안읍","2020-07-20 10:00","0.003","0.4","0.03","0.004","26.0","9.0"
"전남","곡성읍","2020-07-20 10:00","0.002","0.5","0.024","0.004","7.0","1.0"
"전남","구례읍","2020-07-20 10:00","0.003","0.5","0.023","0.005","12.0","6.0"
"전남","벌교읍","2020-07-20 10:00","0.002","0.8","0.016","0.002","7.0","-1.0"
"전북","노송동","2020-07-20 10:00","0.002","0.4","0.065","0.006","-1.0","6.0"
"전북","삼천동","2020-07-20 10:00","0.002","0.4","0.071","0.006","4.0","1.0"
"전북","팔복동","2020-07-20 10:00","0.003","0.5","-1.0","0.012","4.0","4.0"
"전북","송천동","2020-07-20 10:00","0.003","0.3","0.029","0.01","10.0","7.0"
"전북","서신동","2020-07-20 10:00","0.003","0.7","-1.0","0.018","12.0","9.0"
"전북","혁신동","2020-07-20 10:00","0.003","0.5","0.035","0.008","11.0","5.0"
"전북","신풍동(군산)","2020-07-20 10:00","0.002","0.3","0.034","0.002","10.0","5.0"
"전북","소룡동","2020-07-20 10:00","0.002","0.3","0.036","0.006","11.0","3.0"
"전북","개정동","2020-07-20 10:00","0.003","0.4","0.035","0.005","8.0","-1.0"
"전북","옥산면","2020-07-20 10:00","0.004","0.3","0.039","0.003","6.0","5.0"
"전북","비응도동","2020-07-20 10:00","0.003","0.3","0.037","0.006","11.0","10.0"
"전북","삼기면","2020-07-20 10:00","0.003","0.3","0.035","0.005","5.0","2.0"
"전북","팔봉동","2020-07-20 10:00","0.001","0.4","0.034","0.009","2.0","1.0"
"전북","모현동","2020-07-20 10:00","-1.0","-1.0","-1.0","-1.0","-1.0","-1.0"
"전북","용동면","2020-07-20 10:00","0.002","0.3","0.038","0.004","6.0","3.0"
"전북","함열읍","2020-07-20 10:00","0.002","0.3","0.029","0.005","3.0","-1.0"
"전북","연지동","2020-07-20 10:00","0.003","0.3","0.026","0.007","9.0","-1.0"
"전북","신태인","2020-07-20 10:00","0.002","0.3","0.029","0.013","2.0","-1.0"
"전북","죽항동","2020-07-20 10:00","0.002","0.2","0.022","0.01","9.0","7.0"
"전북","고창읍","2020-07-20 10:00","-1.0","0.1","0.036","0.005","9.0","6.0"
"전북","심원면","2020-07-20 10:00","0.003","0.2","0.037","0.003","4.0","4.0"
"전북","부안읍","2020-07-20 10:00","0.003","0.6","0.037","0.008","-1.0","3.0"
"전북","새만금","2020-07-20 10:00","0.001","0.7","0.033","0.002","10.0","3.0"
"전북","요촌동","2020-07-20 10:00","0.001","0.4","0.035","0.008","9.0","-1.0"
"전북","고산면","2020-07-20 10:00","0.002","0.5","0.032","0.007","-1.0","1.0"
"전북","봉동읍","2020-07-20 10:00","0.001","0.5","0.028","0.012","6.0","6.0"
"전북","진안읍","2020-07-20 10:00","0.002","0.2","0.023","0.008","12.0","4.0"
"전북","운암면","2020-07-20 10:00","0.0","1.0","0.019","0.003","6.0","-1.0"
"전북","임실읍","2020-07-20 10:00","0.003","0.4","0.032","0.002","8.0","5.0"
"전북","무주읍","2020-07-20 10:00","-1.0","0.3","0.029","0.005","4.0","-1.0"
"전북","순창읍","2020-07-20 10:00","0.003","0.3","0.028","0.007","7.0","6.0"
"전북","장수읍","2020-07-20 10:00","-1.0","0.3","0.037","0.005","8.0","5.0"
"제주","이도동","2020-07-20 10:00","0.001","0.1","0.02","0.008","13.0","-1.0"
"제주","연동","2020-07-20 10:00","0.001","0.2","0.02","0.006","8.0","1.0"
"제주","동홍동","2020-07-20 10:00","-1.0","0.0","0.012","0.005","9.0","6.0"
"제주","성산읍","2020-07-20 10:00","-1.0","0.0","0.013","0.003","10.0","8.0"
"제주","남원읍","2020-07-20 10:00","0.001","0.3","0.012","0.003","17.0","6.0"
"제주","대정읍","2020-07-20 10:00","0.001","0.1","0.016","0.003","11.0","3.0"
"제주","노형로","2020-07-20 10:00","0.001","0.3","0.015","0.01","9.0","3.0"
"제주","고산리","2020-07-20 10:00","-1.0","-1.0","-1.0","-1.0","-1.0","5.0"
"서울","중구","2020-07-20 10:00","0.002","0.5","0.011","0.023","9.0","6.0"
"서울","한강대로","2020-07-20 10:00","0.003","0.5","0.01","0.023","38.0","11.0"
"서울","종로구","2020-07-20 10:00","0.003","0.4","0.021","0.013","8.0","5.0"
"서울","청계천로","2020-07-20 10:00","0.003","0.6","0.017","0.015","12.0","8.0"
"서울","종로","2020-07-20 10:00","0.002","0.4","0.016","0.016","11.0","9.0"
"서울","용산구","2020-07-20 10:00","0.003","0.3","0.02","0.01","7.0","4.0"
"서울","광진구","2020-07-20 10:00","0.003","0.4","0.026","0.012","9.0","3.0"
"서울","성동구","2020-07-20 10:00","0.002","0.4","0.015","0.013","9.0","6.0"
"서울","강변북로","2020-07-20 10:00","0.003","0.8","0.017","0.019","7.0","5.0"
"서울","중랑구","2020-07-20 10:00","0.002","0.4","0.018","0.018","10.0","6.0"
"서울","동대문구","2020-07-20 10:00","0.002","0.4","0.024","0.012","9.0","3.0"
"서울","홍릉로","2020-07-20 10:00","0.002","0.6","0.009","0.031","18.0","9.0"
"서울","성북구","2020-07-20 10:00","0.002","0.5","0.015","0.022","11.0","4.0"
"서울","정릉로","2020-07-20 10:00","0.003","0.3","0.029","0.015","8.0","6.0"
"서울","도봉구","2020-07-20 10:00","0.002","0.3","0.02","0.01","9.0","3.0"
"서울","은평구","2020-07-20 10:00","0.003","0.5","0.02","0.011","3.0","2.0"
"서울","서대문구","2020-07-20 10:00","0.002","0.3","0.021","0.011","3.0","1.0"
"서울","마포구","2020-07-20 10:00","0.002","0.3","0.019","0.013","6.0","2.0"
"서울","신촌로","2020-07-20 10:00","0.003","0.5","0.011","0.031","11.0","5.0"
"서울","강서구","2020-07-20 10:00","0.002","0.3","0.02","0.012","3.0","3.0"
"서울","공항대로","2020-07-20 10:00","0.004","0.3","0.019","0.018","6.0","4.0"
"서울","구로구","2020-07-20 10:00","0.002","0.3","0.032","0.011","3.0","1.0"
"서울","영등포구","2020-07-20 10:00","0.002","0.3","0.017","0.015","7.0","3.0"
"서울","영등포로","2020-07-20 10:00","0.004","0.8","0.009","0.038","8.0","4.0"
"서울","동작구","2020-07-20 10:00","0.002","0.4","0.02","0.008","9.0","6.0"
"서울","동작대로 중앙차로","2020-07-20 10:00","0.003","0.4","0.027","0.01","5.0","-1.0"
"서울","관악구","2020-07-20 10:00","0.002","0.3","0.021","0.014","11.0","6.0"
"서울","강남구","2020-07-20 10:00","0.002","0.4","0.021","0.014","10.0","7.0"
"서울","서초구","2020-07-20 10:00","0.003","0.3","0.03","0.011","4.0","4.0"
"서울","도산대로","2020-07-20 10:00","0.002","0.7","0.012","0.02","6.0","4.0"
"서울","강남대로","2020-07-20 10:00","0.003","0.8","0.015","0.022","9.0","3.0"
"서울","송파구","2020-07-20 10:00","0.002","0.4","0.019","0.013","6.0","3.0"
"서울","강동구","2020-07-20 10:00","0.003","0.4","0.01","0.02","14.0","8.0"
"서울","천호대로","2020-07-20 10:00","0.003","0.5","0.009","0.03","13.0","7.0"
"서울","금천구","2020-07-20 10:00","0.002","0.4","0.012","0.017","8.0","5.0"
"서울","시흥대로","2020-07-20 10:00","0.003","0.5","0.013","0.019","11.0","5.0"
"서울","강북구","2020-07-20 10:00","0.002","0.3","0.015","0.01","5.0","3.0"
"서울","양천구","2020-07-20 10:00","0.003","0.3","0.018","0.011","-1.0","4.0"
"서울","노원구","2020-07-20 10:00","0.002","0.4","0.017","0.017","10.0","6.0"
"서울","화랑로","2020-07-20 10:00","-1.0","0.3","0.08","0.02","-1.0","-1.0"
"경기","신풍동","2020-07-20 10:00","0.001","0.5","0.024","0.009","11.0","3.0"
"경기","인계동","2020-07-20 10:00","0.003","0.6","0.026","0.012","8.0","4.0"
"경기","광교동","2020-07-20 10:00","0.002","0.4","0.021","0.008","13.0","3.0"
"경기","영통동","2020-07-20 10:00","0.002","0.6","0.027","0.01","11.0","6.0"
"경기","천천동","2020-07-20 10:00","0.002","0.3","0.026","0.008","15.0","3.0"
"경기","경수대로(동수원)","2020-07-20 10:00","0.002","0.6","0.012","0.012","12.0","4.0"
"경기","고색동","2020-07-20 10:00","0.002","0.5","0.023","0.011","11.0","3.0"
"경기","호매실동","2020-07-20 10:00","0.002","0.5","0.018","0.01","8.0","8.0"
"경기","대왕판교로(백현동)","2020-07-20 10:00","0.003","0.6","-1.0","0.018","15.0","3.0"
"경기","단대동","2020-07-20 10:00","0.002","0.4","0.023","0.014","7.0","2.0"
"경기","정자동","2020-07-20 10:00","0.002","0.4","0.02","0.012","10.0","5.0"
"경기","수내동","2020-07-20 10:00","0.002","0.5","0.019","0.016","10.0","4.0"
"경기","성남대로(모란역)","2020-07-20 10:00","0.002","0.7","0.011","0.032","19.0","4.0"
"경기","복정동","2020-07-20 10:00","0.003","0.5","0.016","0.02","42.0","13.0"
"경기","운중동","2020-07-20 10:00","0.003","0.3","0.025","0.008","9.0","3.0"
"경기","상대원동","2020-07-20 10:00","0.002","0.3","0.016","0.019","9.0","2.0"
"경기","의정부동","2020-07-20 10:00","0.004","0.5","0.023","0.015","9.0","6.0"
"경기","의정부1동","2020-07-20 10:00","0.003","0.4","0.021","0.016","8.0","2.0"
"경기","안양6동","2020-07-20 10:00","0.002","0.4","0.03","0.009","17.0","7.0"
"경기","부림동","2020-07-20 10:00","0.003","0.5","0.024","0.011","11.0","4.0"
"경기","호계동","2020-07-20 10:00","0.002","0.3","0.023","0.01","11.0","8.0"
"경기","안양2동","2020-07-20 10:00","0.002","0.5","0.028","0.01","5.0","4.0"
"경기","철산동","2020-07-20 10:00","0.002","0.5","0.024","0.008","3.0","1.0"
"경기","소하동","2020-07-20 10:00","0.001","0.4","0.028","0.007","-1.0","2.0"
"경기","고잔동","2020-07-20 10:00","0.002","0.3","0.019","0.011","5.0","4.0"
"경기","원시동","2020-07-20 10:00","0.006","0.2","0.019","0.012","15.0","1.0"
"경기","본오동","2020-07-20 10:00","0.002","0.4","0.025","0.011","9.0","8.0"
"경기","부곡동1","2020-07-20 10:00","0.004","0.3","0.022","0.008","7.0","1.0"
"경기","대부동","2020-07-20 10:00","0.002","0.3","0.026","0.006","4.0","1.0"
"경기","호수동","2020-07-20 10:00","0.002","0.3","0.023","0.018","4.0","1.0"
"경기","중앙대로(고잔동)","2020-07-20 10:00","0.002","0.3","-1.0","0.013","5.0","3.0"
"경기","별양동","2020-07-20 10:00","0.002","0.5","0.02","0.015","12.0","5.0"
"경기","과천동","2020-07-20 10:00","0.002","0.4","0.024","0.011","2.0","2.0"
"경기","교문동","2020-07-20 10:00","0.003","0.4","0.026","0.008","6.0","0.0"
"경기","동구동","2020-07-20 10:00","0.002","0.3","0.025","0.012","4.0","4.0"
"경기","부곡3동","2020-07-20 10:00","0.002","0.5","0.027","0.005","6.0","4.0"
"경기","고천동","2020-07-20 10:00","0.002","0.4","0.018","0.013","13.0","7.0"
"경기","정왕동","2020-07-20 10:00","0.003","0.4","0.026","0.01","8.0","3.0"
"경기","시화산단","2020-07-20 10:00","0.002","0.4","0.023","0.018","14.0","10.0"
"경기","대야동","2020-07-20 10:00","0.003","0.5","0.025","0.011","5.0","-1.0"
"경기","목감동","2020-07-20 10:00","0.003","0.3","0.026","0.007","6.0","2.0"
"경기","장현동","2020-07-20 10:00","0.003","0.3","0.028","0.007","9.0","-1.0"
"경기","금곡동","2020-07-20 10:00","0.002","0.5","0.018","0.011","16.0","2.0"
"경기","오남읍","2020-07-20 10:00","-1.0","0.4","0.021","0.014","21.0","3.0"
"경기","별내동","2020-07-20 10:00","-1.0","0.4","0.022","0.016","4.0","1.0"
"경기","화도읍","2020-07-20 10:00","-1.0","0.3","0.03","0.009","10.0","4.0"
"경기","경춘로","2020-07-20 10:00","0.002","0.6","0.011","0.026","14.0","10.0"
"경기","비전동","2020-07-20 10:00","0.003","0.3","0.026","0.011","13.0","0.0"
"경기","안중","2020-07-20 10:00","0.003","0.2","0.034","0.004","15.0","5.0"
"경기","평택항","2020-07-20 10:00","0.003","0.5","0.022","0.014","19.0","6.0"
"경기","송북동","2020-07-20 10:00","0.005","0.4","0.033","0.003","20.0","3.0"
"경기","청북읍","2020-07-20 10:00","0.004","0.4","0.028","0.008","14.0","7.0"
"경기","금촌동","2020-07-20 10:00","0.002","0.5","0.02","0.012","3.0","1.0"
"경기","운정","2020-07-20 10:00","0.002","0.4","0.021","0.011","6.0","2.0"
"경기","파주","2020-07-20 10:00","0.001","0.2","0.024","0.004","6.0","-1.0"
"경기","파주읍","2020-07-20 10:00","0.002","0.4","0.022","0.011","6.0","4.0"
"경기","행신동","2020-07-20 10:00","0.003","0.4","0.024","0.012","9.0","2.0"
"경기","식사동","2020-07-20 10:00","0.003","0.4","0.027","0.012","20.0","1.0"
"경기","백마로(마두역)","2020-07-20 10:00","0.003","0.5","0.025","0.022","11.0","6.0"
"경기","신원동","2020-07-20 10:00","0.002","0.3","0.029","0.012","6.0","2.0"
"경기","주엽동","2020-07-20 10:00","0.002","0.4","0.025","0.011","18.0","9.0"
"경기","경안동","2020-07-20 10:00","0.001","0.3","0.025","0.011","9.0","4.0"
"경기","오포읍","2020-07-20 10:00","0.002","0.3","0.028","0.007","6.0","5.0"
"경기","김량장동","2020-07-20 10:00","0.002","0.3","-1.0","0.007","9.0","2.0"
"경기","수지","2020-07-20 10:00","0.001","0.5","0.022","0.011","7.0","1.0"
"경기","기흥","2020-07-20 10:00","0.002","0.5","0.023","0.013","10.0","-1.0"
"경기","중부대로(구갈동)","2020-07-20 10:00","0.002","0.4","-1.0","0.018","14.0","6.0"
"경기","모현읍","2020-07-20 10:00","0.002","0.4","0.033","0.004","8.0","2.0"
"경기","이동읍","2020-07-20 10:00","0.002","0.1","0.027","0.006","14.0","4.0"
"경기","백암면","2020-07-20 10:00","0.001","0.4","0.035","0.004","9.0","4.0"
"경기","설성면","2020-07-20 10:00","0.001","-1.0","0.035","0.003","8.0","6.0"
"경기","창전동","2020-07-20 10:00","0.004","0.4","0.034","0.004","16.0","1.0"
"경기","장호원읍","2020-07-20 10:00","0.003","0.3","0.034","0.004","4.0","-1.0"
"경기","부발읍","2020-07-20 10:00","0.005","0.4","0.033","0.006","16.0","8.0"
"경기","관인면","2020-07-20 10:00","0.001","-1.0","0.029","0.005","5.0","-1.0"
"경기","선단동","2020-07-20 10:00","0.003","0.4","0.015","0.013","9.0","1.0"
"경기","일동면","2020-07-20 10:00","0.002","0.3","0.029","0.005","12.0","4.0"
"경기","사우동","2020-07-20 10:00","0.004","0.3","0.022","0.007","6.0","-1.0"
"경기","고촌읍","2020-07-20 10:00","0.004","0.3","0.023","0.011","8.0","2.0"
"경기","월곶면","2020-07-20 10:00","0.002","0.3","0.031","0.006","5.0","2.0"
"경기","한강신도시","2020-07-20 10:00","0.003","0.3","0.026","0.009","14.0","6.0"
"경기","한강로","2020-07-20 10:00","0.003","0.4","0.027","0.009","11.0","4.0"
"경기","당동","2020-07-20 10:00","0.003","0.4","0.023","0.015","9.0","9.0"
"경기","산본동","2020-07-20 10:00","0.003","0.4","0.025","0.009","9.0","6.0"
"경기","오산동","2020-07-20 10:00","0.002","0.3","0.018","0.009","5.0","0.0"
"경기","금암로(신장동)","2020-07-20 10:00","0.002","0.2","0.025","0.007","9.0","4.0"
"경기","신장동","2020-07-20 10:00","0.001","0.3","0.019","0.01","4.0","0.0"
"경기","남양읍","2020-07-20 10:00","0.005","0.3","0.026","0.011","11.0","3.0"
"경기","향남읍","2020-07-20 10:00","0.01","0.3","0.029","0.007","11.0","-1.0"
"경기","동탄","2020-07-20 10:00","0.003","0.3","0.031","0.007","10.0","5.0"
"경기","우정읍","2020-07-20 10:00","0.002","0.3","0.029","0.004","8.0","7.0"
"경기","청계동","2020-07-20 10:00","0.003","0.4","0.029","0.011","13.0","4.0"
"경기","새솔동","2020-07-20 10:00","0.003","0.4","0.025","0.005","6.0","2.0"
"경기","봉담읍","2020-07-20 10:00","0.003","0.4","0.028","0.007","7.0","7.0"
"경기","서신면","2020-07-20 10:00","0.002","0.3","0.028","0.005","7.0","5.0"
"경기","백석읍","2020-07-20 10:00","0.002","0.4","0.027","0.008","4.0","0.0"
"경기","고읍","2020-07-20 10:00","0.003","0.3","0.028","0.01","1.0","1.0"
"경기","보산동","2020-07-20 10:00","0.004","0.3","0.023","0.01","1.0","-1.0"
"경기","봉산동","2020-07-20 10:00","0.002","0.5","0.028","0.008","4.0","2.0"
"경기","공도읍","2020-07-20 10:00","0.001","0.3","0.032","0.004","3.0","1.0"
"인천","신흥","2020-07-20 10:00","0.003","0.3","0.013","0.018","5.0","2.0"
"인천","서해","2020-07-20 10:00","0.002","0.5","0.011","0.022","8.0","4.0"
"인천","송림","2020-07-20 10:00","0.003","0.5","0.012","0.02","10.0","3.0"
"인천","구월동","2020-07-20 10:00","0.003","0.5","0.019","0.011","7.0","-1.0"
"인천","숭의","2020-07-20 10:00","0.002","0.4","0.018","0.011","-1.0","-1.0"
"인천","석바위","2020-07-20 10:00","0.003","0.4","0.022","0.016","4.0","4.0"
"인천","부평역","2020-07-20 10:00","0.004","0.4","0.009","0.013","24.0","13.0"
"인천","남동","2020-07-20 10:00","0.003","0.5","0.022","0.013","7.0","1.0"
"인천","부평","2020-07-20 10:00","0.003","0.4","0.017","0.012","10.0","2.0"
"인천","연희","2020-07-20 10:00","0.003","0.4","0.017","0.015","9.0","3.0"
"인천","검단","2020-07-20 10:00","0.003","0.4","0.013","0.017","10.0","5.0"
"인천","계산","2020-07-20 10:00","0.002","0.6","0.022","0.012","-1.0","-1.0"
"인천","고잔","2020-07-20 10:00","-1.0","-1.0","-1.0","-1.0","-1.0","-1.0"
"인천","석남","2020-07-20 10:00","0.002","0.4","0.024","0.016","10.0","5.0"
"인천","송해","2020-07-20 10:00","-1.0","-1.0","-1.0","-1.0","-1.0","-1.0"
"인천","동춘","2020-07-20 10:00","0.003","0.4","0.014","0.011","-1.0","-1.0"
"인천","운서","2020-07-20 10:00","0.002","0.3","0.016","0.008","4.0","-1.0"
"인천","송현","2020-07-20 10:00","0.003","0.3","0.014","0.017","7.0","4.0"
"인천","논현","2020-07-20 10:00","0.002","0.4","0.015","0.014","7.0","3.0"
"인천","청라","2020-07-20 10:00","0.005","0.4","0.018","0.014","-1.0","-1.0"
"인천","송도","2020-07-20 10:00","0.002","0.4","0.024","0.008","7.0","1.0"
"인천","원당","2020-07-20 10:00","0.003","0.4","0.018","0.012","8.0","3.0"
"인천","길상","2020-07-20 10:00","0.004","0.3","0.029","0.004","5.0","2.0"
"인천","삼산","2020-07-20 10:00","0.002","0.4","0.019","0.011","5.0","3.0"
"인천","석모리","2020-07-20 10:00","0.001","0.6","0.026","0.001","16.0","2.0"
"인천","덕적도","2020-07-20 10:00","0.001","0.4","0.027","0.001","4.0","-1.0"
"인천","백령도","2020-07-20 10:00","0.004","0.8","0.037","0.004","-1.0","-1.0"
"인천","영흥","2020-07-20 10:00","0.003","0.3","0.031","0.004","3.0","-1.0"
"강원","중앙로","2020-07-20 10:00","-1.0","0.3","0.032","0.005","11.0","10.0"
"강원","석사동","2020-07-20 08:00","0.001","0.4","0.028","0.004","25.0","8.0"
"강원","신사우동","2020-07-20 10:00","-1.0","0.5","0.035","0.004","2.0","-1.0"
"강원","온의동","2020-07-20 10:00","-1.0","0.4","0.023","0.011","17.0","3.0"
"강원","방산면","2020-07-20 10:00","-1.0","-1.0","-1.0","-1.0","8.0","6.0"
"강원","양구읍","2020-07-20 10:00","-1.0","0.5","0.036","0.005","6.0","1.0"
"강원","중앙동(원주)","2020-07-20 10:00","0.002","0.5","0.026","0.011","8.0","-1.0"
"강원","반곡동","2020-07-20 10:00","0.002","0.3","0.024","0.005","10.0","4.0"
"강원","문막읍","2020-07-20 10:00","-1.0","0.3","0.027","0.005","11.0","2.0"
"강원","옥천동","2020-07-20 10:00","0.003","0.5","0.016","0.019","36.0","-1.0"
"강원","천곡동","2020-07-20 10:00","0.001","0.5","0.002","0.016","41.0","22.0"
"강원","남양동1","2020-07-20 10:00","0.002","0.3","0.006","0.015","30.0","16.0"
"강원","평창읍","2020-07-20 10:00","0.003","0.3","0.024","0.006","11.0","10.0"
"강원","북평면","2020-07-20 10:00","0.001","-1.0","0.026","0.001","9.0","6.0"
"강원","정선읍","2020-07-20 10:00","0.002","0.3","0.03","0.005","5.0","-1.0"
"강원","간성읍","2020-07-20 10:00","0.001","0.8","0.032","0.002","6.0","-1.0"
"강원","치악산","2020-07-20 10:00","0.002","0.1","0.031","0.001","10.0","8.0"
"강원","횡성군","2020-07-20 10:00","-1.0","0.5","0.032","0.004","7.0","5.0"
"강원","상리","2020-07-20 10:00","0.002","0.4","0.036","0.003","6.0","2.0"
"강원","양양군","2020-07-20 10:00","0.001","0.5","0.03","0.006","2.0","1.0"
"강원","속초시(금호동)","2020-07-20 10:00","0.004","0.3","0.031","0.009","18.0","7.0"
"강원","갈말읍","2020-07-20 10:00","0.003","0.5","0.033","0.005","9.0","7.0"
"강원","홍천읍","2020-07-20 10:00","0.003","0.4","0.033","0.006","7.0","4.0"
"강원","영월읍","2020-07-20 10:00","-1.0","0.2","0.013","0.007","21.0","7.0"
"강원","화천군","2020-07-20 10:00","-1.0","1.0","0.032","0.005","2.0","1.0"
"강원","태백시","2020-07-20 10:00","0.002","-1.0","0.028","0.002","3.0","-1.0"
"강원","인제군","2020-07-20 10:00","-1.0","0.5","0.036","0.001","6.0","2.0"
"충남","성황동","2020-07-20 10:00","0.002","0.7","0.028","0.013","15.0","6.0"
"충남","백석동","2020-07-20 10:00","0.002","0.4","0.03","0.01","11.0","6.0"
"충남","성성동","2020-07-20 10:00","0.003","0.3","0.035","0.009","12.0","6.0"
"충남","성거읍","2020-07-20 10:00","0.002","0.3","0.032","0.008","12.0","4.0"
"충남","신방동","2020-07-20 10:00","-1.0","0.4","0.032","0.006","15.0","12.0"
"충남","사곡면","2020-07-20 10:00","0.001","0.2","0.032","0.003","9.0","4.0"
"충남","공주","2020-07-20 10:00","0.003","0.3","0.029","0.005","6.0","2.0"
"충남","탄천면","2020-07-20 10:00","0.003","0.3","0.04","0.004","12.0","1.0"
"충남","부여읍","2020-07-20 10:00","0.003","0.6","0.029","0.006","5.0","4.0"
"충남","독곶리","2020-07-20 10:00","0.003","0.4","0.029","0.006","14.0","2.0"
"충남","동문동","2020-07-20 10:00","0.002","0.5","0.022","0.006","2.0","1.0"
"충남","대산리","2020-07-20 10:00","0.003","1.1","0.025","0.011","11.0","3.0"
"충남","성연면","2020-07-20 10:00","0.002","0.3","0.032","0.006","2.0","1.0"
"충남","송산면","2020-07-20 10:00","0.002","0.4","0.034","0.004","8.0","5.0"
"충남","당진시청사","2020-07-20 10:00","0.004","0.3","0.033","0.006","7.0","2.0"
"충남","모종동","2020-07-20 10:00","0.003","0.3","0.036","0.006","6.0","4.0"
"충남","배방읍","2020-07-20 10:00","0.003","0.2","0.062","0.006","11.0","6.0"
"충남","도고면","2020-07-20 10:00","0.003","0.3","0.033","0.004","11.0","6.0"
"충남","둔포면","2020-07-20 10:00","-1.0","0.3","0.033","0.006","15.0","3.0"
"충남","인주면","2020-07-20 10:00","0.003","0.2","0.034","0.006","15.0","3.0"
"충남","논산","2020-07-20 10:00","0.003","0.4","0.029","0.006","3.0","2.0"
"충남","파도리","2020-07-20 10:00","0.001","0.1","0.032","0.002","25.0","10.0"
"충남","이원면","2020-07-20 10:00","0.002","0.5","0.03","0.004","2.0","-1.0"
"충남","태안읍","2020-07-20 10:00","0.003","0.5","0.03","0.006","1.0","-1.0"
"충남","예산군","2020-07-20 10:00","0.004","0.3","0.037","0.004","6.0","5.0"
"충남","대천2동","2020-07-20 10:00","0.003","0.7","0.039","0.004","11.0","4.0"
"충남","주교면","2020-07-20 10:00","0.002","0.3","0.024","0.004","10.0","4.0"
"충남","홍성읍","2020-07-20 10:00","0.003","0.3","0.067","0.006","8.0","4.0"
"충남","내포","2020-07-20 10:00","0.002","0.4","0.032","0.005","6.0","5.0"
"충남","금산읍","2020-07-20 10:00","0.003","0.3","0.035","0.008","15.0","9.0"
"충남","청양읍","2020-07-20 10:00","0.003","0.3","0.034","0.009","8.0","2.0"
"충남","엄사면","2020-07-20 10:00","0.003","0.5","0.032","0.004","12.0","4.0"
"충남","서천읍","2020-07-20 10:00","0.003","0.3","0.039","0.007","13.0","5.0"
"충남","서면","2020-07-20 10:00","0.003","0.4","0.042","0.004","15.0","4.0"
"충남","장항읍","2020-07-20 10:00","0.003","0.2","0.037","0.008","11.0","2.0"
"대전","읍내동","2020-07-20 10:00","0.001","0.5","0.025","0.017","-1.0","6.0"
"대전","문평동","2020-07-20 10:00","0.002","0.3","0.023","0.014","6.0","1.0"
"대전","문창동","2020-07-20 10:00","0.002","0.4","0.033","0.004","-1.0","1.0"
"대전","구성동","2020-07-20 10:00","0.002","0.4","0.029","0.011","5.0","1.0"
"대전","노은동","2020-07-20 10:00","0.01","0.3","0.034","0.007","-1.0","2.0"
"대전","상대동(대전)","2020-07-20 10:00","0.002","0.3","0.037","0.005","4.0","3.0"
"대전","대흥동1","2020-07-20 10:00","0.004","0.2","0.014","0.02","6.0","-1.0"
"대전","성남동1","2020-07-20 10:00","0.002","0.4","0.035","0.008","6.0","2.0"
"대전","대성동","2020-07-20 10:00","-1.0","0.4","0.026","0.01","-1.0","4.0"
"대전","정림동","2020-07-20 10:00","0.002","0.4","0.032","0.005","-1.0","3.0"
"대전","둔산동","2020-07-20 10:00","0.001","0.4","0.029","0.016","3.0","-1.0"
"대전","월평동","2020-07-20 10:00","0.002","0.5","0.034","0.006","-1.0","11.0"
"충북","송정동(봉명동)","2020-07-20 10:00","0.002","0.4","0.025","0.014","7.0","6.0"
"충북","사천동","2020-07-20 10:00","0.002","0.3","0.029","0.005","6.0","5.0"
"충북","용담동","2020-07-20 10:00","0.003","0.2","0.022","0.011","9.0","3.0"
"충북","용암동","2020-07-20 10:00","0.003","0.4","0.02","0.008","13.0","-1.0"
"충북","복대동","2020-07-20 10:00","0.003","0.2","0.017","0.018","4.0","1.0"
"충북","호암동","2020-07-20 10:00","0.002","0.4","0.028","0.004","5.0","4.0"
"충북","칠금동","2020-07-20 10:00","0.003","0.3","0.014","0.022","7.0","6.0"
"충북","중앙탑면","2020-07-20 10:00","0.003","0.5","0.032","0.006","24.0","11.0"
"충북","살미면","2020-07-20 10:00","0.003","0.4","0.029","0.005","36.0","11.0"
"충북","장락동","2020-07-20 10:00","0.002","0.6","0.024","0.006","-1.0","17.0"
"충북","영천동","2020-07-20 10:00","0.003","0.3","0.029","0.007","9.0","7.0"
"충북","청풍면","2020-07-20 10:00","-1.0","0.4","0.019","0.005","9.0","6.0"
"충북","오창읍","2020-07-20 10:00","0.004","0.3","0.029","0.01","-1.0","6.0"
"충북","산남동","2020-07-20 10:00","0.002","0.2","0.026","0.009","-1.0","2.0"
"충북","오송읍","2020-07-20 10:00","0.003","0.2","0.021","0.008","5.0","1.0"
"충북","가덕면","2020-07-20 10:00","0.003","0.3","0.026","0.007","5.0","2.0"
"충북","매포읍","2020-07-20 10:00","0.003","0.3","0.016","0.003","-1.0","12.0"
"충북","단성면","2020-07-20 10:00","0.001","0.2","0.02","0.003","12.0","10.0"
"충북","단양읍","2020-07-20 10:00","0.003","0.0","0.015","0.007","17.0","10.0"
"충북","청천면","2020-07-20 10:00","-1.0","-1.0","-1.0","-1.0","-1.0","-1.0"
"충북","괴산읍","2020-07-20 10:00","0.003","0.4","0.035","0.003","10.0","7.0"
"충북","감물면","2020-07-20 10:00","-1.0","0.3","0.037","0.004","6.0","5.0"
"충북","진천읍","2020-07-20 10:00","0.002","0.4","0.029","0.007","-1.0","7.0"
"충북","덕산읍","2020-07-20 10:00","0.002","0.4","0.032","0.006","9.0","0.0"
"충북","금왕","2020-07-20 10:00","0.002","0.3","0.034","0.006","13.0","3.0"
"충북","음성읍","2020-07-20 10:00","0.003","0.3","0.036","0.004","6.0","5.0"
"충북","소이면","2020-07-20 10:00","-1.0","0.3","0.028","0.005","11.0","1.0"
"충북","영동읍","2020-07-20 10:00","0.004","0.3","0.023","0.006","11.0","9.0"
"충북","증평읍","2020-07-20 10:00","0.002","0.3","0.026","0.006","22.0","2.0"
"충북","보은읍","2020-07-20 10:00","-1.0","0.4","0.034","0.007","8.0","7.0"
"충북","옥천읍","2020-07-20 10:00","0.003","0.4","0.027","0.009","11.0","5.0"
"세종","신흥동","2020-07-20 10:00","0.002","0.4","0.033","0.008","6.0","1.0"
"세종","아름동","2020-07-20 10:00","0.002","0.5","0.035","0.007","5.0","-1.0"
"세종","한솔동","2020-07-20 10:00","0.003","0.6","0.031","0.012","4.0","1.0"
"세종","부강면","2020-07-20 10:00","0.002","0.5","0.033","0.007","6.0","4.0"
"부산","광복동","2020-07-20 10:00","0.002","0.3","0.016","0.006","22.0","9.0"
"부산","초량동","2020-07-20 10:00","0.003","0.3","0.01","0.013","25.0","8.0"
"부산","태종대","2020-07-20 10:00","0.003","0.2","0.008","0.008","25.0","9.0"
"부산","청학동","2020-07-20 10:00","0.003","0.2","0.013","0.007","17.0","3.0"
"부산","전포동","2020-07-20 10:00","0.003","0.1","0.01","0.011","34.0","7.0"
"부산","온천동","2020-07-20 10:00","0.004","0.3","0.008","0.016","21.0","10.0"
"부산","명장동","2020-07-20 10:00","-1.0","-1.0","0.016","0.007","26.0","15.0"
"부산","대연동","2020-07-20 10:00","0.004","0.4","0.008","0.009","30.0","11.0"
"부산","학장동","2020-07-20 10:00","0.004","0.2","0.019","0.006","31.0","14.0"
"부산","덕천동","2020-07-20 10:00","-1.0","0.3","0.014","0.009","36.0","14.0"
"부산","화명동","2020-07-20 10:00","-1.0","-1.0","0.015","0.009","30.0","10.0"
"부산","청룡동","2020-07-20 10:00","-1.0","-1.0","0.022","0.003","28.0","10.0"
"부산","좌동","2020-07-20 10:00","0.003","0.2","0.007","0.008","21.0","8.0"
"부산","재송동","2020-07-20 10:00","0.003","0.2","0.042","0.006","20.0","5.0"
"부산","장림동","2020-07-20 10:00","0.003","0.2","0.014","0.005","31.0","14.0"
"부산","대저동","2020-07-20 10:00","0.002","0.2","0.015","0.007","15.0","11.0"
"부산","녹산동","2020-07-20 10:00","0.004","0.3","0.018","0.004","28.0","8.0"
"부산","연산동","2020-07-20 10:00","0.002","0.3","0.012","0.012","28.0","6.0"
"부산","기장읍","2020-07-20 10:00","-1.0","0.2","0.02","0.004","40.0","16.0"
"부산","용수리","2020-07-20 10:00","0.002","0.2","0.024","0.007","19.0","8.0"
"부산","수정동","2020-07-20 02:00","0.002","0.2","0.035","0.004","25.0","5.0"
"부산","부곡동","2020-07-20 10:00","0.002","0.3","0.02","0.01","26.0","8.0"
"부산","광안동","2020-07-20 10:00","-1.0","-1.0","0.013","0.008","29.0","12.0"
"부산","대신동","2020-07-20 10:00","0.004","0.3","0.01","0.009","35.0","16.0"
"부산","덕포동","2020-07-20 10:00","0.003","0.3","0.012","0.012","30.0","8.0"
"부산","개금동","2020-07-20 10:00","0.003","0.3","0.016","0.008","17.0","2.0"
"부산","당리동","2020-07-20 10:00","0.003","0.3","0.015","0.009","29.0","5.0"
"부산","부산북항","2020-07-20 10:00","0.005","0.2","0.01","0.01","24.0","6.0"
"부산","부산신항","2020-07-20 10:00","0.003","0.2","0.022","0.012","16.0","7.0"
"울산","대송동","2020-07-20 10:00","0.002","0.2","0.015","0.008","22.0","15.0"
"울산","성남동","2020-07-20 10:00","0.002","0.2","0.022","0.008","20.0","5.0"
"울산","부곡동(울산)","2020-07-20 10:00","0.003","0.5","0.018","0.011","30.0","7.0"
"울산","여천동(울산)","2020-07-20 10:00","0.009","0.4","0.016","0.014","24.0","7.0"
"울산","야음동","2020-07-20 10:00","0.001","0.3","0.021","0.009","-1.0","7.0"
"울산","삼산동","2020-07-20 10:00","0.003","0.4","0.015","0.011","19.0","17.0"
"울산","신정로","2020-07-20 10:00","0.003","0.6","0.016","0.006","17.0","3.0"
"울산","신정동","2020-07-20 10:00","0.002","0.6","0.02","0.008","17.0","8.0"
"울산","덕신리","2020-07-20 10:00","0.002","0.5","0.02","0.005","30.0","3.0"
"울산","무거동","2020-07-20 10:00","0.002","0.3","0.022","0.008","20.0","6.0"
"울산","효문동","2020-07-20 10:00","0.002","0.3","0.014","0.019","28.0","6.0"
"울산","화산리","2020-07-20 10:00","0.004","0.6","0.013","0.011","38.0","20.0"
"울산","상남리","2020-07-20 10:00","0.002","0.1","0.019","0.009","20.0","-1.0"
"울산","농소동","2020-07-20 10:00","0.002","0.5","0.019","0.008","11.0","8.0"
"울산","삼남면","2020-07-19 21:00","-1.0","0.1","0.003","0.001","-1.0","-1.0"
"울산","약사동","2020-07-20 10:00","0.002","-1.0","0.021","0.009","16.0","14.0"
"울산","웅촌면","2020-07-20 10:00","0.002","0.4","0.019","0.008","17.0","11.0"
"울산","전하동","2020-07-20 10:00","0.002","0.3","0.012","0.008","31.0","7.0"
"대구","수창동","2020-07-20 10:00","0.004","0.3","0.032","0.007","30.0","16.0"
"대구","지산동","2020-07-20 10:00","0.003","0.3","0.03","0.003","18.0","3.0"
"대구","서호동","2020-07-20 10:00","0.001","0.1","0.027","0.007","23.0","12.0"
"대구","이현동","2020-07-20 10:00","0.002","0.5","0.029","0.01","26.0","13.0"
"대구","평리동","2020-07-20 10:00","0.002","0.6","0.023","0.014","37.0","16.0"
"대구","대명동","2020-07-20 10:00","0.001","0.2","0.028","0.007","23.0","14.0"
"대구","노원동","2020-07-20 10:00","0.002","0.4","0.03","0.009","37.0","21.0"
"대구","신암동","2020-07-20 10:00","0.002","0.2","0.021","0.015","40.0","12.0"
"대구","태전동","2020-07-20 10:00","0.003","0.4","0.029","0.008","32.0","10.0"
"대구","만촌동","2020-07-20 10:00","0.002","0.3","0.027","0.008","22.0","12.0"
"대구","호림동","2020-07-20 10:00","0.002","0.3","0.027","0.006","20.0","12.0"
"대구","유가읍","2020-07-20 10:00","0.001","0.1","0.021","0.006","20.0","10.0"
"대구","이곡동","2020-07-20 10:00","0.002","0.6","0.022","0.012","17.0","13.0"
"대구","시지동","2020-07-20 10:00","0.001","0.3","0.028","0.003","30.0","4.0"
"대구","진천동","2020-07-20 10:00","0.001","0.2","0.031","0.005","25.0","17.0"
"대구","다사읍","2020-07-20 10:00","-1.0","-1.0","-1.0","-1.0","21.0","10.0"
"대구","본동","2020-07-20 10:00","0.001","0.3","0.028","0.006","24.0","18.0"
"경북","장흥동","2020-07-20 10:00","0.004","0.1","0.017","0.012","22.0","7.0"
"경북","장량동","2020-07-20 10:00","0.002","0.3","0.019","0.013","22.0","8.0"
"경북","대도동","2020-07-20 10:00","0.003","0.1","0.024","0.008","27.0","6.0"
"경북","대송면","2020-07-20 10:00","0.003","0.2","0.021","0.004","14.0","6.0"
"경북","3공단","2020-07-20 10:00","0.003","0.3","0.019","0.007","20.0","6.0"
"경북","송도동","2020-07-20 10:00","0.003","0.1","0.02","0.008","23.0","8.0"
"경북","오천읍","2020-07-20 10:00","0.003","0.0","0.024","0.014","30.0","13.0"
"경북","청림동","2020-07-20 10:00","0.004","0.5","0.02","0.011","34.0","12.0"
"경북","성건동","2020-07-20 10:00","0.003","0.2","0.015","0.012","27.0","13.0"
"경북","보덕동","2020-07-20 10:00","0.003","0.2","0.027","0.004","17.0","7.0"
"경북","안강읍","2020-07-20 10:00","0.003","0.2","0.018","0.008","13.0","6.0"
"경북","외동읍","2020-07-20 10:00","0.003","0.2","0.025","0.006","16.0","9.0"
"경북","문당동","2020-07-20 10:00","0.002","0.5","0.005","0.013","40.0","17.0"
"경북","대광동","2020-07-20 10:00","0.003","0.2","0.008","0.016","38.0","30.0"
"경북","율곡동","2020-07-20 10:00","0.002","0.4","0.009","0.018","17.0","6.0"
"경북","명륜동","2020-07-20 10:00","0.002","0.2","0.021","0.008","18.0","9.0"
"경북","공단동","2020-07-20 10:00","0.003","0.3","0.016","0.017","26.0","13.0"
"경북","원평동","2020-07-20 10:00","0.002","0.4","0.032","0.009","14.0","13.0"
"경북","형곡동","2020-07-20 10:00","0.003","0.4","0.026","0.006","28.0","7.0"
"경북","4공단","2020-07-20 10:00","0.003","0.3","0.025","0.008","21.0","11.0"
"경북","가흥동","2020-07-20 10:00","0.003","0.4","0.005","0.012","17.0","15.0"
"경북","중방동","2020-07-20 10:00","0.003","0.2","0.028","0.004","18.0","16.0"
"경북","상주시","2020-07-20 10:00","0.003","0.3","0.005","0.012","-1.0","-1.0"
"경북","칠곡군","2020-07-20 10:00","0.003","0.1","0.029","0.006","24.0","12.0"
"경북","영덕읍","2020-07-20 10:00","0.002","0.2","0.022","0.006","24.0","10.0"
"경북","문경시","2020-07-20 10:00","0.003","0.3","0.005","0.013","17.0","10.0"
"경북","성주군","2020-07-20 10:00","0.002","0.1","0.028","0.006","25.0","15.0"
"경북","지품면","2020-07-20 10:00","-1.0","-1.0","-1.0","-1.0","-1.0","-1.0"
"경북","화북면","2020-07-20 10:00","0.0","0.0","0.017","0.002","27.0","8.0"
"경북","영천시","2020-07-20 10:00","0.003","0.3","0.031","0.005","18.0","11.0"
"경북","안계면","2020-07-20 10:00","0.002","0.3","0.017","0.007","15.0","13.0"
"경북","의성읍","2020-07-20 10:00","0.003","0.3","0.032","0.005","15.0","5.0"
"경북","울진군","2020-07-20 10:00","-1.0","0.3","0.02","0.005","25.0","3.0"
"경북","석포면","2020-07-20 10:00","0.003","0.2","0.07","0.009","11.0","10.0"
"경북","태하리","2020-07-20 10:00","0.001","0.2","0.02","0.002","15.0","8.0"
"경북","울릉읍","2020-07-20 10:00","-1.0","0.2","0.018","0.003","28.0","18.0"
"경북","대가야읍","2020-07-20 10:00","-1.0","-1.0","-1.0","-1.0","-1.0","-1.0"
"경북","군위읍","2020-07-20 10:00","0.002","0.3","0.032","0.006","20.0","10.0"
"경북","영양군","2020-07-20 10:00","0.002","0.2","0.027","0.006","19.0","4.0"
"경북","예천군","2020-07-20 10:00","0.002","0.2","0.026","0.007","21.0","13.0"
"경북","화양읍","2020-07-20 10:00","-1.0","0.2","0.035","0.003","11.0","6.0"
"경북","청송읍","2020-07-20 10:00","0.003","0.2","0.036","0.003","25.0","7.0"
"경남","회원동","2020-07-20 10:00","-1.0","-1.0","-1.0","-1.0","-1.0","-1.0"
"경남","봉암동","2020-07-20 10:00","0.002","0.2","0.013","0.013","23.0","11.0"
"경남","상봉동","2020-07-20 10:00","0.003","0.4","0.023","0.009","19.0","9.0"
"경남","대안동","2020-07-20 10:00","0.003","0.3","0.028","0.008","25.0","-1.0"
"경남","상대동","2020-07-20 10:00","0.003","0.3","0.022","0.011","25.0","11.0"
"경남","명서동","2020-07-20 10:00","0.003","0.4","0.02","0.01","22.0","9.0"
"경남","웅남동","2020-07-20 10:00","0.003","0.3","0.022","0.004","28.0","10.0"
"경남","성주동","2020-07-20 10:00","0.002","0.2","0.022","0.006","9.0","-1.0"
"경남","용지동","2020-07-20 10:00","0.002","0.5","0.026","0.006","31.0","4.0"
"경남","반송로","2020-07-20 10:00","0.003","0.2","0.018","0.007","25.0","9.0"
"경남","사파동","2020-07-20 10:00","0.003","0.2","0.019","0.005","28.0","12.0"
"경남","경화동","2020-07-20 10:00","0.003","0.3","0.017","0.005","33.0","18.0"
"경남","월영동","2020-07-20 10:00","0.002","0.3","0.018","0.009","27.0","11.0"
"경남","하동읍","2020-07-20 10:00","0.002","0.3","0.03","0.005","16.0","-1.0"
"경남","동상동","2020-07-20 10:00","0.003","0.2","0.024","0.006","47.0","4.0"
"경남","삼방동","2020-07-20 10:00","0.002","0.2","0.011","0.017","23.0","6.0"
"경남","장유동","2020-07-20 10:00","0.002","0.3","0.018","0.005","25.0","12.0"
"경남","진영읍","2020-07-20 10:00","0.002","0.2","0.029","0.005","21.0","8.0"
"경남","저구리","2020-07-20 10:00","0.001","0.1","0.01","0.004","20.0","1.0"
"경남","아주동","2020-07-20 10:00","0.002","0.4","0.019","0.002","20.0","7.0"
"경남","사천읍","2020-07-20 10:00","0.003","0.3","0.026","0.006","23.0","12.0"
"경남","대산면","2020-07-20 10:00","0.001","0.4","0.019","0.004","26.0","15.0"
"경남","북부동","2020-07-20 10:00","0.004","0.2","0.008","0.014","41.0","12.0"
"경남","삼호동","2020-07-20 10:00","0.002","0.3","0.021","0.007","26.0","13.0"
"경남","내일동","2020-07-20 10:00","-1.0","-1.0","-1.0","-1.0","-1.0","-1.0"
"경남","무전동","2020-07-20 10:00","0.003","0.1","0.017","0.008","26.0","5.0"
"경남","고성읍","2020-07-20 10:00","0.003","0.2","0.019","0.006","19.0","6.0"
"경남","거창읍","2020-07-20 10:00","-1.0","0.3","0.024","0.011","14.0","5.0"
"경남","가야읍","2020-07-20 10:00","0.002","0.3","0.031","0.004","16.0","6.0"
"경남","함양읍","2020-07-20 10:00","0.002","0.3","0.032","0.005","6.0","4.0"
"경남","남해읍","2020-07-20 10:00","0.002","0.5","0.025","0.005","16.0","9.0"
"경남","산청읍","2020-07-20 10:00","0.002","0.3","0.029","0.007","15.0","9.0"
"경남","남상면","2020-07-20 10:00","0.002","0.3","0.023","0.005","9.0","5.0"
"경남","의령읍","2020-07-20 10:00","0.002","0.2","0.03","0.003","20.0","10.0"
"경남","창녕읍","2020-07-20 10:00","0.003","0.2","0.028","0.007","23.0","12.0"
"경남","합천읍","2020-07-20 10:00","0.003","0.3","0.029","0.006","29.0","14.0"
"전남","용당동","2020-07-20 10:00","0.003","0.5","0.039","0.005","8.0","4.0"
"전남","부흥동","2020-07-20 10:00","0.003","0.3","0.025","0.006","4.0","2.0"
"전남","서강동","2020-07-20 10:00","0.002","0.3","0.015","0.004","27.0","6.0"
"전남","월내동","2020-07-20 10:00","0.002","0.5","0.023","0.006","19.0","8.0"
"전남","문수동","2020-07-20 10:00","0.002","0.4","0.021","0.008","33.0","-1.0"
"전남","여천동(여수)","2020-07-20 10:00","0.002","0.4","0.02","0.006","16.0","8.0"
"전남","덕충동","2020-07-20 10:00","0.002","0.4","0.014","0.008","35.0","8.0"
"전남","장천동","2020-07-20 10:00","0.003","0.3","0.023","0.01","9.0","2.0"
"전남","연향동","2020-07-20 10:00","0.004","0.3","0.028","0.006","9.0","-1.0"
"전남","순천만","2020-07-20 10:00","0.002","0.1","0.027","0.002","4.0","-1.0"
"전남","호두리","2020-07-20 10:00","-1.0","0.1","0.024","0.002","11.0","6.0"
"전남","신대","2020-07-20 10:00","0.003","0.2","0.039","0.004","13.0","4.0"
"전남","빛가람동","2020-07-20 10:00","0.003","0.2","0.037","0.005","12.0","6.0"
"전남","담양읍","2020-07-20 10:00","0.003","0.3","0.016","0.006","17.0","1.0"
"전남","장성읍","2020-07-20 10:00","0.004","0.5","0.028","0.004","13.0","3.0"
"전남","화양면","2020-07-20 10:00","0.003","0.4","0.029","0.003","15.0","8.0"
"전남","율촌면","2020-07-20 10:00","0.001","0.6","0.025","0.003","19.0","8.0"
"전남","삼일동","2020-07-20 10:00","0.002","0.3","0.018","0.006","23.0","10.0"
"전남","중동","2020-07-20 10:00","-1.0","-1.0","-1.0","-1.0","-1.0","-1.0"
"전남","태인동","2020-07-20 10:00","0.004","0.2","0.01","0.017","26.0","18.0"
"전남","진상면","2020-07-20 10:00","0.002","0.2","0.032","0.008","16.0","11.0"
"전남","광양읍","2020-07-20 10:00","0.002","0.3","0.022","0.008","5.0","4.0"
"전남","해남읍","2020-07-20 10:00","0.003","0.4","0.025","0.008","38.0","12.0"
"전남","나불리","2020-07-20 10:00","0.003","0.3","0.021","0.008","47.0","36.0"
"전남","송단리","2020-07-20 10:00","0.003","0.2","0.032","0.003","7.0","4.0"
"전남","화순읍","2020-07-20 10:00","0.002","0.4","0.024","0.006","13.0","5.0"
"전남","영광읍","2020-07-20 10:00","0.003","0.4","0.035","0.006","6.0","3.0"
"전남","장흥읍","2020-07-20 10:00","0.003","0.4","0.035","0.006","14.0","13.0"
"전남","진도읍","2020-07-20 10:00","0.002","0.4","0.029","0.003","16.0","1.0"
"전남","신지면","2020-07-20 10:00","0.001","0.5","0.016","0.006","29.0","11.0"
"전남","함평읍","2020-07-20 10:00","0.001","0.5","0.022","0.005","14.0","6.0"
"전남","고흥읍","2020-07-20 10:00","0.002","0.4","0.041","0.003","6.0","-1.0"
"전남","신안군","2020-07-20 10:00","0.004","0.3","0.042","0.003","13.0","4.0"
"전남","무안읍","2020-07-20 10:00","0.003","0.4","0.03","0.004","26.0","9.0"
"전남","곡성읍","2020-07-20 10:00","0.002","0.5","0.024","0.004","7.0","1.0"
"전남","구례읍","2020-07-20 10:00","0.003","0.5","0.023","0.005","12.0","6.0"
"전남","벌교읍","2020-07-20 10:00","0.002","0.8","0.016","0.002","7.0","-1.0"
"전북","노송동","2020-07-20 10:00","0.002","0.4","0.065","0.006","-1.0","6.0"
"전북","삼천동","2020-07-20 10:00","0.002","0.4","0.071","0.006","4.0","1.0"
"전북","팔복동","2020-07-20 10:00","0.003","0.5","-1.0","0.012","4.0","4.0"
"전북","송천동","2020-07-20 10:00","0.003","0.3","0.029","0.01","10.0","7.0"
"전북","서신동","2020-07-20 10:00","0.003","0.7","-1.0","0.018","12.0","9.0"
"전북","혁신동","2020-07-20 10:00","0.003","0.5","0.035","0.008","11.0","5.0"
"전북","신풍동(군산)","2020-07-20 10:00","0.002","0.3","0.034","0.002","10.0","5.0"
"전북","소룡동","2020-07-20 10:00","0.002","0.3","0.036","0.006","11.0","3.0"
"전북","개정동","2020-07-20 10:00","0.003","0.4","0.035","0.005","8.0","-1.0"
"전북","옥산면","2020-07-20 10:00","0.004","0.3","0.039","0.003","6.0","5.0"
"전북","비응도동","2020-07-20 10:00","0.003","0.3","0.037","0.006","11.0","10.0"
"전북","삼기면","2020-07-20 10:00","0.003","0.3","0.035","0.005","5.0","2.0"
"전북","팔봉동","2020-07-20 10:00","0.001","0.4","0.034","0.009","2.0","1.0"
"전북","모현동","2020-07-20 10:00","-1.0","-1.0","-1.0","-1.0","-1.0","-1.0"
"전북","용동면","2020-07-20 10:00","0.002","0.3","0.038","0.004","6.0","3.0"
"전북","함열읍","2020-07-20 10:00","0.002","0.3","0.029","0.005","3.0","-1.0"
"전북","연지동","2020-07-20 10:00","0.003","0.3","0.026","0.007","9.0","-1.0"
"전북","신태인","2020-07-20 10:00","0.002","0.3","0.029","0.013","2.0","-1.0"
"전북","죽항동","2020-07-20 10:00","0.002","0.2","0.022","0.01","9.0","7.0"
"전북","고창읍","2020-07-20 10:00","-1.0","0.1","0.036","0.005","9.0","6.0"
"전북","심원면","2020-07-20 10:00","0.003","0.2","0.037","0.003","4.0","4.0"
"전북","부안읍","2020-07-20 10:00","0.003","0.6","0.037","0.008","-1.0","3.0"
"전북","새만금","2020-07-20 10:00","0.001","0.7","0.033","0.002","10.0","3.0"
"전북","요촌동","2020-07-20 10:00","0.001","0.4","0.035","0.008","9.0","-1.0"
"전북","고산면","2020-07-20 10:00","0.002","0.5","0.032","0.007","-1.0","1.0"
"전북","봉동읍","2020-07-20 10:00","0.001","0.5","0.028","0.012","6.0","6.0"
"전북","진안읍","2020-07-20 10:00","0.002","0.2","0.023","0.008","12.0","4.0"
"전북","운암면","2020-07-20 10:00","0.0","1.0","0.019","0.003","6.0","-1.0"
"전북","임실읍","2020-07-20 10:00","0.003","0.4","0.032","0.002","8.0","5.0"
"전북","무주읍","2020-07-20 10:00","-1.0","0.3","0.029","0.005","4.0","-1.0"
"전북","순창읍","2020-07-20 10:00","0.003","0.3","0.028","0.007","7.0","6.0"
"전북","장수읍","2020-07-20 10:00","-1.0","0.3","0.037","0.005","8.0","5.0"
"제주","이도동","2020-07-20 10:00","0.001","0.1","0.02","0.008","13.0","-1.0"
"제주","연동","2020-07-20 10:00","0.001","0.2","0.02","0.006","8.0","1.0"
"제주","동홍동","2020-07-20 10:00","-1.0","0.0","0.012","0.005","9.0","6.0"
"제주","성산읍","2020-07-20 10:00","-1.0","0.0","0.013","0.003","10.0","8.0"
"제주","남원읍","2020-07-20 10:00","0.001","0.3","0.012","0.003","17.0","6.0"
"제주","대정읍","2020-07-20 10:00","0.001","0.1","0.016","0.003","11.0","3.0"
"제주","노형로","2020-07-20 10:00","0.001","0.3","0.015","0.01","9.0","3.0"
"제주","고산리","2020-07-20 10:00","-1.0","-1.0","-1.0","-1.0","-1.0","5.0"
"서울","중구","2020-07-20 10:00","0.002","0.5","0.011","0.023","9.0","6.0"
"서울","한강대로","2020-07-20 10:00","0.003","0.5","0.01","0.023","38.0","11.0"
"서울","종로구","2020-07-20 10:00","0.003","0.4","0.021","0.013","8.0","5.0"
"서울","청계천로","2020-07-20 10:00","0.003","0.6","0.017","0.015","12.0","8.0"
"서울","종로","2020-07-20 10:00","0.002","0.4","0.016","0.016","11.0","9.0"
"서울","용산구","2020-07-20 10:00","0.003","0.3","0.02","0.01","7.0","4.0"
"서울","광진구","2020-07-20 10:00","0.003","0.4","0.026","0.012","9.0","3.0"
"서울","성동구","2020-07-20 10:00","0.002","0.4","0.015","0.013","9.0","6.0"
"서울","강변북로","2020-07-20 10:00","0.003","0.8","0.017","0.019","7.0","5.0"
"서울","중랑구","2020-07-20 10:00","0.002","0.4","0.018","0.018","10.0","6.0"
"서울","동대문구","2020-07-20 10:00","0.002","0.4","0.024","0.012","9.0","3.0"
"서울","홍릉로","2020-07-20 10:00","0.002","0.6","0.009","0.031","18.0","9.0"
"서울","성북구","2020-07-20 10:00","0.002","0.5","0.015","0.022","11.0","4.0"
"서울","정릉로","2020-07-20 10:00","0.003","0.3","0.029","0.015","8.0","6.0"
"서울","도봉구","2020-07-20 10:00","0.002","0.3","0.02","0.01","9.0","3.0"
"서울","은평구","2020-07-20 10:00","0.003","0.5","0.02","0.011","3.0","2.0"
"서울","서대문구","2020-07-20 10:00","0.002","0.3","0.021","0.011","3.0","1.0"
"서울","마포구","2020-07-20 10:00","0.002","0.3","0.019","0.013","6.0","2.0"
"서울","신촌로","2020-07-20 10:00","0.003","0.5","0.011","0.031","11.0","5.0"
"서울","강서구","2020-07-20 10:00","0.002","0.3","0.02","0.012","3.0","3.0"
"서울","공항대로","2020-07-20 10:00","0.004","0.3","0.019","0.018","6.0","4.0"
"서울","구로구","2020-07-20 10:00","0.002","0.3","0.032","0.011","3.0","1.0"
"서울","영등포구","2020-07-20 10:00","0.002","0.3","0.017","0.015","7.0","3.0"
"서울","영등포로","2020-07-20 10:00","0.004","0.8","0.009","0.038","8.0","4.0"
"서울","동작구","2020-07-20 10:00","0.002","0.4","0.02","0.008","9.0","6.0"
"서울","동작대로 중앙차로","2020-07-20 10:00","0.003","0.4","0.027","0.01","5.0","-1.0"
"서울","관악구","2020-07-20 10:00","0.002","0.3","0.021","0.014","11.0","6.0"
"서울","강남구","2020-07-20 10:00","0.002","0.4","0.021","0.014","10.0","7.0"
"서울","서초구","2020-07-20 10:00","0.003","0.3","0.03","0.011","4.0","4.0"
"서울","도산대로","2020-07-20 10:00","0.002","0.7","0.012","0.02","6.0","4.0"
"서울","강남대로","2020-07-20 10:00","0.003","0.8","0.015","0.022","9.0","3.0"
"서울","송파구","2020-07-20 10:00","0.002","0.4","0.019","0.013","6.0","3.0"
"서울","강동구","2020-07-20 10:00","0.003","0.4","0.01","0.02","14.0","8.0"
"서울","천호대로","2020-07-20 10:00","0.003","0.5","0.009","0.03","13.0","7.0"
"서울","금천구","2020-07-20 10:00","0.002","0.4","0.012","0.017","8.0","5.0"
"서울","시흥대로","2020-07-20 10:00","0.003","0.5","0.013","0.019","11.0","5.0"
"서울","강북구","2020-07-20 10:00","0.002","0.3","0.015","0.01","5.0","3.0"
"서울","양천구","2020-07-20 10:00","0.003","0.3","0.018","0.011","-1.0","4.0"
"서울","노원구","2020-07-20 10:00","0.002","0.4","0.017","0.017","10.0","6.0"
"서울","화랑로","2020-07-20 10:00","-1.0","0.3","0.08","0.02","-1.0","-1.0"
"경기","신풍동","2020-07-20 10:00","0.001","0.5","0.024","0.009","11.0","3.0"
"경기","인계동","2020-07-20 10:00","0.003","0.6","0.026","0.012","8.0","4.0"
"경기","광교동","2020-07-20 10:00","0.002","0.4","0.021","0.008","13.0","3.0"
"경기","영통동","2020-07-20 10:00","0.002","0.6","0.027","0.01","11.0","6.0"
"경기","천천동","2020-07-20 10:00","0.002","0.3","0.026","0.008","15.0","3.0"
"경기","경수대로(동수원)","2020-07-20 10:00","0.002","0.6","0.012","0.012","12.0","4.0"
"경기","고색동","2020-07-20 10:00","0.002","0.5","0.023","0.011","11.0","3.0"
"경기","호매실동","2020-07-20 10:00","0.002","0.5","0.018","0.01","8.0","8.0"
"경기","대왕판교로(백현동)","2020-07-20 10:00","0.003","0.6","-1.0","0.018","15.0","3.0"
"경기","단대동","2020-07-20 10:00","0.002","0.4","0.023","0.014","7.0","2.0"
"경기","정자동","2020-07-20 10:00","0.002","0.4","0.02","0.012","10.0","5.0"
"경기","수내동","2020-07-20 10:00","0.002","0.5","0.019","0.016","10.0","4.0"
"경기","성남대로(모란역)","2020-07-20 10:00","0.002","0.7","0.011","0.032","19.0","4.0"
"경기","복정동","2020-07-20 10:00","0.003","0.5","0.016","0.02","42.0","13.0"
"경기","운중동","2020-07-20 10:00","0.003","0.3","0.025","0.008","9.0","3.0"
"경기","상대원동","2020-07-20 10:00","0.002","0.3","0.016","0.019","9.0","2.0"
"경기","의정부동","2020-07-20 10:00","0.004","0.5","0.023","0.015","9.0","6.0"
"경기","의정부1동","2020-07-20 10:00","0.003","0.4","0.021","0.016","8.0","2.0"
"경기","안양6동","2020-07-20 10:00","0.002","0.4","0.03","0.009","17.0","7.0"
"경기","부림동","2020-07-20 10:00","0.003","0.5","0.024","0.011","11.0","4.0"
"경기","호계동","2020-07-20 10:00","0.002","0.3","0.023","0.01","11.0","8.0"
"경기","안양2동","2020-07-20 10:00","0.002","0.5","0.028","0.01","5.0","4.0"
"경기","철산동","2020-07-20 10:00","0.002","0.5","0.024","0.008","3.0","1.0"
"경기","소하동","2020-07-20 10:00","0.001","0.4","0.028","0.007","-1.0","2.0"
"경기","고잔동","2020-07-20 10:00","0.002","0.3","0.019","0.011","5.0","4.0"
"경기","원시동","2020-07-20 10:00","0.006","0.2","0.019","0.012","15.0","1.0"
"경기","본오동","2020-07-20 10:00","0.002","0.4","0.025","0.011","9.0","8.0"
"경기","부곡동1","2020-07-20 10:00","0.004","0.3","0.022","0.008","7.0","1.0"
"경기","대부동","2020-07-20 10:00","0.002","0.3","0.026","0.006","4.0","1.0"
"경기","호수동","2020-07-20 10:00","0.002","0.3","0.023","0.018","4.0","1.0"
"경기","중앙대로(고잔동)","2020-07-20 10:00","0.002","0.3","-1.0","0.013","5.0","3.0"
"경기","별양동","2020-07-20 10:00","0.002","0.5","0.02","0.015","12.0","5.0"
"경기","과천동","2020-07-20 10:00","0.002","0.4","0.024","0.011","2.0","2.0"
"경기","교문동","2020-07-20 10:00","0.003","0.4","0.026","0.008","6.0","0.0"
"경기","동구동","2020-07-20 10:00","0.002","0.3","0.025","0.012","4.0","4.0"
"경기","부곡3동","2020-07-20 10:00","0.002","0.5","0.027","0.005","6.0","4.0"
"경기","고천동","2020-07-20 10:00","0.002","0.4","0.018","0.013","13.0","7.0"
"경기","정왕동","2020-07-20 10:00","0.003","0.4","0.026","0.01","8.0","3.0"
"경기","시화산단","2020-07-20 10:00","0.002","0.4","0.023","0.018","14.0","10.0"
"경기","대야동","2020-07-20 10:00","0.003","0.5","0.025","0.011","5.0","-1.0"
"경기","목감동","2020-07-20 10:00","0.003","0.3","0.026","0.007","6.0","2.0"
"경기","장현동","2020-07-20 10:00","0.003","0.3","0.028","0.007","9.0","-1.0"
"경기","금곡동","2020-07-20 10:00","0.002","0.5","0.018","0.011","16.0","2.0"
"경기","오남읍","2020-07-20 10:00","-1.0","0.4","0.021","0.014","21.0","3.0"
"경기","별내동","2020-07-20 10:00","-1.0","0.4","0.022","0.016","4.0","1.0"
"경기","화도읍","2020-07-20 10:00","-1.0","0.3","0.03","0.009","10.0","4.0"
"경기","경춘로","2020-07-20 10:00","0.002","0.6","0.011","0.026","14.0","10.0"
"경기","비전동","2020-07-20 10:00","0.003","0.3","0.026","0.011","13.0","0.0"
"경기","안중","2020-07-20 10:00","0.003","0.2","0.034","0.004","15.0","5.0"
"경기","평택항","2020-07-20 10:00","0.003","0.5","0.022","0.014","19.0","6.0"
"경기","송북동","2020-07-20 10:00","0.005","0.4","0.033","0.003","20.0","3.0"
"경기","청북읍","2020-07-20 10:00","0.004","0.4","0.028","0.008","14.0","7.0"
"경기","금촌동","2020-07-20 10:00","0.002","0.5","0.02","0.012","3.0","1.0"
"경기","운정","2020-07-20 10:00","0.002","0.4","0.021","0.011","6.0","2.0"
"경기","파주","2020-07-20 10:00","0.001","0.2","0.024","0.004","6.0","-1.0"
"경기","파주읍","2020-07-20 10:00","0.002","0.4","0.022","0.011","6.0","4.0"
"경기","행신동","2020-07-20 10:00","0.003","0.4","0.024","0.012","9.0","2.0"
"경기","식사동","2020-07-20 10:00","0.003","0.4","0.027","0.012","20.0","1.0"
"경기","백마로(마두역)","2020-07-20 10:00","0.003","0.5","0.025","0.022","11.0","6.0"
"경기","신원동","2020-07-20 10:00","0.002","0.3","0.029","0.012","6.0","2.0"
"경기","주엽동","2020-07-20 10:00","0.002","0.4","0.025","0.011","18.0","9.0"
"경기","경안동","2020-07-20 10:00","0.001","0.3","0.025","0.011","9.0","4.0"
"경기","오포읍","2020-07-20 10:00","0.002","0.3","0.028","0.007","6.0","5.0"
"경기","김량장동","2020-07-20 10:00","0.002","0.3","-1.0","0.007","9.0","2.0"
"경기","수지","2020-07-20 10:00","0.001","0.5","0.022","0.011","7.0","1.0"
"경기","기흥","2020-07-20 10:00","0.002","0.5","0.023","0.013","10.0","-1.0"
"경기","중부대로(구갈동)","2020-07-20 10:00","0.002","0.4","-1.0","0.018","14.0","6.0"
"경기","모현읍","2020-07-20 10:00","0.002","0.4","0.033","0.004","8.0","2.0"
"경기","이동읍","2020-07-20 10:00","0.002","0.1","0.027","0.006","14.0","4.0"
"경기","백암면","2020-07-20 10:00","0.001","0.4","0.035","0.004","9.0","4.0"
"경기","설성면","2020-07-20 10:00","0.001","-1.0","0.035","0.003","8.0","6.0"
"경기","창전동","2020-07-20 10:00","0.004","0.4","0.034","0.004","16.0","1.0"
"경기","장호원읍","2020-07-20 10:00","0.003","0.3","0.034","0.004","4.0","-1.0"
"경기","부발읍","2020-07-20 10:00","0.005","0.4","0.033","0.006","16.0","8.0"
"경기","관인면","2020-07-20 10:00","0.001","-1.0","0.029","0.005","5.0","-1.0"
"경기","선단동","2020-07-20 10:00","0.003","0.4","0.015","0.013","9.0","1.0"
"경기","일동면","2020-07-20 10:00","0.002","0.3","0.029","0.005","12.0","4.0"
"경기","사우동","2020-07-20 10:00","0.004","0.3","0.022","0.007","6.0","-1.0"
"경기","고촌읍","2020-07-20 10:00","0.004","0.3","0.023","0.011","8.0","2.0"
"경기","월곶면","2020-07-20 10:00","0.002","0.3","0.031","0.006","5.0","2.0"
"경기","한강신도시","2020-07-20 10:00","0.003","0.3","0.026","0.009","14.0","6.0"
"경기","한강로","2020-07-20 10:00","0.003","0.4","0.027","0.009","11.0","4.0"
"경기","당동","2020-07-20 10:00","0.003","0.4","0.023","0.015","9.0","9.0"
"경기","산본동","2020-07-20 10:00","0.003","0.4","0.025","0.009","9.0","6.0"
"경기","오산동","2020-07-20 10:00","0.002","0.3","0.018","0.009","5.0","0.0"
"경기","금암로(신장동)","2020-07-20 10:00","0.002","0.2","0.025","0.007","9.0","4.0"
"경기","신장동","2020-07-20 10:00","0.001","0.3","0.019","0.01","4.0","0.0"
"경기","남양읍","2020-07-20 10:00","0.005","0.3","0.026","0.011","11.0","3.0"
"경기","향남읍","2020-07-20 10:00","0.01","0.3","0.029","0.007","11.0","-1.0"
"경기","동탄","2020-07-20 10:00","0.003","0.3","0.031","0.007","10.0","5.0"
"경기","우정읍","2020-07-20 10:00","0.002","0.3","0.029","0.004","8.0","7.0"
"경기","청계동","2020-07-20 10:00","0.003","0.4","0.029","0.011","13.0","4.0"
"경기","새솔동","2020-07-20 10:00","0.003","0.4","0.025","0.005","6.0","2.0"
"경기","봉담읍","2020-07-20 10:00","0.003","0.4","0.028","0.007","7.0","7.0"
"경기","서신면","2020-07-20 10:00","0.002","0.3","0.028","0.005","7.0","5.0"
"경기","백석읍","2020-07-20 10:00","0.002","0.4","0.027","0.008","4.0","0.0"
"경기","고읍","2020-07-20 10:00","0.003","0.3","0.028","0.01","1.0","1.0"
"경기","보산동","2020-07-20 10:00","0.004","0.3","0.023","0.01","1.0","-1.0"
"경기","봉산동","2020-07-20 10:00","0.002","0.5","0.028","0.008","4.0","2.0"
"경기","공도읍","2020-07-20 10:00","0.001","0.3","0.032","0.004","3.0","1.0"
"인천","신흥","2020-07-20 10:00","0.003","0.3","0.013","0.018","5.0","2.0"
"인천","서해","2020-07-20 10:00","0.002","0.5","0.011","0.022","8.0","4.0"
"인천","송림","2020-07-20 10:00","0.003","0.5","0.012","0.02","10.0","3.0"
"인천","구월동","2020-07-20 10:00","0.003","0.5","0.019","0.011","7.0","-1.0"
"인천","숭의","2020-07-20 10:00","0.002","0.4","0.018","0.011","-1.0","-1.0"
"인천","석바위","2020-07-20 10:00","0.003","0.4","0.022","0.016","4.0","4.0"
"인천","부평역","2020-07-20 10:00","0.004","0.4","0.009","0.013","24.0","13.0"
"인천","남동","2020-07-20 10:00","0.003","0.5","0.022","0.013","7.0","1.0"
"인천","부평","2020-07-20 10:00","0.003","0.4","0.017","0.012","10.0","2.0"
"인천","연희","2020-07-20 10:00","0.003","0.4","0.017","0.015","9.0","3.0"
"인천","검단","2020-07-20 10:00","0.003","0.4","0.013","0.017","10.0","5.0"
"인천","계산","2020-07-20 10:00","0.002","0.6","0.022","0.012","-1.0","-1.0"
"인천","고잔","2020-07-20 10:00","-1.0","-1.0","-1.0","-1.0","-1.0","-1.0"
"인천","석남","2020-07-20 10:00","0.002","0.4","0.024","0.016","10.0","5.0"
"인천","송해","2020-07-20 10:00","-1.0","-1.0","-1.0","-1.0","-1.0","-1.0"
"인천","동춘","2020-07-20 10:00","0.003","0.4","0.014","0.011","-1.0","-1.0"
"인천","운서","2020-07-20 10:00","0.002","0.3","0.016","0.008","4.0","-1.0"
"인천","송현","2020-07-20 10:00","0.003","0.3","0.014","0.017","7.0","4.0"
"인천","논현","2020-07-20 10:00","0.002","0.4","0.015","0.014","7.0","3.0"
"인천","청라","2020-07-20 10:00","0.005","0.4","0.018","0.014","-1.0","-1.0"
"인천","송도","2020-07-20 10:00","0.002","0.4","0.024","0.008","7.0","1.0"
"인천","원당","2020-07-20 10:00","0.003","0.4","0.018","0.012","8.0","3.0"
"인천","길상","2020-07-20 10:00","0.004","0.3","0.029","0.004","5.0","2.0"
"인천","삼산","2020-07-20 10:00","0.002","0.4","0.019","0.011","5.0","3.0"
"인천","석모리","2020-07-20 10:00","0.001","0.6","0.026","0.001","16.0","2.0"
"인천","덕적도","2020-07-20 10:00","0.001","0.4","0.027","0.001","4.0","-1.0"
"인천","백령도","2020-07-20 10:00","0.004","0.8","0.037","0.004","-1.0","-1.0"
"인천","영흥","2020-07-20 10:00","0.003","0.3","0.031","0.004","3.0","-1.0"
"강원","중앙로","2020-07-20 10:00","-1.0","0.3","0.032","0.005","11.0","10.0"
"강원","석사동","2020-07-20 08:00","0.001","0.4","0.028","0.004","25.0","8.0"
"강원","신사우동","2020-07-20 10:00","-1.0","0.5","0.035","0.004","2.0","-1.0"
"강원","온의동","2020-07-20 10:00","-1.0","0.4","0.023","0.011","17.0","3.0"
"강원","방산면","2020-07-20 10:00","-1.0","-1.0","-1.0","-1.0","8.0","6.0"
"강원","양구읍","2020-07-20 10:00","-1.0","0.5","0.036","0.005","6.0","1.0"
"강원","중앙동(원주)","2020-07-20 10:00","0.002","0.5","0.026","0.011","8.0","-1.0"
"강원","반곡동","2020-07-20 10:00","0.002","0.3","0.024","0.005","10.0","4.0"
"강원","문막읍","2020-07-20 10:00","-1.0","0.3","0.027","0.005","11.0","2.0"
"강원","옥천동","2020-07-20 10:00","0.003","0.5","0.016","0.019","36.0","-1.0"
"강원","천곡동","2020-07-20 10:00","0.001","0.5","0.002","0.016","41.0","22.0"
"강원","남양동1","2020-07-20 10:00","0.002","0.3","0.006","0.015","30.0","16.0"
"강원","평창읍","2020-07-20 10:00","0.003","0.3","0.024","0.006","11.0","10.0"
"강원","북평면","2020-07-20 10:00","0.001","-1.0","0.026","0.001","9.0","6.0"
"강원","정선읍","2020-07-20 10:00","0.002","0.3","0.03","0.005","5.0","-1.0"
"강원","간성읍","2020-07-20 10:00","0.001","0.8","0.032","0.002","6.0","-1.0"
"강원","치악산","2020-07-20 10:00","0.002","0.1","0.031","0.001","10.0","8.0"
"강원","횡성군","2020-07-20 10:00","-1.0","0.5","0.032","0.004","7.0","5.0"
"강원","상리","2020-07-20 10:00","0.002","0.4","0.036","0.003","6.0","2.0"
"강원","양양군","2020-07-20 10:00","0.001","0.5","0.03","0.006","2.0","1.0"
"강원","속초시(금호동)","2020-07-20 10:00","0.004","0.3","0.031","0.009","18.0","7.0"
"강원","갈말읍","2020-07-20 10:00","0.003","0.5","0.033","0.005","9.0","7.0"
"강원","홍천읍","2020-07-20 10:00","0.003","0.4","0.033","0.006","7.0","4.0"
"강원","영월읍","2020-07-20 10:00","-1.0","0.2","0.013","0.007","21.0","7.0"
"강원","화천군","2020-07-20 10:00","-1.0","1.0","0.032","0.005","2.0","1.0"
"강원","태백시","2020-07-20 10:00","0.002","-1.0","0.028","0.002","3.0","-1.0"
"강원","인제군","2020-07-20 10:00","-1.0","0.5","0.036","0.001","6.0","2.0"
"충남","성황동","2020-07-20 10:00","0.002","0.7","0.028","0.013","15.0","6.0"
"충남","백석동","2020-07-20 10:00","0.002","0.4","0.03","0.01","11.0","6.0"
"충남","성성동","2020-07-20 10:00","0.003","0.3","0.035","0.009","12.0","6.0"
"충남","성거읍","2020-07-20 10:00","0.002","0.3","0.032","0.008","12.0","4.0"
"충남","신방동","2020-07-20 10:00","-1.0","0.4","0.032","0.006","15.0","12.0"
"충남","사곡면","2020-07-20 10:00","0.001","0.2","0.032","0.003","9.0","4.0"
"충남","공주","2020-07-20 10:00","0.003","0.3","0.029","0.005","6.0","2.0"
"충남","탄천면","2020-07-20 10:00","0.003","0.3","0.04","0.004","12.0","1.0"
"충남","부여읍","2020-07-20 10:00","0.003","0.6","0.029","0.006","5.0","4.0"
"충남","독곶리","2020-07-20 10:00","0.003","0.4","0.029","0.006","14.0","2.0"
"충남","동문동","2020-07-20 10:00","0.002","0.5","0.022","0.006","2.0","1.0"
"충남","대산리","2020-07-20 10:00","0.003","1.1","0.025","0.011","11.0","3.0"
"충남","성연면","2020-07-20 10:00","0.002","0.3","0.032","0.006","2.0","1.0"
"충남","송산면","2020-07-20 10:00","0.002","0.4","0.034","0.004","8.0","5.0"
"충남","당진시청사","2020-07-20 10:00","0.004","0.3","0.033","0.006","7.0","2.0"
"충남","모종동","2020-07-20 10:00","0.003","0.3","0.036","0.006","6.0","4.0"
"충남","배방읍","2020-07-20 10:00","0.003","0.2","0.062","0.006","11.0","6.0"
"충남","도고면","2020-07-20 10:00","0.003","0.3","0.033","0.004","11.0","6.0"
"충남","둔포면","2020-07-20 10:00","-1.0","0.3","0.033","0.006","15.0","3.0"
"충남","인주면","2020-07-20 10:00","0.003","0.2","0.034","0.006","15.0","3.0"
"충남","논산","2020-07-20 10:00","0.003","0.4","0.029","0.006","3.0","2.0"
"충남","파도리","2020-07-20 10:00","0.001","0.1","0.032","0.002","25.0","10.0"
"충남","이원면","2020-07-20 10:00","0.002","0.5","0.03","0.004","2.0","-1.0"
"충남","태안읍","2020-07-20 10:00","0.003","0.5","0.03","0.006","1.0","-1.0"
"충남","예산군","2020-07-20 10:00","0.004","0.3","0.037","0.004","6.0","5.0"
"충남","대천2동","2020-07-20 10:00","0.003","0.7","0.039","0.004","11.0","4.0"
"충남","주교면","2020-07-20 10:00","0.002","0.3","0.024","0.004","10.0","4.0"
"충남","홍성읍","2020-07-20 10:00","0.003","0.3","0.067","0.006","8.0","4.0"
"충남","내포","2020-07-20 10:00","0.002","0.4","0.032","0.005","6.0","5.0"
"충남","금산읍","2020-07-20 10:00","0.003","0.3","0.035","0.008","15.0","9.0"
"충남","청양읍","2020-07-20 10:00","0.003","0.3","0.034","0.009","8.0","2.0"
"충남","엄사면","2020-07-20 10:00","0.003","0.5","0.032","0.004","12.0","4.0"
"충남","서천읍","2020-07-20 10:00","0.003","0.3","0.039","0.007","13.0","5.0"
"충남","서면","2020-07-20 10:00","0.003","0.4","0.042","0.004","15.0","4.0"
"충남","장항읍","2020-07-20 10:00","0.003","0.2","0.037","0.008","11.0","2.0"
"대전","읍내동","2020-07-20 10:00","0.001","0.5","0.025","0.017","-1.0","6.0"
"대전","문평동","2020-07-20 10:00","0.002","0.3","0.023","0.014","6.0","1.0"
"대전","문창동","2020-07-20 10:00","0.002","0.4","0.033","0.004","-1.0","1.0"
"대전","구성동","2020-07-20 10:00","0.002","0.4","0.029","0.011","5.0","1.0"
"대전","노은동","2020-07-20 10:00","0.01","0.3","0.034","0.007","-1.0","2.0"
"대전","상대동(대전)","2020-07-20 10:00","0.002","0.3","0.037","0.005","4.0","3.0"
"대전","대흥동1","2020-07-20 10:00","0.004","0.2","0.014","0.02","6.0","-1.0"
"대전","성남동1","2020-07-20 10:00","0.002","0.4","0.035","0.008","6.0","2.0"
"대전","대성동","2020-07-20 10:00","-1.0","0.4","0.026","0.01","-1.0","4.0"
"대전","정림동","2020-07-20 10:00","0.002","0.4","0.032","0.005","-1.0","3.0"
"대전","둔산동","2020-07-20 10:00","0.001","0.4","0.029","0.016","3.0","-1.0"
"대전","월평동","2020-07-20 10:00","0.002","0.5","0.034","0.006","-1.0","11.0"
"충북","송정동(봉명동)","2020-07-20 10:00","0.002","0.4","0.025","0.014","7.0","6.0"
"충북","사천동","2020-07-20 10:00","0.002","0.3","0.029","0.005","6.0","5.0"
"충북","용담동","2020-07-20 10:00","0.003","0.2","0.022","0.011","9.0","3.0"
"충북","용암동","2020-07-20 10:00","0.003","0.4","0.02","0.008","13.0","-1.0"
"충북","복대동","2020-07-20 10:00","0.003","0.2","0.017","0.018","4.0","1.0"
"충북","호암동","2020-07-20 10:00","0.002","0.4","0.028","0.004","5.0","4.0"
"충북","칠금동","2020-07-20 10:00","0.003","0.3","0.014","0.022","7.0","6.0"
"충북","중앙탑면","2020-07-20 10:00","0.003","0.5","0.032","0.006","24.0","11.0"
"충북","살미면","2020-07-20 10:00","0.003","0.4","0.029","0.005","36.0","11.0"
"충북","장락동","2020-07-20 10:00","0.002","0.6","0.024","0.006","-1.0","17.0"
"충북","영천동","2020-07-20 10:00","0.003","0.3","0.029","0.007","9.0","7.0"
"충북","청풍면","2020-07-20 10:00","-1.0","0.4","0.019","0.005","9.0","6.0"
"충북","오창읍","2020-07-20 10:00","0.004","0.3","0.029","0.01","-1.0","6.0"
"충북","산남동","2020-07-20 10:00","0.002","0.2","0.026","0.009","-1.0","2.0"
"충북","오송읍","2020-07-20 10:00","0.003","0.2","0.021","0.008","5.0","1.0"
"충북","가덕면","2020-07-20 10:00","0.003","0.3","0.026","0.007","5.0","2.0"
"충북","매포읍","2020-07-20 10:00","0.003","0.3","0.016","0.003","-1.0","12.0"
"충북","단성면","2020-07-20 10:00","0.001","0.2","0.02","0.003","12.0","10.0"
"충북","단양읍","2020-07-20 10:00","0.003","0.0","0.015","0.007","17.0","10.0"
"충북","청천면","2020-07-20 10:00","-1.0","-1.0","-1.0","-1.0","-1.0","-1.0"
"충북","괴산읍","2020-07-20 10:00","0.003","0.4","0.035","0.003","10.0","7.0"
"충북","감물면","2020-07-20 10:00","-1.0","0.3","0.037","0.004","6.0","5.0"
"충북","진천읍","2020-07-20 10:00","0.002","0.4","0.029","0.007","-1.0","7.0"
"충북","덕산읍","2020-07-20 10:00","0.002","0.4","0.032","0.006","9.0","0.0"
"충북","금왕","2020-07-20 10:00","0.002","0.3","0.034","0.006","13.0","3.0"
"충북","음성읍","2020-07-20 10:00","0.003","0.3","0.036","0.004","6.0","5.0"
"충북","소이면","2020-07-20 10:00","-1.0","0.3","0.028","0.005","11.0","1.0"
"충북","영동읍","2020-07-20 10:00","0.004","0.3","0.023","0.006","11.0","9.0"
"충북","증평읍","2020-07-20 10:00","0.002","0.3","0.026","0.006","22.0","2.0"
"충북","보은읍","2020-07-20 10:00","-1.0","0.4","0.034","0.007","8.0","7.0"
"충북","옥천읍","2020-07-20 10:00","0.003","0.4","0.027","0.009","11.0","5.0"
"세종","신흥동","2020-07-20 10:00","0.002","0.4","0.033","0.008","6.0","1.0"
"세종","아름동","2020-07-20 10:00","0.002","0.5","0.035","0.007","5.0","-1.0"
"세종","한솔동","2020-07-20 10:00","0.003","0.6","0.031","0.012","4.0","1.0"
"세종","부강면","2020-07-20 10:00","0.002","0.5","0.033","0.007","6.0","4.0"
"부산","광복동","2020-07-20 10:00","0.002","0.3","0.016","0.006","22.0","9.0"
"부산","초량동","2020-07-20 10:00","0.003","0.3","0.01","0.013","25.0","8.0"
"부산","태종대","2020-07-20 10:00","0.003","0.2","0.008","0.008","25.0","9.0"
"부산","청학동","2020-07-20 10:00","0.003","0.2","0.013","0.007","17.0","3.0"
"부산","전포동","2020-07-20 10:00","0.003","0.1","0.01","0.011","34.0","7.0"
"부산","온천동","2020-07-20 10:00","0.004","0.3","0.008","0.016","21.0","10.0"
"부산","명장동","2020-07-20 10:00","-1.0","-1.0","0.016","0.007","26.0","15.0"
"부산","대연동","2020-07-20 10:00","0.004","0.4","0.008","0.009","30.0","11.0"
"부산","학장동","2020-07-20 10:00","0.004","0.2","0.019","0.006","31.0","14.0"
"부산","덕천동","2020-07-20 10:00","-1.0","0.3","0.014","0.009","36.0","14.0"
"부산","화명동","2020-07-20 10:00","-1.0","-1.0","0.015","0.009","30.0","10.0"
"부산","청룡동","2020-07-20 10:00","-1.0","-1.0","0.022","0.003","28.0","10.0"
"부산","좌동","2020-07-20 10:00","0.003","0.2","0.007","0.008","21.0","8.0"
"부산","재송동","2020-07-20 10:00","0.003","0.2","0.042","0.006","20.0","5.0"
"부산","장림동","2020-07-20 10:00","0.003","0.2","0.014","0.005","31.0","14.0"
"부산","대저동","2020-07-20 10:00","0.002","0.2","0.015","0.007","15.0","11.0"
"부산","녹산동","2020-07-20 10:00","0.004","0.3","0.018","0.004","28.0","8.0"
"부산","연산동","2020-07-20 10:00","0.002","0.3","0.012","0.012","28.0","6.0"
"부산","기장읍","2020-07-20 10:00","-1.0","0.2","0.02","0.004","40.0","16.0"
"부산","용수리","2020-07-20 10:00","0.002","0.2","0.024","0.007","19.0","8.0"
"부산","수정동","2020-07-20 02:00","0.002","0.2","0.035","0.004","25.0","5.0"
"부산","부곡동","2020-07-20 10:00","0.002","0.3","0.02","0.01","26.0","8.0"
"부산","광안동","2020-07-20 10:00","-1.0","-1.0","0.013","0.008","29.0","12.0"
"부산","대신동","2020-07-20 10:00","0.004","0.3","0.01","0.009","35.0","16.0"
"부산","덕포동","2020-07-20 10:00","0.003","0.3","0.012","0.012","30.0","8.0"
"부산","개금동","2020-07-20 10:00","0.003","0.3","0.016","0.008","17.0","2.0"
"부산","당리동","2020-07-20 10:00","0.003","0.3","0.015","0.009","29.0","5.0"
"부산","부산북항","2020-07-20 10:00","0.005","0.2","0.01","0.01","24.0","6.0"
"부산","부산신항","2020-07-20 10:00","0.003","0.2","0.022","0.012","16.0","7.0"
"울산","대송동","2020-07-20 10:00","0.002","0.2","0.015","0.008","22.0","15.0"
"울산","성남동","2020-07-20 10:00","0.002","0.2","0.022","0.008","20.0","5.0"
"울산","부곡동(울산)","2020-07-20 10:00","0.003","0.5","0.018","0.011","30.0","7.0"
"울산","여천동(울산)","2020-07-20 10:00","0.009","0.4","0.016","0.014","24.0","7.0"
"울산","야음동","2020-07-20 10:00","0.001","0.3","0.021","0.009","-1.0","7.0"
"울산","삼산동","2020-07-20 10:00","0.003","0.4","0.015","0.011","19.0","17.0"
"울산","신정로","2020-07-20 10:00","0.003","0.6","0.016","0.006","17.0","3.0"
"울산","신정동","2020-07-20 10:00","0.002","0.6","0.02","0.008","17.0","8.0"
"울산","덕신리","2020-07-20 10:00","0.002","0.5","0.02","0.005","30.0","3.0"
"울산","무거동","2020-07-20 10:00","0.002","0.3","0.022","0.008","20.0","6.0"
"울산","효문동","2020-07-20 10:00","0.002","0.3","0.014","0.019","28.0","6.0"
"울산","화산리","2020-07-20 10:00","0.004","0.6","0.013","0.011","38.0","20.0"
"울산","상남리","2020-07-20 10:00","0.002","0.1","0.019","0.009","20.0","-1.0"
"울산","농소동","2020-07-20 10:00","0.002","0.5","0.019","0.008","11.0","8.0"
"울산","삼남면","2020-07-19 21:00","-1.0","0.1","0.003","0.001","-1.0","-1.0"
"울산","약사동","2020-07-20 10:00","0.002","-1.0","0.021","0.009","16.0","14.0"
"울산","웅촌면","2020-07-20 10:00","0.002","0.4","0.019","0.008","17.0","11.0"
"울산","전하동","2020-07-20 10:00","0.002","0.3","0.012","0.008","31.0","7.0"
"대구","수창동","2020-07-20 10:00","0.004","0.3","0.032","0.007","30.0","16.0"
"대구","지산동","2020-07-20 10:00","0.003","0.3","0.03","0.003","18.0","3.0"
"대구","서호동","2020-07-20 10:00","0.001","0.1","0.027","0.007","23.0","12.0"
"대구","이현동","2020-07-20 10:00","0.002","0.5","0.029","0.01","26.0","13.0"
"대구","평리동","2020-07-20 10:00","0.002","0.6","0.023","0.014","37.0","16.0"
"대구","대명동","2020-07-20 10:00","0.001","0.2","0.028","0.007","23.0","14.0"
"대구","노원동","2020-07-20 10:00","0.002","0.4","0.03","0.009","37.0","21.0"
"대구","신암동","2020-07-20 10:00","0.002","0.2","0.021","0.015","40.0","12.0"
"대구","태전동","2020-07-20 10:00","0.003","0.4","0.029","0.008","32.0","10.0"
"대구","만촌동","2020-07-20 10:00","0.002","0.3","0.027","0.008","22.0","12.0"
"대구","호림동","2020-07-20 10:00","0.002","0.3","0.027","0.006","20.0","12.0"
"대구","유가읍","2020-07-20 10:00","0.001","0.1","0.021","0.006","20.0","10.0"
"대구","이곡동","2020-07-20 10:00","0.002","0.6","0.022","0.012","17.0","13.0"
"대구","시지동","2020-07-20 10:00","0.001","0.3","0.028","0.003","30.0","4.0"
"대구","진천동","2020-07-20 10:00","0.001","0.2","0.031","0.005","25.0","17.0"
"대구","다사읍","2020-07-20 10:00","-1.0","-1.0","-1.0","-1.0","21.0","10.0"
"대구","본동","2020-07-20 10:00","0.001","0.3","0.028","0.006","24.0","18.0"
"경북","장흥동","2020-07-20 10:00","0.004","0.1","0.017","0.012","22.0","7.0"
"경북","장량동","2020-07-20 10:00","0.002","0.3","0.019","0.013","22.0","8.0"
"경북","대도동","2020-07-20 10:00","0.003","0.1","0.024","0.008","27.0","6.0"
"경북","대송면","2020-07-20 10:00","0.003","0.2","0.021","0.004","14.0","6.0"
"경북","3공단","2020-07-20 10:00","0.003","0.3","0.019","0.007","20.0","6.0"
"경북","송도동","2020-07-20 10:00","0.003","0.1","0.02","0.008","23.0","8.0"
"경북","오천읍","2020-07-20 10:00","0.003","0.0","0.024","0.014","30.0","13.0"
"경북","청림동","2020-07-20 10:00","0.004","0.5","0.02","0.011","34.0","12.0"
"경북","성건동","2020-07-20 10:00","0.003","0.2","0.015","0.012","27.0","13.0"
"경북","보덕동","2020-07-20 10:00","0.003","0.2","0.027","0.004","17.0","7.0"
"경북","안강읍","2020-07-20 10:00","0.003","0.2","0.018","0.008","13.0","6.0"
"경북","외동읍","2020-07-20 10:00","0.003","0.2","0.025","0.006","16.0","9.0"
"경북","문당동","2020-07-20 10:00","0.002","0.5","0.005","0.013","40.0","17.0"
"경북","대광동","2020-07-20 10:00","0.003","0.2","0.008","0.016","38.0","30.0"
"경북","율곡동","2020-07-20 10:00","0.002","0.4","0.009","0.018","17.0","6.0"
"경북","명륜동","2020-07-20 10:00","0.002","0.2","0.021","0.008","18.0","9.0"
"경북","공단동","2020-07-20 10:00","0.003","0.3","0.016","0.017","26.0","13.0"
"경북","원평동","2020-07-20 10:00","0.002","0.4","0.032","0.009","14.0","13.0"
"경북","형곡동","2020-07-20 10:00","0.003","0.4","0.026","0.006","28.0","7.0"
"경북","4공단","2020-07-20 10:00","0.003","0.3","0.025","0.008","21.0","11.0"
"경북","가흥동","2020-07-20 10:00","0.003","0.4","0.005","0.012","17.0","15.0"
"경북","중방동","2020-07-20 10:00","0.003","0.2","0.028","0.004","18.0","16.0"
"경북","상주시","2020-07-20 10:00","0.003","0.3","0.005","0.012","-1.0","-1.0"
"경북","칠곡군","2020-07-20 10:00","0.003","0.1","0.029","0.006","24.0","12.0"
"경북","영덕읍","2020-07-20 10:00","0.002","0.2","0.022","0.006","24.0","10.0"
"경북","문경시","2020-07-20 10:00","0.003","0.3","0.005","0.013","17.0","10.0"
"경북","성주군","2020-07-20 10:00","0.002","0.1","0.028","0.006","25.0","15.0"
"경북","지품면","2020-07-20 10:00","-1.0","-1.0","-1.0","-1.0","-1.0","-1.0"
"경북","화북면","2020-07-20 10:00","0.0","0.0","0.017","0.002","27.0","8.0"
"경북","영천시","2020-07-20 10:00","0.003","0.3","0.031","0.005","18.0","11.0"
"경북","안계면","2020-07-20 10:00","0.002","0.3","0.017","0.007","15.0","13.0"
"경북","의성읍","2020-07-20 10:00","0.003","0.3","0.032","0.005","15.0","5.0"
"경북","울진군","2020-07-20 10:00","-1.0","0.3","0.02","0.005","25.0","3.0"
"경북","석포면","2020-07-20 10:00","0.003","0.2","0.07","0.009","11.0","10.0"
"경북","태하리","2020-07-20 10:00","0.001","0.2","0.02","0.002","15.0","8.0"
"경북","울릉읍","2020-07-20 10:00","-1.0","0.2","0.018","0.003","28.0","18.0"
"경북","대가야읍","2020-07-20 10:00","-1.0","-1.0","-1.0","-1.0","-1.0","-1.0"
"경북","군위읍","2020-07-20 10:00","0.002","0.3","0.032","0.006","20.0","10.0"
"경북","영양군","2020-07-20 10:00","0.002","0.2","0.027","0.006","19.0","4.0"
"경북","예천군","2020-07-20 10:00","0.002","0.2","0.026","0.007","21.0","13.0"
"경북","화양읍","2020-07-20 10:00","-1.0","0.2","0.035","0.003","11.0","6.0"
"경북","청송읍","2020-07-20 10:00","0.003","0.2","0.036","0.003","25.0","7.0"
"경남","회원동","2020-07-20 10:00","-1.0","-1.0","-1.0","-1.0","-1.0","-1.0"
"경남","봉암동","2020-07-20 10:00","0.002","0.2","0.013","0.013","23.0","11.0"
"경남","상봉동","2020-07-20 10:00","0.003","0.4","0.023","0.009","19.0","9.0"
"경남","대안동","2020-07-20 10:00","0.003","0.3","0.028","0.008","25.0","-1.0"
"경남","상대동","2020-07-20 10:00","0.003","0.3","0.022","0.011","25.0","11.0"
"경남","명서동","2020-07-20 10:00","0.003","0.4","0.02","0.01","22.0","9.0"
"경남","웅남동","2020-07-20 10:00","0.003","0.3","0.022","0.004","28.0","10.0"
"경남","성주동","2020-07-20 10:00","0.002","0.2","0.022","0.006","9.0","-1.0"
"경남","용지동","2020-07-20 10:00","0.002","0.5","0.026","0.006","31.0","4.0"
"경남","반송로","2020-07-20 10:00","0.003","0.2","0.018","0.007","25.0","9.0"
"경남","사파동","2020-07-20 10:00","0.003","0.2","0.019","0.005","28.0","12.0"
"경남","경화동","2020-07-20 10:00","0.003","0.3","0.017","0.005","33.0","18.0"
"경남","월영동","2020-07-20 10:00","0.002","0.3","0.018","0.009","27.0","11.0"
"경남","하동읍","2020-07-20 10:00","0.002","0.3","0.03","0.005","16.0","-1.0"
"경남","동상동","2020-07-20 10:00","0.003","0.2","0.024","0.006","47.0","4.0"
"경남","삼방동","2020-07-20 10:00","0.002","0.2","0.011","0.017","23.0","6.0"
"경남","장유동","2020-07-20 10:00","0.002","0.3","0.018","0.005","25.0","12.0"
"경남","진영읍","2020-07-20 10:00","0.002","0.2","0.029","0.005","21.0","8.0"
"경남","저구리","2020-07-20 10:00","0.001","0.1","0.01","0.004","20.0","1.0"
"경남","아주동","2020-07-20 10:00","0.002","0.4","0.019","0.002","20.0","7.0"
"경남","사천읍","2020-07-20 10:00","0.003","0.3","0.026","0.006","23.0","12.0"
"경남","대산면","2020-07-20 10:00","0.001","0.4","0.019","0.004","26.0","15.0"
"경남","북부동","2020-07-20 10:00","0.004","0.2","0.008","0.014","41.0","12.0"
"경남","삼호동","2020-07-20 10:00","0.002","0.3","0.021","0.007","26.0","13.0"
"경남","내일동","2020-07-20 10:00","-1.0","-1.0","-1.0","-1.0","-1.0","-1.0"
"경남","무전동","2020-07-20 10:00","0.003","0.1","0.017","0.008","26.0","5.0"
"경남","고성읍","2020-07-20 10:00","0.003","0.2","0.019","0.006","19.0","6.0"
"경남","거창읍","2020-07-20 10:00","-1.0","0.3","0.024","0.011","14.0","5.0"
"경남","가야읍","2020-07-20 10:00","0.002","0.3","0.031","0.004","16.0","6.0"
"경남","함양읍","2020-07-20 10:00","0.002","0.3","0.032","0.005","6.0","4.0"
"경남","남해읍","2020-07-20 10:00","0.002","0.5","0.025","0.005","16.0","9.0"
"경남","산청읍","2020-07-20 10:00","0.002","0.3","0.029","0.007","15.0","9.0"
"경남","남상면","2020-07-20 10:00","0.002","0.3","0.023","0.005","9.0","5.0"
"경남","의령읍","2020-07-20 10:00","0.002","0.2","0.03","0.003","20.0","10.0"
"경남","창녕읍","2020-07-20 10:00","0.003","0.2","0.028","0.007","23.0","12.0"
"경남","합천읍","2020-07-20 10:00","0.003","0.3","0.029","0.006","29.0","14.0"
"전남","용당동","2020-07-20 10:00","0.003","0.5","0.039","0.005","8.0","4.0"
"전남","부흥동","2020-07-20 10:00","0.003","0.3","0.025","0.006","4.0","2.0"
"전남","서강동","2020-07-20 10:00","0.002","0.3","0.015","0.004","27.0","6.0"
"전남","월내동","2020-07-20 10:00","0.002","0.5","0.023","0.006","19.0","8.0"
"전남","문수동","2020-07-20 10:00","0.002","0.4","0.021","0.008","33.0","-1.0"
"전남","여천동(여수)","2020-07-20 10:00","0.002","0.4","0.02","0.006","16.0","8.0"
"전남","덕충동","2020-07-20 10:00","0.002","0.4","0.014","0.008","35.0","8.0"
"전남","장천동","2020-07-20 10:00","0.003","0.3","0.023","0.01","9.0","2.0"
"전남","연향동","2020-07-20 10:00","0.004","0.3","0.028","0.006","9.0","-1.0"
"전남","순천만","2020-07-20 10:00","0.002","0.1","0.027","0.002","4.0","-1.0"
"전남","호두리","2020-07-20 10:00","-1.0","0.1","0.024","0.002","11.0","6.0"
"전남","신대","2020-07-20 10:00","0.003","0.2","0.039","0.004","13.0","4.0"
"전남","빛가람동","2020-07-20 10:00","0.003","0.2","0.037","0.005","12.0","6.0"
"전남","담양읍","2020-07-20 10:00","0.003","0.3","0.016","0.006","17.0","1.0"
"전남","장성읍","2020-07-20 10:00","0.004","0.5","0.028","0.004","13.0","3.0"
"전남","화양면","2020-07-20 10:00","0.003","0.4","0.029","0.003","15.0","8.0"
"전남","율촌면","2020-07-20 10:00","0.001","0.6","0.025","0.003","19.0","8.0"
"전남","삼일동","2020-07-20 10:00","0.002","0.3","0.018","0.006","23.0","10.0"
"전남","중동","2020-07-20 10:00","-1.0","-1.0","-1.0","-1.0","-1.0","-1.0"
"전남","태인동","2020-07-20 10:00","0.004","0.2","0.01","0.017","26.0","18.0"
"전남","진상면","2020-07-20 10:00","0.002","0.2","0.032","0.008","16.0","11.0"
"전남","광양읍","2020-07-20 10:00","0.002","0.3","0.022","0.008","5.0","4.0"
"전남","해남읍","2020-07-20 10:00","0.003","0.4","0.025","0.008","38.0","12.0"
"전남","나불리","2020-07-20 10:00","0.003","0.3","0.021","0.008","47.0","36.0"
"전남","송단리","2020-07-20 10:00","0.003","0.2","0.032","0.003","7.0","4.0"
"전남","화순읍","2020-07-20 10:00","0.002","0.4","0.024","0.006","13.0","5.0"
"전남","영광읍","2020-07-20 10:00","0.003","0.4","0.035","0.006","6.0","3.0"
"전남","장흥읍","2020-07-20 10:00","0.003","0.4","0.035","0.006","14.0","13.0"
"전남","진도읍","2020-07-20 10:00","0.002","0.4","0.029","0.003","16.0","1.0"
"전남","신지면","2020-07-20 10:00","0.001","0.5","0.016","0.006","29.0","11.0"
"전남","함평읍","2020-07-20 10:00","0.001","0.5","0.022","0.005","14.0","6.0"
"전남","고흥읍","2020-07-20 10:00","0.002","0.4","0.041","0.003","6.0","-1.0"
"전남","신안군","2020-07-20 10:00","0.004","0.3","0.042","0.003","13.0","4.0"
"전남","무안읍","2020-07-20 10:00","0.003","0.4","0.03","0.004","26.0","9.0"
"전남","곡성읍","2020-07-20 10:00","0.002","0.5","0.024","0.004","7.0","1.0"
"전남","구례읍","2020-07-20 10:00","0.003","0.5","0.023","0.005","12.0","6.0"
"전남","벌교읍","2020-07-20 10:00","0.002","0.8","0.016","0.002","7.0","-1.0"
"전북","노송동","2020-07-20 10:00","0.002","0.4","0.065","0.006","-1.0","6.0"
"전북","삼천동","2020-07-20 10:00","0.002","0.4","0.071","0.006","4.0","1.0"
"전북","팔복동","2020-07-20 10:00","0.003","0.5","-1.0","0.012","4.0","4.0"
"전북","송천동","2020-07-20 10:00","0.003","0.3","0.029","0.01","10.0","7.0"
"전북","서신동","2020-07-20 10:00","0.003","0.7","-1.0","0.018","12.0","9.0"
"전북","혁신동","2020-07-20 10:00","0.003","0.5","0.035","0.008","11.0","5.0"
"전북","신풍동(군산)","2020-07-20 10:00","0.002","0.3","0.034","0.002","10.0","5.0"
"전북","소룡동","2020-07-20 10:00","0.002","0.3","0.036","0.006","11.0","3.0"
"전북","개정동","2020-07-20 10:00","0.003","0.4","0.035","0.005","8.0","-1.0"
"전북","옥산면","2020-07-20 10:00","0.004","0.3","0.039","0.003","6.0","5.0"
"전북","비응도동","2020-07-20 10:00","0.003","0.3","0.037","0.006","11.0","10.0"
"전북","삼기면","2020-07-20 10:00","0.003","0.3","0.035","0.005","5.0","2.0"
"전북","팔봉동","2020-07-20 10:00","0.001","0.4","0.034","0.009","2.0","1.0"
"전북","모현동","2020-07-20 10:00","-1.0","-1.0","-1.0","-1.0","-1.0","-1.0"
"전북","용동면","2020-07-20 10:00","0.002","0.3","0.038","0.004","6.0","3.0"
"전북","함열읍","2020-07-20 10:00","0.002","0.3","0.029","0.005","3.0","-1.0"
"전북","연지동","2020-07-20 10:00","0.003","0.3","0.026","0.007","9.0","-1.0"
"전북","신태인","2020-07-20 10:00","0.002","0.3","0.029","0.013","2.0","-1.0"
"전북","죽항동","2020-07-20 10:00","0.002","0.2","0.022","0.01","9.0","7.0"
"전북","고창읍","2020-07-20 10:00","-1.0","0.1","0.036","0.005","9.0","6.0"
"전북","심원면","2020-07-20 10:00","0.003","0.2","0.037","0.003","4.0","4.0"
"전북","부안읍","2020-07-20 10:00","0.003","0.6","0.037","0.008","-1.0","3.0"
"전북","새만금","2020-07-20 10:00","0.001","0.7","0.033","0.002","10.0","3.0"
"전북","요촌동","2020-07-20 10:00","0.001","0.4","0.035","0.008","9.0","-1.0"
"전북","고산면","2020-07-20 10:00","0.002","0.5","0.032","0.007","-1.0","1.0"
"전북","봉동읍","2020-07-20 10:00","0.001","0.5","0.028","0.012","6.0","6.0"
"전북","진안읍","2020-07-20 10:00","0.002","0.2","0.023","0.008","12.0","4.0"
"전북","운암면","2020-07-20 10:00","0.0","1.0","0.019","0.003","6.0","-1.0"
"전북","임실읍","2020-07-20 10:00","0.003","0.4","0.032","0.002","8.0","5.0"
"전북","무주읍","2020-07-20 10:00","-1.0","0.3","0.029","0.005","4.0","-1.0"
"전북","순창읍","2020-07-20 10:00","0.003","0.3","0.028","0.007","7.0","6.0"
"전북","장수읍","2020-07-20 10:00","-1.0","0.3","0.037","0.005","8.0","5.0"
"제주","이도동","2020-07-20 10:00","0.001","0.1","0.02","0.008","13.0","-1.0"
"제주","연동","2020-07-20 10:00","0.001","0.2","0.02","0.006","8.0","1.0"
"제주","동홍동","2020-07-20 10:00","-1.0","0.0","0.012","0.005","9.0","6.0"
"제주","성산읍","2020-07-20 10:00","-1.0","0.0","0.013","0.003","10.0","8.0"
"제주","남원읍","2020-07-20 10:00","0.001","0.3","0.012","0.003","17.0","6.0"
"제주","대정읍","2020-07-20 10:00","0.001","0.1","0.016","0.003","11.0","3.0"
"제주","노형로","2020-07-20 10:00","0.001","0.3","0.015","0.01","9.0","3.0"
"제주","고산리","2020-07-20 10:00","-1.0","-1.0","-1.0","-1.0","-1.0","5.0"
"서울","중구","2020-07-20 10:00","0.002","0.5","0.011","0.023","9.0","6.0"
"서울","한강대로","2020-07-20 10:00","0.003","0.5","0.01","0.023","38.0","11.0"
"서울","종로구","2020-07-20 10:00","0.003","0.4","0.021","0.013","8.0","5.0"
"서울","청계천로","2020-07-20 10:00","0.003","0.6","0.017","0.015","12.0","8.0"
"서울","종로","2020-07-20 10:00","0.002","0.4","0.016","0.016","11.0","9.0"
"서울","용산구","2020-07-20 10:00","0.003","0.3","0.02","0.01","7.0","4.0"
"서울","광진구","2020-07-20 10:00","0.003","0.4","0.026","0.012","9.0","3.0"
"서울","성동구","2020-07-20 10:00","0.002","0.4","0.015","0.013","9.0","6.0"
"서울","강변북로","2020-07-20 10:00","0.003","0.8","0.017","0.019","7.0","5.0"
"서울","중랑구","2020-07-20 10:00","0.002","0.4","0.018","0.018","10.0","6.0"
"서울","동대문구","2020-07-20 10:00","0.002","0.4","0.024","0.012","9.0","3.0"
"서울","홍릉로","2020-07-20 10:00","0.002","0.6","0.009","0.031","18.0","9.0"
"서울","성북구","2020-07-20 10:00","0.002","0.5","0.015","0.022","11.0","4.0"
"서울","정릉로","2020-07-20 10:00","0.003","0.3","0.029","0.015","8.0","6.0"
"서울","도봉구","2020-07-20 10:00","0.002","0.3","0.02","0.01","9.0","3.0"
"서울","은평구","2020-07-20 10:00","0.003","0.5","0.02","0.011","3.0","2.0"
"서울","서대문구","2020-07-20 10:00","0.002","0.3","0.021","0.011","3.0","1.0"
"서울","마포구","2020-07-20 10:00","0.002","0.3","0.019","0.013","6.0","2.0"
"서울","신촌로","2020-07-20 10:00","0.003","0.5","0.011","0.031","11.0","5.0"
"서울","강서구","2020-07-20 10:00","0.002","0.3","0.02","0.012","3.0","3.0"
"서울","공항대로","2020-07-20 10:00","0.004","0.3","0.019","0.018","6.0","4.0"
"서울","구로구","2020-07-20 10:00","0.002","0.3","0.032","0.011","3.0","1.0"
"서울","영등포구","2020-07-20 10:00","0.002","0.3","0.017","0.015","7.0","3.0"
"서울","영등포로","2020-07-20 10:00","0.004","0.8","0.009","0.038","8.0","4.0"
"서울","동작구","2020-07-20 10:00","0.002","0.4","0.02","0.008","9.0","6.0"
"서울","동작대로 중앙차로","2020-07-20 10:00","0.003","0.4","0.027","0.01","5.0","-1.0"
"서울","관악구","2020-07-20 10:00","0.002","0.3","0.021","0.014","11.0","6.0"
"서울","강남구","2020-07-20 10:00","0.002","0.4","0.021","0.014","10.0","7.0"
"서울","서초구","2020-07-20 10:00","0.003","0.3","0.03","0.011","4.0","4.0"
"서울","도산대로","2020-07-20 10:00","0.002","0.7","0.012","0.02","6.0","4.0"
"서울","강남대로","2020-07-20 10:00","0.003","0.8","0.015","0.022","9.0","3.0"
"서울","송파구","2020-07-20 10:00","0.002","0.4","0.019","0.013","6.0","3.0"
"서울","강동구","2020-07-20 10:00","0.003","0.4","0.01","0.02","14.0","8.0"
"서울","천호대로","2020-07-20 10:00","0.003","0.5","0.009","0.03","13.0","7.0"
"서울","금천구","2020-07-20 10:00","0.002","0.4","0.012","0.017","8.0","5.0"
"서울","시흥대로","2020-07-20 10:00","0.003","0.5","0.013","0.019","11.0","5.0"
"서울","강북구","2020-07-20 10:00","0.002","0.3","0.015","0.01","5.0","3.0"
"서울","양천구","2020-07-20 10:00","0.003","0.3","0.018","0.011","-1.0","4.0"
"서울","노원구","2020-07-20 10:00","0.002","0.4","0.017","0.017","10.0","6.0"
"서울","화랑로","2020-07-20 10:00","-1.0","0.3","0.08","0.02","-1.0","-1.0"
"경기","신풍동","2020-07-20 10:00","0.001","0.5","0.024","0.009","11.0","3.0"
"경기","인계동","2020-07-20 10:00","0.003","0.6","0.026","0.012","8.0","4.0"
"경기","광교동","2020-07-20 10:00","0.002","0.4","0.021","0.008","13.0","3.0"
"경기","영통동","2020-07-20 10:00","0.002","0.6","0.027","0.01","11.0","6.0"
"경기","천천동","2020-07-20 10:00","0.002","0.3","0.026","0.008","15.0","3.0"
"경기","경수대로(동수원)","2020-07-20 10:00","0.002","0.6","0.012","0.012","12.0","4.0"
"경기","고색동","2020-07-20 10:00","0.002","0.5","0.023","0.011","11.0","3.0"
"경기","호매실동","2020-07-20 10:00","0.002","0.5","0.018","0.01","8.0","8.0"
"경기","대왕판교로(백현동)","2020-07-20 10:00","0.003","0.6","-1.0","0.018","15.0","3.0"
"경기","단대동","2020-07-20 10:00","0.002","0.4","0.023","0.014","7.0","2.0"
"경기","정자동","2020-07-20 10:00","0.002","0.4","0.02","0.012","10.0","5.0"
"경기","수내동","2020-07-20 10:00","0.002","0.5","0.019","0.016","10.0","4.0"
"경기","성남대로(모란역)","2020-07-20 10:00","0.002","0.7","0.011","0.032","19.0","4.0"
"경기","복정동","2020-07-20 10:00","0.003","0.5","0.016","0.02","42.0","13.0"
"경기","운중동","2020-07-20 10:00","0.003","0.3","0.025","0.008","9.0","3.0"
"경기","상대원동","2020-07-20 10:00","0.002","0.3","0.016","0.019","9.0","2.0"
"경기","의정부동","2020-07-20 10:00","0.004","0.5","0.023","0.015","9.0","6.0"
"경기","의정부1동","2020-07-20 10:00","0.003","0.4","0.021","0.016","8.0","2.0"
"경기","안양6동","2020-07-20 10:00","0.002","0.4","0.03","0.009","17.0","7.0"
"경기","부림동","2020-07-20 10:00","0.003","0.5","0.024","0.011","11.0","4.0"
"경기","호계동","2020-07-20 10:00","0.002","0.3","0.023","0.01","11.0","8.0"
"경기","안양2동","2020-07-20 10:00","0.002","0.5","0.028","0.01","5.0","4.0"
"경기","철산동","2020-07-20 10:00","0.002","0.5","0.024","0.008","3.0","1.0"
"경기","소하동","2020-07-20 10:00","0.001","0.4","0.028","0.007","-1.0","2.0"
"경기","고잔동","2020-07-20 10:00","0.002","0.3","0.019","0.011","5.0","4.0"
"경기","원시동","2020-07-20 10:00","0.006","0.2","0.019","0.012","15.0","1.0"
"경기","본오동","2020-07-20 10:00","0.002","0.4","0.025","0.011","9.0","8.0"
"경기","부곡동1","2020-07-20 10:00","0.004","0.3","0.022","0.008","7.0","1.0"
"경기","대부동","2020-07-20 10:00","0.002","0.3","0.026","0.006","4.0","1.0"
"경기","호수동","2020-07-20 10:00","0.002","0.3","0.023","0.018","4.0","1.0"
"경기","중앙대로(고잔동)","2020-07-20 10:00","0.002","0.3","-1.0","0.013","5.0","3.0"
"경기","별양동","2020-07-20 10:00","0.002","0.5","0.02","0.015","12.0","5.0"
"경기","과천동","2020-07-20 10:00","0.002","0.4","0.024","0.011","2.0","2.0"
"경기","교문동","2020-07-20 10:00","0.003","0.4","0.026","0.008","6.0","0.0"
"경기","동구동","2020-07-20 10:00","0.002","0.3","0.025","0.012","4.0","4.0"
"경기","부곡3동","2020-07-20 10:00","0.002","0.5","0.027","0.005","6.0","4.0"
"경기","고천동","2020-07-20 10:00","0.002","0.4","0.018","0.013","13.0","7.0"
"경기","정왕동","2020-07-20 10:00","0.003","0.4","0.026","0.01","8.0","3.0"
"경기","시화산단","2020-07-20 10:00","0.002","0.4","0.023","0.018","14.0","10.0"
"경기","대야동","2020-07-20 10:00","0.003","0.5","0.025","0.011","5.0","-1.0"
"경기","목감동","2020-07-20 10:00","0.003","0.3","0.026","0.007","6.0","2.0"
"경기","장현동","2020-07-20 10:00","0.003","0.3","0.028","0.007","9.0","-1.0"
"경기","금곡동","2020-07-20 10:00","0.002","0.5","0.018","0.011","16.0","2.0"
"경기","오남읍","2020-07-20 10:00","-1.0","0.4","0.021","0.014","21.0","3.0"
"경기","별내동","2020-07-20 10:00","-1.0","0.4","0.022","0.016","4.0","1.0"
"경기","화도읍","2020-07-20 10:00","-1.0","0.3","0.03","0.009","10.0","4.0"
"경기","경춘로","2020-07-20 10:00","0.002","0.6","0.011","0.026","14.0","10.0"
"경기","비전동","2020-07-20 10:00","0.003","0.3","0.026","0.011","13.0","0.0"
"경기","안중","2020-07-20 10:00","0.003","0.2","0.034","0.004","15.0","5.0"
"경기","평택항","2020-07-20 10:00","0.003","0.5","0.022","0.014","19.0","6.0"
"경기","송북동","2020-07-20 10:00","0.005","0.4","0.033","0.003","20.0","3.0"
"경기","청북읍","2020-07-20 10:00","0.004","0.4","0.028","0.008","14.0","7.0"
"경기","금촌동","2020-07-20 10:00","0.002","0.5","0.02","0.012","3.0","1.0"
"경기","운정","2020-07-20 10:00","0.002","0.4","0.021","0.011","6.0","2.0"
"경기","파주","2020-07-20 10:00","0.001","0.2","0.024","0.004","6.0","-1.0"
"경기","파주읍","2020-07-20 10:00","0.002","0.4","0.022","0.011","6.0","4.0"
"경기","행신동","2020-07-20 10:00","0.003","0.4","0.024","0.012","9.0","2.0"
"경기","식사동","2020-07-20 10:00","0.003","0.4","0.027","0.012","20.0","1.0"
"경기","백마로(마두역)","2020-07-20 10:00","0.003","0.5","0.025","0.022","11.0","6.0"
"경기","신원동","2020-07-20 10:00","0.002","0.3","0.029","0.012","6.0","2.0"
"경기","주엽동","2020-07-20 10:00","0.002","0.4","0.025","0.011","18.0","9.0"
"경기","경안동","2020-07-20 10:00","0.001","0.3","0.025","0.011","9.0","4.0"
"경기","오포읍","2020-07-20 10:00","0.002","0.3","0.028","0.007","6.0","5.0"
"경기","김량장동","2020-07-20 10:00","0.002","0.3","-1.0","0.007","9.0","2.0"
"경기","수지","2020-07-20 10:00","0.001","0.5","0.022","0.011","7.0","1.0"
"경기","기흥","2020-07-20 10:00","0.002","0.5","0.023","0.013","10.0","-1.0"
"경기","중부대로(구갈동)","2020-07-20 10:00","0.002","0.4","-1.0","0.018","14.0","6.0"
"경기","모현읍","2020-07-20 10:00","0.002","0.4","0.033","0.004","8.0","2.0"
"경기","이동읍","2020-07-20 10:00","0.002","0.1","0.027","0.006","14.0","4.0"
"경기","백암면","2020-07-20 10:00","0.001","0.4","0.035","0.004","9.0","4.0"
"경기","설성면","2020-07-20 10:00","0.001","-1.0","0.035","0.003","8.0","6.0"
"경기","창전동","2020-07-20 10:00","0.004","0.4","0.034","0.004","16.0","1.0"
"경기","장호원읍","2020-07-20 10:00","0.003","0.3","0.034","0.004","4.0","-1.0"
"경기","부발읍","2020-07-20 10:00","0.005","0.4","0.033","0.006","16.0","8.0"
"경기","관인면","2020-07-20 10:00","0.001","-1.0","0.029","0.005","5.0","-1.0"
"경기","선단동","2020-07-20 10:00","0.003","0.4","0.015","0.013","9.0","1.0"
"경기","일동면","2020-07-20 10:00","0.002","0.3","0.029","0.005","12.0","4.0"
"경기","사우동","2020-07-20 10:00","0.004","0.3","0.022","0.007","6.0","-1.0"
"경기","고촌읍","2020-07-20 10:00","0.004","0.3","0.023","0.011","8.0","2.0"
"경기","월곶면","2020-07-20 10:00","0.002","0.3","0.031","0.006","5.0","2.0"
"경기","한강신도시","2020-07-20 10:00","0.003","0.3","0.026","0.009","14.0","6.0"
"경기","한강로","2020-07-20 10:00","0.003","0.4","0.027","0.009","11.0","4.0"
"경기","당동","2020-07-20 10:00","0.003","0.4","0.023","0.015","9.0","9.0"
"경기","산본동","2020-07-20 10:00","0.003","0.4","0.025","0.009","9.0","6.0"
"경기","오산동","2020-07-20 10:00","0.002","0.3","0.018","0.009","5.0","0.0"
"경기","금암로(신장동)","2020-07-20 10:00","0.002","0.2","0.025","0.007","9.0","4.0"
"경기","신장동","2020-07-20 10:00","0.001","0.3","0.019","0.01","4.0","0.0"
"경기","남양읍","2020-07-20 10:00","0.005","0.3","0.026","0.011","11.0","3.0"
"경기","향남읍","2020-07-20 10:00","0.01","0.3","0.029","0.007","11.0","-1.0"
"경기","동탄","2020-07-20 10:00","0.003","0.3","0.031","0.007","10.0","5.0"
"경기","우정읍","2020-07-20 10:00","0.002","0.3","0.029","0.004","8.0","7.0"
"경기","청계동","2020-07-20 10:00","0.003","0.4","0.029","0.011","13.0","4.0"
"경기","새솔동","2020-07-20 10:00","0.003","0.4","0.025","0.005","6.0","2.0"
"경기","봉담읍","2020-07-20 10:00","0.003","0.4","0.028","0.007","7.0","7.0"
"경기","서신면","2020-07-20 10:00","0.002","0.3","0.028","0.005","7.0","5.0"
"경기","백석읍","2020-07-20 10:00","0.002","0.4","0.027","0.008","4.0","0.0"
"경기","고읍","2020-07-20 10:00","0.003","0.3","0.028","0.01","1.0","1.0"
"경기","보산동","2020-07-20 10:00","0.004","0.3","0.023","0.01","1.0","-1.0"
"경기","봉산동","2020-07-20 10:00","0.002","0.5","0.028","0.008","4.0","2.0"
"경기","공도읍","2020-07-20 10:00","0.001","0.3","0.032","0.004","3.0","1.0"
"인천","신흥","2020-07-20 10:00","0.003","0.3","0.013","0.018","5.0","2.0"
"인천","서해","2020-07-20 10:00","0.002","0.5","0.011","0.022","8.0","4.0"
"인천","송림","2020-07-20 10:00","0.003","0.5","0.012","0.02","10.0","3.0"
"인천","구월동","2020-07-20 10:00","0.003","0.5","0.019","0.011","7.0","-1.0"
"인천","숭의","2020-07-20 10:00","0.002","0.4","0.018","0.011","-1.0","-1.0"
"인천","석바위","2020-07-20 10:00","0.003","0.4","0.022","0.016","4.0","4.0"
"인천","부평역","2020-07-20 10:00","0.004","0.4","0.009","0.013","24.0","13.0"
"인천","남동","2020-07-20 10:00","0.003","0.5","0.022","0.013","7.0","1.0"
"인천","부평","2020-07-20 10:00","0.003","0.4","0.017","0.012","10.0","2.0"
"인천","연희","2020-07-20 10:00","0.003","0.4","0.017","0.015","9.0","3.0"
"인천","검단","2020-07-20 10:00","0.003","0.4","0.013","0.017","10.0","5.0"
"인천","계산","2020-07-20 10:00","0.002","0.6","0.022","0.012","-1.0","-1.0"
"인천","고잔","2020-07-20 10:00","-1.0","-1.0","-1.0","-1.0","-1.0","-1.0"
"인천","석남","2020-07-20 10:00","0.002","0.4","0.024","0.016","10.0","5.0"
"인천","송해","2020-07-20 10:00","-1.0","-1.0","-1.0","-1.0","-1.0","-1.0"
"인천","동춘","2020-07-20 10:00","0.003","0.4","0.014","0.011","-1.0","-1.0"
"인천","운서","2020-07-20 10:00","0.002","0.3","0.016","0.008","4.0","-1.0"
"인천","송현","2020-07-20 10:00","0.003","0.3","0.014","0.017","7.0","4.0"
"인천","논현","2020-07-20 10:00","0.002","0.4","0.015","0.014","7.0","3.0"
"인천","청라","2020-07-20 10:00","0.005","0.4","0.018","0.014","-1.0","-1.0"
"인천","송도","2020-07-20 10:00","0.002","0.4","0.024","0.008","7.0","1.0"
"인천","원당","2020-07-20 10:00","0.003","0.4","0.018","0.012","8.0","3.0"
"인천","길상","2020-07-20 10:00","0.004","0.3","0.029","0.004","5.0","2.0"
"인천","삼산","2020-07-20 10:00","0.002","0.4","0.019","0.011","5.0","3.0"
"인천","석모리","2020-07-20 10:00","0.001","0.6","0.026","0.001","16.0","2.0"
"인천","덕적도","2020-07-20 10:00","0.001","0.4","0.027","0.001","4.0","-1.0"
"인천","백령도","2020-07-20 10:00","0.004","0.8","0.037","0.004","-1.0","-1.0"
"인천","영흥","2020-07-20 10:00","0.003","0.3","0.031","0.004","3.0","-1.0"
"강원","중앙로","2020-07-20 10:00","-1.0","0.3","0.032","0.005","11.0","10.0"
"강원","석사동","2020-07-20 08:00","0.001","0.4","0.028","0.004","25.0","8.0"
"강원","신사우동","2020-07-20 10:00","-1.0","0.5","0.035","0.004","2.0","-1.0"
"강원","온의동","2020-07-20 10:00","-1.0","0.4","0.023","0.011","17.0","3.0"
"강원","방산면","2020-07-20 10:00","-1.0","-1.0","-1.0","-1.0","8.0","6.0"
"강원","양구읍","2020-07-20 10:00","-1.0","0.5","0.036","0.005","6.0","1.0"
"강원","중앙동(원주)","2020-07-20 10:00","0.002","0.5","0.026","0.011","8.0","-1.0"
"강원","반곡동","2020-07-20 10:00","0.002","0.3","0.024","0.005","10.0","4.0"
"강원","문막읍","2020-07-20 10:00","-1.0","0.3","0.027","0.005","11.0","2.0"
"강원","옥천동","2020-07-20 10:00","0.003","0.5","0.016","0.019","36.0","-1.0"
"강원","천곡동","2020-07-20 10:00","0.001","0.5","0.002","0.016","41.0","22.0"
"강원","남양동1","2020-07-20 10:00","0.002","0.3","0.006","0.015","30.0","16.0"
"강원","평창읍","2020-07-20 10:00","0.003","0.3","0.024","0.006","11.0","10.0"
"강원","북평면","2020-07-20 10:00","0.001","-1.0","0.026","0.001","9.0","6.0"
"강원","정선읍","2020-07-20 10:00","0.002","0.3","0.03","0.005","5.0","-1.0"
"강원","간성읍","2020-07-20 10:00","0.001","0.8","0.032","0.002","6.0","-1.0"
"강원","치악산","2020-07-20 10:00","0.002","0.1","0.031","0.001","10.0","8.0"
"강원","횡성군","2020-07-20 10:00","-1.0","0.5","0.032","0.004","7.0","5.0"
"강원","상리","2020-07-20 10:00","0.002","0.4","0.036","0.003","6.0","2.0"
"강원","양양군","2020-07-20 10:00","0.001","0.5","0.03","0.006","2.0","1.0"
"강원","속초시(금호동)","2020-07-20 10:00","0.004","0.3","0.031","0.009","18.0","7.0"
"강원","갈말읍","2020-07-20 10:00","0.003","0.5","0.033","0.005","9.0","7.0"
"강원","홍천읍","2020-07-20 10:00","0.003","0.4","0.033","0.006","7.0","4.0"
"강원","영월읍","2020-07-20 10:00","-1.0","0.2","0.013","0.007","21.0","7.0"
"강원","화천군","2020-07-20 10:00","-1.0","1.0","0.032","0.005","2.0","1.0"
"강원","태백시","2020-07-20 10:00","0.002","-1.0","0.028","0.002","3.0","-1.0"
"강원","인제군","2020-07-20 10:00","-1.0","0.5","0.036","0.001","6.0","2.0"
"충남","성황동","2020-07-20 10:00","0.002","0.7","0.028","0.013","15.0","6.0"
"충남","백석동","2020-07-20 10:00","0.002","0.4","0.03","0.01","11.0","6.0"
"충남","성성동","2020-07-20 10:00","0.003","0.3","0.035","0.009","12.0","6.0"
"충남","성거읍","2020-07-20 10:00","0.002","0.3","0.032","0.008","12.0","4.0"
"충남","신방동","2020-07-20 10:00","-1.0","0.4","0.032","0.006","15.0","12.0"
"충남","사곡면","2020-07-20 10:00","0.001","0.2","0.032","0.003","9.0","4.0"
"충남","공주","2020-07-20 10:00","0.003","0.3","0.029","0.005","6.0","2.0"
"충남","탄천면","2020-07-20 10:00","0.003","0.3","0.04","0.004","12.0","1.0"
"충남","부여읍","2020-07-20 10:00","0.003","0.6","0.029","0.006","5.0","4.0"
"충남","독곶리","2020-07-20 10:00","0.003","0.4","0.029","0.006","14.0","2.0"
"충남","동문동","2020-07-20 10:00","0.002","0.5","0.022","0.006","2.0","1.0"
"충남","대산리","2020-07-20 10:00","0.003","1.1","0.025","0.011","11.0","3.0"
"충남","성연면","2020-07-20 10:00","0.002","0.3","0.032","0.006","2.0","1.0"
"충남","송산면","2020-07-20 10:00","0.002","0.4","0.034","0.004","8.0","5.0"
"충남","당진시청사","2020-07-20 10:00","0.004","0.3","0.033","0.006","7.0","2.0"
"충남","모종동","2020-07-20 10:00","0.003","0.3","0.036","0.006","6.0","4.0"
"충남","배방읍","2020-07-20 10:00","0.003","0.2","0.062","0.006","11.0","6.0"
"충남","도고면","2020-07-20 10:00","0.003","0.3","0.033","0.004","11.0","6.0"
"충남","둔포면","2020-07-20 10:00","-1.0","0.3","0.033","0.006","15.0","3.0"
"충남","인주면","2020-07-20 10:00","0.003","0.2","0.034","0.006","15.0","3.0"
"충남","논산","2020-07-20 10:00","0.003","0.4","0.029","0.006","3.0","2.0"
"충남","파도리","2020-07-20 10:00","0.001","0.1","0.032","0.002","25.0","10.0"
"충남","이원면","2020-07-20 10:00","0.002","0.5","0.03","0.004","2.0","-1.0"
"충남","태안읍","2020-07-20 10:00","0.003","0.5","0.03","0.006","1.0","-1.0"
"충남","예산군","2020-07-20 10:00","0.004","0.3","0.037","0.004","6.0","5.0"
"충남","대천2동","2020-07-20 10:00","0.003","0.7","0.039","0.004","11.0","4.0"
"충남","주교면","2020-07-20 10:00","0.002","0.3","0.024","0.004","10.0","4.0"
"충남","홍성읍","2020-07-20 10:00","0.003","0.3","0.067","0.006","8.0","4.0"
"충남","내포","2020-07-20 10:00","0.002","0.4","0.032","0.005","6.0","5.0"
"충남","금산읍","2020-07-20 10:00","0.003","0.3","0.035","0.008","15.0","9.0"
"충남","청양읍","2020-07-20 10:00","0.003","0.3","0.034","0.009","8.0","2.0"
"충남","엄사면","2020-07-20 10:00","0.003","0.5","0.032","0.004","12.0","4.0"
"충남","서천읍","2020-07-20 10:00","0.003","0.3","0.039","0.007","13.0","5.0"
"충남","서면","2020-07-20 10:00","0.003","0.4","0.042","0.004","15.0","4.0"
"충남","장항읍","2020-07-20 10:00","0.003","0.2","0.037","0.008","11.0","2.0"
"대전","읍내동","2020-07-20 10:00","0.001","0.5","0.025","0.017","-1.0","6.0"
"대전","문평동","2020-07-20 10:00","0.002","0.3","0.023","0.014","6.0","1.0"
"대전","문창동","2020-07-20 10:00","0.002","0.4","0.033","0.004","-1.0","1.0"
"대전","구성동","2020-07-20 10:00","0.002","0.4","0.029","0.011","5.0","1.0"
"대전","노은동","2020-07-20 10:00","0.01","0.3","0.034","0.007","-1.0","2.0"
"대전","상대동(대전)","2020-07-20 10:00","0.002","0.3","0.037","0.005","4.0","3.0"
"대전","대흥동1","2020-07-20 10:00","0.004","0.2","0.014","0.02","6.0","-1.0"
"대전","성남동1","2020-07-20 10:00","0.002","0.4","0.035","0.008","6.0","2.0"
"대전","대성동","2020-07-20 10:00","-1.0","0.4","0.026","0.01","-1.0","4.0"
"대전","정림동","2020-07-20 10:00","0.002","0.4","0.032","0.005","-1.0","3.0"
"대전","둔산동","2020-07-20 10:00","0.001","0.4","0.029","0.016","3.0","-1.0"
"대전","월평동","2020-07-20 10:00","0.002","0.5","0.034","0.006","-1.0","11.0"
"충북","송정동(봉명동)","2020-07-20 10:00","0.002","0.4","0.025","0.014","7.0","6.0"
"충북","사천동","2020-07-20 10:00","0.002","0.3","0.029","0.005","6.0","5.0"
"충북","용담동","2020-07-20 10:00","0.003","0.2","0.022","0.011","9.0","3.0"
"충북","용암동","2020-07-20 10:00","0.003","0.4","0.02","0.008","13.0","-1.0"
"충북","복대동","2020-07-20 10:00","0.003","0.2","0.017","0.018","4.0","1.0"
"충북","호암동","2020-07-20 10:00","0.002","0.4","0.028","0.004","5.0","4.0"
"충북","칠금동","2020-07-20 10:00","0.003","0.3","0.014","0.022","7.0","6.0"
"충북","중앙탑면","2020-07-20 10:00","0.003","0.5","0.032","0.006","24.0","11.0"
"충북","살미면","2020-07-20 10:00","0.003","0.4","0.029","0.005","36.0","11.0"
"충북","장락동","2020-07-20 10:00","0.002","0.6","0.024","0.006","-1.0","17.0"
"충북","영천동","2020-07-20 10:00","0.003","0.3","0.029","0.007","9.0","7.0"
"충북","청풍면","2020-07-20 10:00","-1.0","0.4","0.019","0.005","9.0","6.0"
"충북","오창읍","2020-07-20 10:00","0.004","0.3","0.029","0.01","-1.0","6.0"
"충북","산남동","2020-07-20 10:00","0.002","0.2","0.026","0.009","-1.0","2.0"
"충북","오송읍","2020-07-20 10:00","0.003","0.2","0.021","0.008","5.0","1.0"
"충북","가덕면","2020-07-20 10:00","0.003","0.3","0.026","0.007","5.0","2.0"
"충북","매포읍","2020-07-20 10:00","0.003","0.3","0.016","0.003","-1.0","12.0"
"충북","단성면","2020-07-20 10:00","0.001","0.2","0.02","0.003","12.0","10.0"
"충북","단양읍","2020-07-20 10:00","0.003","0.0","0.015","0.007","17.0","10.0"
"충북","청천면","2020-07-20 10:00","-1.0","-1.0","-1.0","-1.0","-1.0","-1.0"
"충북","괴산읍","2020-07-20 10:00","0.003","0.4","0.035","0.003","10.0","7.0"
"충북","감물면","2020-07-20 10:00","-1.0","0.3","0.037","0.004","6.0","5.0"
"충북","진천읍","2020-07-20 10:00","0.002","0.4","0.029","0.007","-1.0","7.0"
"충북","덕산읍","2020-07-20 10:00","0.002","0.4","0.032","0.006","9.0","0.0"
"충북","금왕","2020-07-20 10:00","0.002","0.3","0.034","0.006","13.0","3.0"
"충북","음성읍","2020-07-20 10:00","0.003","0.3","0.036","0.004","6.0","5.0"
"충북","소이면","2020-07-20 10:00","-1.0","0.3","0.028","0.005","11.0","1.0"
"충북","영동읍","2020-07-20 10:00","0.004","0.3","0.023","0.006","11.0","9.0"
"충북","증평읍","2020-07-20 10:00","0.002","0.3","0.026","0.006","22.0","2.0"
"충북","보은읍","2020-07-20 10:00","-1.0","0.4","0.034","0.007","8.0","7.0"
"충북","옥천읍","2020-07-20 10:00","0.003","0.4","0.027","0.009","11.0","5.0"
"세종","신흥동","2020-07-20 10:00","0.002","0.4","0.033","0.008","6.0","1.0"
"세종","아름동","2020-07-20 10:00","0.002","0.5","0.035","0.007","5.0","-1.0"
"세종","한솔동","2020-07-20 10:00","0.003","0.6","0.031","0.012","4.0","1.0"
"세종","부강면","2020-07-20 10:00","0.002","0.5","0.033","0.007","6.0","4.0"
"부산","광복동","2020-07-20 10:00","0.002","0.3","0.016","0.006","22.0","9.0"
"부산","초량동","2020-07-20 10:00","0.003","0.3","0.01","0.013","25.0","8.0"
"부산","태종대","2020-07-20 10:00","0.003","0.2","0.008","0.008","25.0","9.0"
"부산","청학동","2020-07-20 10:00","0.003","0.2","0.013","0.007","17.0","3.0"
"부산","전포동","2020-07-20 10:00","0.003","0.1","0.01","0.011","34.0","7.0"
"부산","온천동","2020-07-20 10:00","0.004","0.3","0.008","0.016","21.0","10.0"
"부산","명장동","2020-07-20 10:00","-1.0","-1.0","0.016","0.007","26.0","15.0"
"부산","대연동","2020-07-20 10:00","0.004","0.4","0.008","0.009","30.0","11.0"
"부산","학장동","2020-07-20 10:00","0.004","0.2","0.019","0.006","31.0","14.0"
"부산","덕천동","2020-07-20 10:00","-1.0","0.3","0.014","0.009","36.0","14.0"
"부산","화명동","2020-07-20 10:00","-1.0","-1.0","0.015","0.009","30.0","10.0"
"부산","청룡동","2020-07-20 10:00","-1.0","-1.0","0.022","0.003","28.0","10.0"
"부산","좌동","2020-07-20 10:00","0.003","0.2","0.007","0.008","21.0","8.0"
"부산","재송동","2020-07-20 10:00","0.003","0.2","0.042","0.006","20.0","5.0"
"부산","장림동","2020-07-20 10:00","0.003","0.2","0.014","0.005","31.0","14.0"
"부산","대저동","2020-07-20 10:00","0.002","0.2","0.015","0.007","15.0","11.0"
"부산","녹산동","2020-07-20 10:00","0.004","0.3","0.018","0.004","28.0","8.0"
"부산","연산동","2020-07-20 10:00","0.002","0.3","0.012","0.012","28.0","6.0"
"부산","기장읍","2020-07-20 10:00","-1.0","0.2","0.02","0.004","40.0","16.0"
"부산","용수리","2020-07-20 10:00","0.002","0.2","0.024","0.007","19.0","8.0"
"부산","수정동","2020-07-20 02:00","0.002","0.2","0.035","0.004","25.0","5.0"
"부산","부곡동","2020-07-20 10:00","0.002","0.3","0.02","0.01","26.0","8.0"
"부산","광안동","2020-07-20 10:00","-1.0","-1.0","0.013","0.008","29.0","12.0"
"부산","대신동","2020-07-20 10:00","0.004","0.3","0.01","0.009","35.0","16.0"
"부산","덕포동","2020-07-20 10:00","0.003","0.3","0.012","0.012","30.0","8.0"
"부산","개금동","2020-07-20 10:00","0.003","0.3","0.016","0.008","17.0","2.0"
"부산","당리동","2020-07-20 10:00","0.003","0.3","0.015","0.009","29.0","5.0"
"부산","부산북항","2020-07-20 10:00","0.005","0.2","0.01","0.01","24.0","6.0"
"부산","부산신항","2020-07-20 10:00","0.003","0.2","0.022","0.012","16.0","7.0"
"울산","대송동","2020-07-20 10:00","0.002","0.2","0.015","0.008","22.0","15.0"
"울산","성남동","2020-07-20 10:00","0.002","0.2","0.022","0.008","20.0","5.0"
"울산","부곡동(울산)","2020-07-20 10:00","0.003","0.5","0.018","0.011","30.0","7.0"
"울산","여천동(울산)","2020-07-20 10:00","0.009","0.4","0.016","0.014","24.0","7.0"
"울산","야음동","2020-07-20 10:00","0.001","0.3","0.021","0.009","-1.0","7.0"
"울산","삼산동","2020-07-20 10:00","0.003","0.4","0.015","0.011","19.0","17.0"
"울산","신정로","2020-07-20 10:00","0.003","0.6","0.016","0.006","17.0","3.0"
"울산","신정동","2020-07-20 10:00","0.002","0.6","0.02","0.008","17.0","8.0"
"울산","덕신리","2020-07-20 10:00","0.002","0.5","0.02","0.005","30.0","3.0"
"울산","무거동","2020-07-20 10:00","0.002","0.3","0.022","0.008","20.0","6.0"
"울산","효문동","2020-07-20 10:00","0.002","0.3","0.014","0.019","28.0","6.0"
"울산","화산리","2020-07-20 10:00","0.004","0.6","0.013","0.011","38.0","20.0"
"울산","상남리","2020-07-20 10:00","0.002","0.1","0.019","0.009","20.0","-1.0"
"울산","농소동","2020-07-20 10:00","0.002","0.5","0.019","0.008","11.0","8.0"
"울산","삼남면","2020-07-19 21:00","-1.0","0.1","0.003","0.001","-1.0","-1.0"
"울산","약사동","2020-07-20 10:00","0.002","-1.0","0.021","0.009","16.0","14.0"
"울산","웅촌면","2020-07-20 10:00","0.002","0.4","0.019","0.008","17.0","11.0"
"울산","전하동","2020-07-20 10:00","0.002","0.3","0.012","0.008","31.0","7.0"
"대구","수창동","2020-07-20 10:00","0.004","0.3","0.032","0.007","30.0","16.0"
"대구","지산동","2020-07-20 10:00","0.003","0.3","0.03","0.003","18.0","3.0"
"대구","서호동","2020-07-20 10:00","0.001","0.1","0.027","0.007","23.0","12.0"
"대구","이현동","2020-07-20 10:00","0.002","0.5","0.029","0.01","26.0","13.0"
"대구","평리동","2020-07-20 10:00","0.002","0.6","0.023","0.014","37.0","16.0"
"대구","대명동","2020-07-20 10:00","0.001","0.2","0.028","0.007","23.0","14.0"
"대구","노원동","2020-07-20 10:00","0.002","0.4","0.03","0.009","37.0","21.0"
"대구","신암동","2020-07-20 10:00","0.002","0.2","0.021","0.015","40.0","12.0"
"대구","태전동","2020-07-20 10:00","0.003","0.4","0.029","0.008","32.0","10.0"
"대구","만촌동","2020-07-20 10:00","0.002","0.3","0.027","0.008","22.0","12.0"
"대구","호림동","2020-07-20 10:00","0.002","0.3","0.027","0.006","20.0","12.0"
"대구","유가읍","2020-07-20 10:00","0.001","0.1","0.021","0.006","20.0","10.0"
"대구","이곡동","2020-07-20 10:00","0.002","0.6","0.022","0.012","17.0","13.0"
"대구","시지동","2020-07-20 10:00","0.001","0.3","0.028","0.003","30.0","4.0"
"대구","진천동","2020-07-20 10:00","0.001","0.2","0.031","0.005","25.0","17.0"
"대구","다사읍","2020-07-20 10:00","-1.0","-1.0","-1.0","-1.0","21.0","10.0"
"대구","본동","2020-07-20 10:00","0.001","0.3","0.028","0.006","24.0","18.0"
"경북","장흥동","2020-07-20 10:00","0.004","0.1","0.017","0.012","22.0","7.0"
"경북","장량동","2020-07-20 10:00","0.002","0.3","0.019","0.013","22.0","8.0"
"경북","대도동","2020-07-20 10:00","0.003","0.1","0.024","0.008","27.0","6.0"
"경북","대송면","2020-07-20 10:00","0.003","0.2","0.021","0.004","14.0","6.0"
"경북","3공단","2020-07-20 10:00","0.003","0.3","0.019","0.007","20.0","6.0"
"경북","송도동","2020-07-20 10:00","0.003","0.1","0.02","0.008","23.0","8.0"
"경북","오천읍","2020-07-20 10:00","0.003","0.0","0.024","0.014","30.0","13.0"
"경북","청림동","2020-07-20 10:00","0.004","0.5","0.02","0.011","34.0","12.0"
"경북","성건동","2020-07-20 10:00","0.003","0.2","0.015","0.012","27.0","13.0"
"경북","보덕동","2020-07-20 10:00","0.003","0.2","0.027","0.004","17.0","7.0"
"경북","안강읍","2020-07-20 10:00","0.003","0.2","0.018","0.008","13.0","6.0"
"경북","외동읍","2020-07-20 10:00","0.003","0.2","0.025","0.006","16.0","9.0"
"경북","문당동","2020-07-20 10:00","0.002","0.5","0.005","0.013","40.0","17.0"
"경북","대광동","2020-07-20 10:00","0.003","0.2","0.008","0.016","38.0","30.0"
"경북","율곡동","2020-07-20 10:00","0.002","0.4","0.009","0.018","17.0","6.0"
"경북","명륜동","2020-07-20 10:00","0.002","0.2","0.021","0.008","18.0","9.0"
"경북","공단동","2020-07-20 10:00","0.003","0.3","0.016","0.017","26.0","13.0"
"경북","원평동","2020-07-20 10:00","0.002","0.4","0.032","0.009","14.0","13.0"
"경북","형곡동","2020-07-20 10:00","0.003","0.4","0.026","0.006","28.0","7.0"
"경북","4공단","2020-07-20 10:00","0.003","0.3","0.025","0.008","21.0","11.0"
"경북","가흥동","2020-07-20 10:00","0.003","0.4","0.005","0.012","17.0","15.0"
"경북","중방동","2020-07-20 10:00","0.003","0.2","0.028","0.004","18.0","16.0"
"경북","상주시","2020-07-20 10:00","0.003","0.3","0.005","0.012","-1.0","-1.0"
"경북","칠곡군","2020-07-20 10:00","0.003","0.1","0.029","0.006","24.0","12.0"
"경북","영덕읍","2020-07-20 10:00","0.002","0.2","0.022","0.006","24.0","10.0"
"경북","문경시","2020-07-20 10:00","0.003","0.3","0.005","0.013","17.0","10.0"
"경북","성주군","2020-07-20 10:00","0.002","0.1","0.028","0.006","25.0","15.0"
"경북","지품면","2020-07-20 10:00","-1.0","-1.0","-1.0","-1.0","-1.0","-1.0"
"경북","화북면","2020-07-20 10:00","0.0","0.0","0.017","0.002","27.0","8.0"
"경북","영천시","2020-07-20 10:00","0.003","0.3","0.031","0.005","18.0","11.0"
"경북","안계면","2020-07-20 10:00","0.002","0.3","0.017","0.007","15.0","13.0"
"경북","의성읍","2020-07-20 10:00","0.003","0.3","0.032","0.005","15.0","5.0"
"경북","울진군","2020-07-20 10:00","-1.0","0.3","0.02","0.005","25.0","3.0"
"경북","석포면","2020-07-20 10:00","0.003","0.2","0.07","0.009","11.0","10.0"
"경북","태하리","2020-07-20 10:00","0.001","0.2","0.02","0.002","15.0","8.0"
"경북","울릉읍","2020-07-20 10:00","-1.0","0.2","0.018","0.003","28.0","18.0"
"경북","대가야읍","2020-07-20 10:00","-1.0","-1.0","-1.0","-1.0","-1.0","-1.0"
"경북","군위읍","2020-07-20 10:00","0.002","0.3","0.032","0.006","20.0","10.0"
"경북","영양군","2020-07-20 10:00","0.002","0.2","0.027","0.006","19.0","4.0"
"경북","예천군","2020-07-20 10:00","0.002","0.2","0.026","0.007","21.0","13.0"
"경북","화양읍","2020-07-20 10:00","-1.0","0.2","0.035","0.003","11.0","6.0"
"경북","청송읍","2020-07-20 10:00","0.003","0.2","0.036","0.003","25.0","7.0"
"경남","회원동","2020-07-20 10:00","-1.0","-1.0","-1.0","-1.0","-1.0","-1.0"
"경남","봉암동","2020-07-20 10:00","0.002","0.2","0.013","0.013","23.0","11.0"
"경남","상봉동","2020-07-20 10:00","0.003","0.4","0.023","0.009","19.0","9.0"
"경남","대안동","2020-07-20 10:00","0.003","0.3","0.028","0.008","25.0","-1.0"
"경남","상대동","2020-07-20 10:00","0.003","0.3","0.022","0.011","25.0","11.0"
"경남","명서동","2020-07-20 10:00","0.003","0.4","0.02","0.01","22.0","9.0"
"경남","웅남동","2020-07-20 10:00","0.003","0.3","0.022","0.004","28.0","10.0"
"경남","성주동","2020-07-20 10:00","0.002","0.2","0.022","0.006","9.0","-1.0"
"경남","용지동","2020-07-20 10:00","0.002","0.5","0.026","0.006","31.0","4.0"
"경남","반송로","2020-07-20 10:00","0.003","0.2","0.018","0.007","25.0","9.0"
"경남","사파동","2020-07-20 10:00","0.003","0.2","0.019","0.005","28.0","12.0"
"경남","경화동","2020-07-20 10:00","0.003","0.3","0.017","0.005","33.0","18.0"
"경남","월영동","2020-07-20 10:00","0.002","0.3","0.018","0.009","27.0","11.0"
"경남","하동읍","2020-07-20 10:00","0.002","0.3","0.03","0.005","16.0","-1.0"
"경남","동상동","2020-07-20 10:00","0.003","0.2","0.024","0.006","47.0","4.0"
"경남","삼방동","2020-07-20 10:00","0.002","0.2","0.011","0.017","23.0","6.0"
"경남","장유동","2020-07-20 10:00","0.002","0.3","0.018","0.005","25.0","12.0"
"경남","진영읍","2020-07-20 10:00","0.002","0.2","0.029","0.005","21.0","8.0"
"경남","저구리","2020-07-20 10:00","0.001","0.1","0.01","0.004","20.0","1.0"
"경남","아주동","2020-07-20 10:00","0.002","0.4","0.019","0.002","20.0","7.0"
"경남","사천읍","2020-07-20 10:00","0.003","0.3","0.026","0.006","23.0","12.0"
"경남","대산면","2020-07-20 10:00","0.001","0.4","0.019","0.004","26.0","15.0"
"경남","북부동","2020-07-20 10:00","0.004","0.2","0.008","0.014","41.0","12.0"
"경남","삼호동","2020-07-20 10:00","0.002","0.3","0.021","0.007","26.0","13.0"
"경남","내일동","2020-07-20 10:00","-1.0","-1.0","-1.0","-1.0","-1.0","-1.0"
"경남","무전동","2020-07-20 10:00","0.003","0.1","0.017","0.008","26.0","5.0"
"경남","고성읍","2020-07-20 10:00","0.003","0.2","0.019","0.006","19.0","6.0"
"경남","거창읍","2020-07-20 10:00","-1.0","0.3","0.024","0.011","14.0","5.0"
"경남","가야읍","2020-07-20 10:00","0.002","0.3","0.031","0.004","16.0","6.0"
"경남","함양읍","2020-07-20 10:00","0.002","0.3","0.032","0.005","6.0","4.0"
"경남","남해읍","2020-07-20 10:00","0.002","0.5","0.025","0.005","16.0","9.0"
"경남","산청읍","2020-07-20 10:00","0.002","0.3","0.029","0.007","15.0","9.0"
"경남","남상면","2020-07-20 10:00","0.002","0.3","0.023","0.005","9.0","5.0"
"경남","의령읍","2020-07-20 10:00","0.002","0.2","0.03","0.003","20.0","10.0"
"경남","창녕읍","2020-07-20 10:00","0.003","0.2","0.028","0.007","23.0","12.0"
"경남","합천읍","2020-07-20 10:00","0.003","0.3","0.029","0.006","29.0","14.0"
"전남","용당동","2020-07-20 10:00","0.003","0.5","0.039","0.005","8.0","4.0"
"전남","부흥동","2020-07-20 10:00","0.003","0.3","0.025","0.006","4.0","2.0"
"전남","서강동","2020-07-20 10:00","0.002","0.3","0.015","0.004","27.0","6.0"
"전남","월내동","2020-07-20 10:00","0.002","0.5","0.023","0.006","19.0","8.0"
"전남","문수동","2020-07-20 10:00","0.002","0.4","0.021","0.008","33.0","-1.0"
"전남","여천동(여수)","2020-07-20 10:00","0.002","0.4","0.02","0.006","16.0","8.0"
"전남","덕충동","2020-07-20 10:00","0.002","0.4","0.014","0.008","35.0","8.0"
"전남","장천동","2020-07-20 10:00","0.003","0.3","0.023","0.01","9.0","2.0"
"전남","연향동","2020-07-20 10:00","0.004","0.3","0.028","0.006","9.0","-1.0"
"전남","순천만","2020-07-20 10:00","0.002","0.1","0.027","0.002","4.0","-1.0"
"전남","호두리","2020-07-20 10:00","-1.0","0.1","0.024","0.002","11.0","6.0"
"전남","신대","2020-07-20 10:00","0.003","0.2","0.039","0.004","13.0","4.0"
"전남","빛가람동","2020-07-20 10:00","0.003","0.2","0.037","0.005","12.0","6.0"
"전남","담양읍","2020-07-20 10:00","0.003","0.3","0.016","0.006","17.0","1.0"
"전남","장성읍","2020-07-20 10:00","0.004","0.5","0.028","0.004","13.0","3.0"
"전남","화양면","2020-07-20 10:00","0.003","0.4","0.029","0.003","15.0","8.0"
"전남","율촌면","2020-07-20 10:00","0.001","0.6","0.025","0.003","19.0","8.0"
"전남","삼일동","2020-07-20 10:00","0.002","0.3","0.018","0.006","23.0","10.0"
"전남","중동","2020-07-20 10:00","-1.0","-1.0","-1.0","-1.0","-1.0","-1.0"
"전남","태인동","2020-07-20 10:00","0.004","0.2","0.01","0.017","26.0","18.0"
"전남","진상면","2020-07-20 10:00","0.002","0.2","0.032","0.008","16.0","11.0"
"전남","광양읍","2020-07-20 10:00","0.002","0.3","0.022","0.008","5.0","4.0"
"전남","해남읍","2020-07-20 10:00","0.003","0.4","0.025","0.008","38.0","12.0"
"전남","나불리","2020-07-20 10:00","0.003","0.3","0.021","0.008","47.0","36.0"
"전남","송단리","2020-07-20 10:00","0.003","0.2","0.032","0.003","7.0","4.0"
"전남","화순읍","2020-07-20 10:00","0.002","0.4","0.024","0.006","13.0","5.0"
"전남","영광읍","2020-07-20 10:00","0.003","0.4","0.035","0.006","6.0","3.0"
"전남","장흥읍","2020-07-20 10:00","0.003","0.4","0.035","0.006","14.0","13.0"
"전남","진도읍","2020-07-20 10:00","0.002","0.4","0.029","0.003","16.0","1.0"
"전남","신지면","2020-07-20 10:00","0.001","0.5","0.016","0.006","29.0","11.0"
"전남","함평읍","2020-07-20 10:00","0.001","0.5","0.022","0.005","14.0","6.0"
"전남","고흥읍","2020-07-20 10:00","0.002","0.4","0.041","0.003","6.0","-1.0"
"전남","신안군","2020-07-20 10:00","0.004","0.3","0.042","0.003","13.0","4.0"
"전남","무안읍","2020-07-20 10:00","0.003","0.4","0.03","0.004","26.0","9.0"
"전남","곡성읍","2020-07-20 10:00","0.002","0.5","0.024","0.004","7.0","1.0"
"전남","구례읍","2020-07-20 10:00","0.003","0.5","0.023","0.005","12.0","6.0"
"전남","벌교읍","2020-07-20 10:00","0.002","0.8","0.016","0.002","7.0","-1.0"
"전북","노송동","2020-07-20 10:00","0.002","0.4","0.065","0.006","-1.0","6.0"
"전북","삼천동","2020-07-20 10:00","0.002","0.4","0.071","0.006","4.0","1.0"
"전북","팔복동","2020-07-20 10:00","0.003","0.5","-1.0","0.012","4.0","4.0"
"전북","송천동","2020-07-20 10:00","0.003","0.3","0.029","0.01","10.0","7.0"
"전북","서신동","2020-07-20 10:00","0.003","0.7","-1.0","0.018","12.0","9.0"
"전북","혁신동","2020-07-20 10:00","0.003","0.5","0.035","0.008","11.0","5.0"
"전북","신풍동(군산)","2020-07-20 10:00","0.002","0.3","0.034","0.002","10.0","5.0"
"전북","소룡동","2020-07-20 10:00","0.002","0.3","0.036","0.006","11.0","3.0"
"전북","개정동","2020-07-20 10:00","0.003","0.4","0.035","0.005","8.0","-1.0"
"전북","옥산면","2020-07-20 10:00","0.004","0.3","0.039","0.003","6.0","5.0"
"전북","비응도동","2020-07-20 10:00","0.003","0.3","0.037","0.006","11.0","10.0"
"전북","삼기면","2020-07-20 10:00","0.003","0.3","0.035","0.005","5.0","2.0"
"전북","팔봉동","2020-07-20 10:00","0.001","0.4","0.034","0.009","2.0","1.0"
"전북","모현동","2020-07-20 10:00","-1.0","-1.0","-1.0","-1.0","-1.0","-1.0"
"전북","용동면","2020-07-20 10:00","0.002","0.3","0.038","0.004","6.0","3.0"
"전북","함열읍","2020-07-20 10:00","0.002","0.3","0.029","0.005","3.0","-1.0"
"전북","연지동","2020-07-20 10:00","0.003","0.3","0.026","0.007","9.0","-1.0"
"전북","신태인","2020-07-20 10:00","0.002","0.3","0.029","0.013","2.0","-1.0"
"전북","죽항동","2020-07-20 10:00","0.002","0.2","0.022","0.01","9.0","7.0"
"전북","고창읍","2020-07-20 10:00","-1.0","0.1","0.036","0.005","9.0","6.0"
"전북","심원면","2020-07-20 10:00","0.003","0.2","0.037","0.003","4.0","4.0"
"전북","부안읍","2020-07-20 10:00","0.003","0.6","0.037","0.008","-1.0","3.0"
"전북","새만금","2020-07-20 10:00","0.001","0.7","0.033","0.002","10.0","3.0"
"전북","요촌동","2020-07-20 10:00","0.001","0.4","0.035","0.008","9.0","-1.0"
"전북","고산면","2020-07-20 10:00","0.002","0.5","0.032","0.007","-1.0","1.0"
"전북","봉동읍","2020-07-20 10:00","0.001","0.5","0.028","0.012","6.0","6.0"
"전북","진안읍","2020-07-20 10:00","0.002","0.2","0.023","0.008","12.0","4.0"
"전북","운암면","2020-07-20 10:00","0.0","1.0","0.019","0.003","6.0","-1.0"
"전북","임실읍","2020-07-20 10:00","0.003","0.4","0.032","0.002","8.0","5.0"
"전북","무주읍","2020-07-20 10:00","-1.0","0.3","0.029","0.005","4.0","-1.0"
"전북","순창읍","2020-07-20 10:00","0.003","0.3","0.028","0.007","7.0","6.0"
"전북","장수읍","2020-07-20 10:00","-1.0","0.3","0.037","0.005","8.0","5.0"
"제주","이도동","2020-07-20 10:00","0.001","0.1","0.02","0.008","13.0","-1.0"
"제주","연동","2020-07-20 10:00","0.001","0.2","0.02","0.006","8.0","1.0"
"제주","동홍동","2020-07-20 10:00","-1.0","0.0","0.012","0.005","9.0","6.0"
"제주","성산읍","2020-07-20 10:00","-1.0","0.0","0.013","0.003","10.0","8.0"
"제주","남원읍","2020-07-20 10:00","0.001","0.3","0.012","0.003","17.0","6.0"
"제주","대정읍","2020-07-20 10:00","0.001","0.1","0.016","0.003","11.0","3.0"
"제주","노형로","2020-07-20 10:00","0.001","0.3","0.015","0.01","9.0","3.0"
"제주","고산리","2020-07-20 10:00","-1.0","-1.0","-1.0","-1.0","-1.0","5.0"
"서울","중구","2020-07-20 10:00","0.002","0.5","0.011","0.023","9.0","6.0"
"서울","한강대로","2020-07-20 10:00","0.003","0.5","0.01","0.023","38.0","11.0"
"서울","종로구","2020-07-20 10:00","0.003","0.4","0.021","0.013","8.0","5.0"
"서울","청계천로","2020-07-20 10:00","0.003","0.6","0.017","0.015","12.0","8.0"
"서울","종로","2020-07-20 10:00","0.002","0.4","0.016","0.016","11.0","9.0"
"서울","용산구","2020-07-20 10:00","0.003","0.3","0.02","0.01","7.0","4.0"
"서울","광진구","2020-07-20 10:00","0.003","0.4","0.026","0.012","9.0","3.0"
"서울","성동구","2020-07-20 10:00","0.002","0.4","0.015","0.013","9.0","6.0"
"서울","강변북로","2020-07-20 10:00","0.003","0.8","0.017","0.019","7.0","5.0"
"서울","중랑구","2020-07-20 10:00","0.002","0.4","0.018","0.018","10.0","6.0"
"서울","동대문구","2020-07-20 10:00","0.002","0.4","0.024","0.012","9.0","3.0"
"서울","홍릉로","2020-07-20 10:00","0.002","0.6","0.009","0.031","18.0","9.0"
"서울","성북구","2020-07-20 10:00","0.002","0.5","0.015","0.022","11.0","4.0"
"서울","정릉로","2020-07-20 10:00","0.003","0.3","0.029","0.015","8.0","6.0"
"서울","도봉구","2020-07-20 10:00","0.002","0.3","0.02","0.01","9.0","3.0"
"서울","은평구","2020-07-20 10:00","0.003","0.5","0.02","0.011","3.0","2.0"
"서울","서대문구","2020-07-20 10:00","0.002","0.3","0.021","0.011","3.0","1.0"
"서울","마포구","2020-07-20 10:00","0.002","0.3","0.019","0.013","6.0","2.0"
"서울","신촌로","2020-07-20 10:00","0.003","0.5","0.011","0.031","11.0","5.0"
"서울","강서구","2020-07-20 10:00","0.002","0.3","0.02","0.012","3.0","3.0"
"서울","공항대로","2020-07-20 10:00","0.004","0.3","0.019","0.018","6.0","4.0"
"서울","구로구","2020-07-20 10:00","0.002","0.3","0.032","0.011","3.0","1.0"
"서울","영등포구","2020-07-20 10:00","0.002","0.3","0.017","0.015","7.0","3.0"
"서울","영등포로","2020-07-20 10:00","0.004","0.8","0.009","0.038","8.0","4.0"
"서울","동작구","2020-07-20 10:00","0.002","0.4","0.02","0.008","9.0","6.0"
"서울","동작대로 중앙차로","2020-07-20 10:00","0.003","0.4","0.027","0.01","5.0","-1.0"
"서울","관악구","2020-07-20 10:00","0.002","0.3","0.021","0.014","11.0","6.0"
"서울","강남구","2020-07-20 10:00","0.002","0.4","0.021","0.014","10.0","7.0"
"서울","서초구","2020-07-20 10:00","0.003","0.3","0.03","0.011","4.0","4.0"
"서울","도산대로","2020-07-20 10:00","0.002","0.7","0.012","0.02","6.0","4.0"
"서울","강남대로","2020-07-20 10:00","0.003","0.8","0.015","0.022","9.0","3.0"
"서울","송파구","2020-07-20 10:00","0.002","0.4","0.019","0.013","6.0","3.0"
"서울","강동구","2020-07-20 10:00","0.003","0.4","0.01","0.02","14.0","8.0"
"서울","천호대로","2020-07-20 10:00","0.003","0.5","0.009","0.03","13.0","7.0"
"서울","금천구","2020-07-20 10:00","0.002","0.4","0.012","0.017","8.0","5.0"
"서울","시흥대로","2020-07-20 10:00","0.003","0.5","0.013","0.019","11.0","5.0"
"서울","강북구","2020-07-20 10:00","0.002","0.3","0.015","0.01","5.0","3.0"
"서울","양천구","2020-07-20 10:00","0.003","0.3","0.018","0.011","-1.0","4.0"
"서울","노원구","2020-07-20 10:00","0.002","0.4","0.017","0.017","10.0","6.0"
"서울","화랑로","2020-07-20 10:00","-1.0","0.3","0.08","0.02","-1.0","-1.0"
"경기","신풍동","2020-07-20 10:00","0.001","0.5","0.024","0.009","11.0","3.0"
"경기","인계동","2020-07-20 10:00","0.003","0.6","0.026","0.012","8.0","4.0"
"경기","광교동","2020-07-20 10:00","0.002","0.4","0.021","0.008","13.0","3.0"
"경기","영통동","2020-07-20 10:00","0.002","0.6","0.027","0.01","11.0","6.0"
"경기","천천동","2020-07-20 10:00","0.002","0.3","0.026","0.008","15.0","3.0"
"경기","경수대로(동수원)","2020-07-20 10:00","0.002","0.6","0.012","0.012","12.0","4.0"
"경기","고색동","2020-07-20 10:00","0.002","0.5","0.023","0.011","11.0","3.0"
"경기","호매실동","2020-07-20 10:00","0.002","0.5","0.018","0.01","8.0","8.0"
"경기","대왕판교로(백현동)","2020-07-20 10:00","0.003","0.6","-1.0","0.018","15.0","3.0"
"경기","단대동","2020-07-20 10:00","0.002","0.4","0.023","0.014","7.0","2.0"
"경기","정자동","2020-07-20 10:00","0.002","0.4","0.02","0.012","10.0","5.0"
"경기","수내동","2020-07-20 10:00","0.002","0.5","0.019","0.016","10.0","4.0"
"경기","성남대로(모란역)","2020-07-20 10:00","0.002","0.7","0.011","0.032","19.0","4.0"
"경기","복정동","2020-07-20 10:00","0.003","0.5","0.016","0.02","42.0","13.0"
"경기","운중동","2020-07-20 10:00","0.003","0.3","0.025","0.008","9.0","3.0"
"경기","상대원동","2020-07-20 10:00","0.002","0.3","0.016","0.019","9.0","2.0"
"경기","의정부동","2020-07-20 10:00","0.004","0.5","0.023","0.015","9.0","6.0"
"경기","의정부1동","2020-07-20 10:00","0.003","0.4","0.021","0.016","8.0","2.0"
"경기","안양6동","2020-07-20 10:00","0.002","0.4","0.03","0.009","17.0","7.0"
"경기","부림동","2020-07-20 10:00","0.003","0.5","0.024","0.011","11.0","4.0"
"경기","호계동","2020-07-20 10:00","0.002","0.3","0.023","0.01","11.0","8.0"
"경기","안양2동","2020-07-20 10:00","0.002","0.5","0.028","0.01","5.0","4.0"
"경기","철산동","2020-07-20 10:00","0.002","0.5","0.024","0.008","3.0","1.0"
"경기","소하동","2020-07-20 10:00","0.001","0.4","0.028","0.007","-1.0","2.0"
"경기","고잔동","2020-07-20 10:00","0.002","0.3","0.019","0.011","5.0","4.0"
"경기","원시동","2020-07-20 10:00","0.006","0.2","0.019","0.012","15.0","1.0"
"경기","본오동","2020-07-20 10:00","0.002","0.4","0.025","0.011","9.0","8.0"
"경기","부곡동1","2020-07-20 10:00","0.004","0.3","0.022","0.008","7.0","1.0"
"경기","대부동","2020-07-20 10:00","0.002","0.3","0.026","0.006","4.0","1.0"
"경기","호수동","2020-07-20 10:00","0.002","0.3","0.023","0.018","4.0","1.0"
"경기","중앙대로(고잔동)","2020-07-20 10:00","0.002","0.3","-1.0","0.013","5.0","3.0"
"경기","별양동","2020-07-20 10:00","0.002","0.5","0.02","0.015","12.0","5.0"
"경기","과천동","2020-07-20 10:00","0.002","0.4","0.024","0.011","2.0","2.0"
"경기","교문동","2020-07-20 10:00","0.003","0.4","0.026","0.008","6.0","0.0"
"경기","동구동","2020-07-20 10:00","0.002","0.3","0.025","0.012","4.0","4.0"
"경기","부곡3동","2020-07-20 10:00","0.002","0.5","0.027","0.005","6.0","4.0"
"경기","고천동","2020-07-20 10:00","0.002","0.4","0.018","0.013","13.0","7.0"
"경기","정왕동","2020-07-20 10:00","0.003","0.4","0.026","0.01","8.0","3.0"
"경기","시화산단","2020-07-20 10:00","0.002","0.4","0.023","0.018","14.0","10.0"
"경기","대야동","2020-07-20 10:00","0.003","0.5","0.025","0.011","5.0","-1.0"
"경기","목감동","2020-07-20 10:00","0.003","0.3","0.026","0.007","6.0","2.0"
"경기","장현동","2020-07-20 10:00","0.003","0.3","0.028","0.007","9.0","-1.0"
"경기","금곡동","2020-07-20 10:00","0.002","0.5","0.018","0.011","16.0","2.0"
"경기","오남읍","2020-07-20 10:00","-1.0","0.4","0.021","0.014","21.0","3.0"
"경기","별내동","2020-07-20 10:00","-1.0","0.4","0.022","0.016","4.0","1.0"
"경기","화도읍","2020-07-20 10:00","-1.0","0.3","0.03","0.009","10.0","4.0"
"경기","경춘로","2020-07-20 10:00","0.002","0.6","0.011","0.026","14.0","10.0"
"경기","비전동","2020-07-20 10:00","0.003","0.3","0.026","0.011","13.0","0.0"
"경기","안중","2020-07-20 10:00","0.003","0.2","0.034","0.004","15.0","5.0"
"경기","평택항","2020-07-20 10:00","0.003","0.5","0.022","0.014","19.0","6.0"
"경기","송북동","2020-07-20 10:00","0.005","0.4","0.033","0.003","20.0","3.0"
"경기","청북읍","2020-07-20 10:00","0.004","0.4","0.028","0.008","14.0","7.0"
"경기","금촌동","2020-07-20 10:00","0.002","0.5","0.02","0.012","3.0","1.0"
"경기","운정","2020-07-20 10:00","0.002","0.4","0.021","0.011","6.0","2.0"
"경기","파주","2020-07-20 10:00","0.001","0.2","0.024","0.004","6.0","-1.0"
"경기","파주읍","2020-07-20 10:00","0.002","0.4","0.022","0.011","6.0","4.0"
"경기","행신동","2020-07-20 10:00","0.003","0.4","0.024","0.012","9.0","2.0"
"경기","식사동","2020-07-20 10:00","0.003","0.4","0.027","0.012","20.0","1.0"
"경기","백마로(마두역)","2020-07-20 10:00","0.003","0.5","0.025","0.022","11.0","6.0"
"경기","신원동","2020-07-20 10:00","0.002","0.3","0.029","0.012","6.0","2.0"
"경기","주엽동","2020-07-20 10:00","0.002","0.4","0.025","0.011","18.0","9.0"
"경기","경안동","2020-07-20 10:00","0.001","0.3","0.025","0.011","9.0","4.0"
"경기","오포읍","2020-07-20 10:00","0.002","0.3","0.028","0.007","6.0","5.0"
"경기","김량장동","2020-07-20 10:00","0.002","0.3","-1.0","0.007","9.0","2.0"
"경기","수지","2020-07-20 10:00","0.001","0.5","0.022","0.011","7.0","1.0"
"경기","기흥","2020-07-20 10:00","0.002","0.5","0.023","0.013","10.0","-1.0"
"경기","중부대로(구갈동)","2020-07-20 10:00","0.002","0.4","-1.0","0.018","14.0","6.0"
"경기","모현읍","2020-07-20 10:00","0.002","0.4","0.033","0.004","8.0","2.0"
"경기","이동읍","2020-07-20 10:00","0.002","0.1","0.027","0.006","14.0","4.0"
"경기","백암면","2020-07-20 10:00","0.001","0.4","0.035","0.004","9.0","4.0"
"경기","설성면","2020-07-20 10:00","0.001","-1.0","0.035","0.003","8.0","6.0"
"경기","창전동","2020-07-20 10:00","0.004","0.4","0.034","0.004","16.0","1.0"
"경기","장호원읍","2020-07-20 10:00","0.003","0.3","0.034","0.004","4.0","-1.0"
"경기","부발읍","2020-07-20 10:00","0.005","0.4","0.033","0.006","16.0","8.0"
"경기","관인면","2020-07-20 10:00","0.001","-1.0","0.029","0.005","5.0","-1.0"
"경기","선단동","2020-07-20 10:00","0.003","0.4","0.015","0.013","9.0","1.0"
"경기","일동면","2020-07-20 10:00","0.002","0.3","0.029","0.005","12.0","4.0"
"경기","사우동","2020-07-20 10:00","0.004","0.3","0.022","0.007","6.0","-1.0"
"경기","고촌읍","2020-07-20 10:00","0.004","0.3","0.023","0.011","8.0","2.0"
"경기","월곶면","2020-07-20 10:00","0.002","0.3","0.031","0.006","5.0","2.0"
"경기","한강신도시","2020-07-20 10:00","0.003","0.3","0.026","0.009","14.0","6.0"
"경기","한강로","2020-07-20 10:00","0.003","0.4","0.027","0.009","11.0","4.0"
"경기","당동","2020-07-20 10:00","0.003","0.4","0.023","0.015","9.0","9.0"
"경기","산본동","2020-07-20 10:00","0.003","0.4","0.025","0.009","9.0","6.0"
"경기","오산동","2020-07-20 10:00","0.002","0.3","0.018","0.009","5.0","0.0"
"경기","금암로(신장동)","2020-07-20 10:00","0.002","0.2","0.025","0.007","9.0","4.0"
"경기","신장동","2020-07-20 10:00","0.001","0.3","0.019","0.01","4.0","0.0"
"경기","남양읍","2020-07-20 10:00","0.005","0.3","0.026","0.011","11.0","3.0"
"경기","향남읍","2020-07-20 10:00","0.01","0.3","0.029","0.007","11.0","-1.0"
"경기","동탄","2020-07-20 10:00","0.003","0.3","0.031","0.007","10.0","5.0"
"경기","우정읍","2020-07-20 10:00","0.002","0.3","0.029","0.004","8.0","7.0"
"경기","청계동","2020-07-20 10:00","0.003","0.4","0.029","0.011","13.0","4.0"
"경기","새솔동","2020-07-20 10:00","0.003","0.4","0.025","0.005","6.0","2.0"
"경기","봉담읍","2020-07-20 10:00","0.003","0.4","0.028","0.007","7.0","7.0"
"경기","서신면","2020-07-20 10:00","0.002","0.3","0.028","0.005","7.0","5.0"
"경기","백석읍","2020-07-20 10:00","0.002","0.4","0.027","0.008","4.0","0.0"
"경기","고읍","2020-07-20 10:00","0.003","0.3","0.028","0.01","1.0","1.0"
"경기","보산동","2020-07-20 10:00","0.004","0.3","0.023","0.01","1.0","-1.0"
"경기","봉산동","2020-07-20 10:00","0.002","0.5","0.028","0.008","4.0","2.0"
"경기","공도읍","2020-07-20 10:00","0.001","0.3","0.032","0.004","3.0","1.0"
"인천","신흥","2020-07-20 10:00","0.003","0.3","0.013","0.018","5.0","2.0"
"인천","서해","2020-07-20 10:00","0.002","0.5","0.011","0.022","8.0","4.0"
"인천","송림","2020-07-20 10:00","0.003","0.5","0.012","0.02","10.0","3.0"
"인천","구월동","2020-07-20 10:00","0.003","0.5","0.019","0.011","7.0","-1.0"
"인천","숭의","2020-07-20 10:00","0.002","0.4","0.018","0.011","-1.0","-1.0"
"인천","석바위","2020-07-20 10:00","0.003","0.4","0.022","0.016","4.0","4.0"
"인천","부평역","2020-07-20 10:00","0.004","0.4","0.009","0.013","24.0","13.0"
"인천","남동","2020-07-20 10:00","0.003","0.5","0.022","0.013","7.0","1.0"
"인천","부평","2020-07-20 10:00","0.003","0.4","0.017","0.012","10.0","2.0"
"인천","연희","2020-07-20 10:00","0.003","0.4","0.017","0.015","9.0","3.0"
"인천","검단","2020-07-20 10:00","0.003","0.4","0.013","0.017","10.0","5.0"
"인천","계산","2020-07-20 10:00","0.002","0.6","0.022","0.012","-1.0","-1.0"
"인천","고잔","2020-07-20 10:00","-1.0","-1.0","-1.0","-1.0","-1.0","-1.0"
"인천","석남","2020-07-20 10:00","0.002","0.4","0.024","0.016","10.0","5.0"
"인천","송해","2020-07-20 10:00","-1.0","-1.0","-1.0","-1.0","-1.0","-1.0"
"인천","동춘","2020-07-20 10:00","0.003","0.4","0.014","0.011","-1.0","-1.0"
"인천","운서","2020-07-20 10:00","0.002","0.3","0.016","0.008","4.0","-1.0"
"인천","송현","2020-07-20 10:00","0.003","0.3","0.014","0.017","7.0","4.0"
"인천","논현","2020-07-20 10:00","0.002","0.4","0.015","0.014","7.0","3.0"
"인천","청라","2020-07-20 10:00","0.005","0.4","0.018","0.014","-1.0","-1.0"
"인천","송도","2020-07-20 10:00","0.002","0.4","0.024","0.008","7.0","1.0"
"인천","원당","2020-07-20 10:00","0.003","0.4","0.018","0.012","8.0","3.0"
"인천","길상","2020-07-20 10:00","0.004","0.3","0.029","0.004","5.0","2.0"
"인천","삼산","2020-07-20 10:00","0.002","0.4","0.019","0.011","5.0","3.0"
"인천","석모리","2020-07-20 10:00","0.001","0.6","0.026","0.001","16.0","2.0"
"인천","덕적도","2020-07-20 10:00","0.001","0.4","0.027","0.001","4.0","-1.0"
"인천","백령도","2020-07-20 10:00","0.004","0.8","0.037","0.004","-1.0","-1.0"
"인천","영흥","2020-07-20 10:00","0.003","0.3","0.031","0.004","3.0","-1.0"
"강원","중앙로","2020-07-20 10:00","-1.0","0.3","0.032","0.005","11.0","10.0"
"강원","석사동","2020-07-20 08:00","0.001","0.4","0.028","0.004","25.0","8.0"
"강원","신사우동","2020-07-20 10:00","-1.0","0.5","0.035","0.004","2.0","-1.0"
"강원","온의동","2020-07-20 10:00","-1.0","0.4","0.023","0.011","17.0","3.0"
"강원","방산면","2020-07-20 10:00","-1.0","-1.0","-1.0","-1.0","8.0","6.0"
"강원","양구읍","2020-07-20 10:00","-1.0","0.5","0.036","0.005","6.0","1.0"
"강원","중앙동(원주)","2020-07-20 10:00","0.002","0.5","0.026","0.011","8.0","-1.0"
"강원","반곡동","2020-07-20 10:00","0.002","0.3","0.024","0.005","10.0","4.0"
"강원","문막읍","2020-07-20 10:00","-1.0","0.3","0.027","0.005","11.0","2.0"
"강원","옥천동","2020-07-20 10:00","0.003","0.5","0.016","0.019","36.0","-1.0"
"강원","천곡동","2020-07-20 10:00","0.001","0.5","0.002","0.016","41.0","22.0"
"강원","남양동1","2020-07-20 10:00","0.002","0.3","0.006","0.015","30.0","16.0"
"강원","평창읍","2020-07-20 10:00","0.003","0.3","0.024","0.006","11.0","10.0"
"강원","북평면","2020-07-20 10:00","0.001","-1.0","0.026","0.001","9.0","6.0"
"강원","정선읍","2020-07-20 10:00","0.002","0.3","0.03","0.005","5.0","-1.0"
"강원","간성읍","2020-07-20 10:00","0.001","0.8","0.032","0.002","6.0","-1.0"
"강원","치악산","2020-07-20 10:00","0.002","0.1","0.031","0.001","10.0","8.0"
"강원","횡성군","2020-07-20 10:00","-1.0","0.5","0.032","0.004","7.0","5.0"
"강원","상리","2020-07-20 10:00","0.002","0.4","0.036","0.003","6.0","2.0"
"강원","양양군","2020-07-20 10:00","0.001","0.5","0.03","0.006","2.0","1.0"
"강원","속초시(금호동)","2020-07-20 10:00","0.004","0.3","0.031","0.009","18.0","7.0"
"강원","갈말읍","2020-07-20 10:00","0.003","0.5","0.033","0.005","9.0","7.0"
"강원","홍천읍","2020-07-20 10:00","0.003","0.4","0.033","0.006","7.0","4.0"
"강원","영월읍","2020-07-20 10:00","-1.0","0.2","0.013","0.007","21.0","7.0"
"강원","화천군","2020-07-20 10:00","-1.0","1.0","0.032","0.005","2.0","1.0"
"강원","태백시","2020-07-20 10:00","0.002","-1.0","0.028","0.002","3.0","-1.0"
"강원","인제군","2020-07-20 10:00","-1.0","0.5","0.036","0.001","6.0","2.0"
"충남","성황동","2020-07-20 10:00","0.002","0.7","0.028","0.013","15.0","6.0"
"충남","백석동","2020-07-20 10:00","0.002","0.4","0.03","0.01","11.0","6.0"
"충남","성성동","2020-07-20 10:00","0.003","0.3","0.035","0.009","12.0","6.0"
"충남","성거읍","2020-07-20 10:00","0.002","0.3","0.032","0.008","12.0","4.0"
"충남","신방동","2020-07-20 10:00","-1.0","0.4","0.032","0.006","15.0","12.0"
"충남","사곡면","2020-07-20 10:00","0.001","0.2","0.032","0.003","9.0","4.0"
"충남","공주","2020-07-20 10:00","0.003","0.3","0.029","0.005","6.0","2.0"
"충남","탄천면","2020-07-20 10:00","0.003","0.3","0.04","0.004","12.0","1.0"
"충남","부여읍","2020-07-20 10:00","0.003","0.6","0.029","0.006","5.0","4.0"
"충남","독곶리","2020-07-20 10:00","0.003","0.4","0.029","0.006","14.0","2.0"
"충남","동문동","2020-07-20 10:00","0.002","0.5","0.022","0.006","2.0","1.0"
"충남","대산리","2020-07-20 10:00","0.003","1.1","0.025","0.011","11.0","3.0"
"충남","성연면","2020-07-20 10:00","0.002","0.3","0.032","0.006","2.0","1.0"
"충남","송산면","2020-07-20 10:00","0.002","0.4","0.034","0.004","8.0","5.0"
"충남","당진시청사","2020-07-20 10:00","0.004","0.3","0.033","0.006","7.0","2.0"
"충남","모종동","2020-07-20 10:00","0.003","0.3","0.036","0.006","6.0","4.0"
"충남","배방읍","2020-07-20 10:00","0.003","0.2","0.062","0.006","11.0","6.0"
"충남","도고면","2020-07-20 10:00","0.003","0.3","0.033","0.004","11.0","6.0"
"충남","둔포면","2020-07-20 10:00","-1.0","0.3","0.033","0.006","15.0","3.0"
"충남","인주면","2020-07-20 10:00","0.003","0.2","0.034","0.006","15.0","3.0"
"충남","논산","2020-07-20 10:00","0.003","0.4","0.029","0.006","3.0","2.0"
"충남","파도리","2020-07-20 10:00","0.001","0.1","0.032","0.002","25.0","10.0"
"충남","이원면","2020-07-20 10:00","0.002","0.5","0.03","0.004","2.0","-1.0"
"충남","태안읍","2020-07-20 10:00","0.003","0.5","0.03","0.006","1.0","-1.0"
"충남","예산군","2020-07-20 10:00","0.004","0.3","0.037","0.004","6.0","5.0"
"충남","대천2동","2020-07-20 10:00","0.003","0.7","0.039","0.004","11.0","4.0"
"충남","주교면","2020-07-20 10:00","0.002","0.3","0.024","0.004","10.0","4.0"
"충남","홍성읍","2020-07-20 10:00","0.003","0.3","0.067","0.006","8.0","4.0"
"충남","내포","2020-07-20 10:00","0.002","0.4","0.032","0.005","6.0","5.0"
"충남","금산읍","2020-07-20 10:00","0.003","0.3","0.035","0.008","15.0","9.0"
"충남","청양읍","2020-07-20 10:00","0.003","0.3","0.034","0.009","8.0","2.0"
"충남","엄사면","2020-07-20 10:00","0.003","0.5","0.032","0.004","12.0","4.0"
"충남","서천읍","2020-07-20 10:00","0.003","0.3","0.039","0.007","13.0","5.0"
"충남","서면","2020-07-20 10:00","0.003","0.4","0.042","0.004","15.0","4.0"
"충남","장항읍","2020-07-20 10:00","0.003","0.2","0.037","0.008","11.0","2.0"
"대전","읍내동","2020-07-20 10:00","0.001","0.5","0.025","0.017","-1.0","6.0"
"대전","문평동","2020-07-20 10:00","0.002","0.3","0.023","0.014","6.0","1.0"
"대전","문창동","2020-07-20 10:00","0.002","0.4","0.033","0.004","-1.0","1.0"
"대전","구성동","2020-07-20 10:00","0.002","0.4","0.029","0.011","5.0","1.0"
"대전","노은동","2020-07-20 10:00","0.01","0.3","0.034","0.007","-1.0","2.0"
"대전","상대동(대전)","2020-07-20 10:00","0.002","0.3","0.037","0.005","4.0","3.0"
"대전","대흥동1","2020-07-20 10:00","0.004","0.2","0.014","0.02","6.0","-1.0"
"대전","성남동1","2020-07-20 10:00","0.002","0.4","0.035","0.008","6.0","2.0"
"대전","대성동","2020-07-20 10:00","-1.0","0.4","0.026","0.01","-1.0","4.0"
"대전","정림동","2020-07-20 10:00","0.002","0.4","0.032","0.005","-1.0","3.0"
"대전","둔산동","2020-07-20 10:00","0.001","0.4","0.029","0.016","3.0","-1.0"
"대전","월평동","2020-07-20 10:00","0.002","0.5","0.034","0.006","-1.0","11.0"
"충북","송정동(봉명동)","2020-07-20 10:00","0.002","0.4","0.025","0.014","7.0","6.0"
"충북","사천동","2020-07-20 10:00","0.002","0.3","0.029","0.005","6.0","5.0"
"충북","용담동","2020-07-20 10:00","0.003","0.2","0.022","0.011","9.0","3.0"
"충북","용암동","2020-07-20 10:00","0.003","0.4","0.02","0.008","13.0","-1.0"
"충북","복대동","2020-07-20 10:00","0.003","0.2","0.017","0.018","4.0","1.0"
"충북","호암동","2020-07-20 10:00","0.002","0.4","0.028","0.004","5.0","4.0"
"충북","칠금동","2020-07-20 10:00","0.003","0.3","0.014","0.022","7.0","6.0"
"충북","중앙탑면","2020-07-20 10:00","0.003","0.5","0.032","0.006","24.0","11.0"
"충북","살미면","2020-07-20 10:00","0.003","0.4","0.029","0.005","36.0","11.0"
"충북","장락동","2020-07-20 10:00","0.002","0.6","0.024","0.006","-1.0","17.0"
"충북","영천동","2020-07-20 10:00","0.003","0.3","0.029","0.007","9.0","7.0"
"충북","청풍면","2020-07-20 10:00","-1.0","0.4","0.019","0.005","9.0","6.0"
"충북","오창읍","2020-07-20 10:00","0.004","0.3","0.029","0.01","-1.0","6.0"
"충북","산남동","2020-07-20 10:00","0.002","0.2","0.026","0.009","-1.0","2.0"
"충북","오송읍","2020-07-20 10:00","0.003","0.2","0.021","0.008","5.0","1.0"
"충북","가덕면","2020-07-20 10:00","0.003","0.3","0.026","0.007","5.0","2.0"
"충북","매포읍","2020-07-20 10:00","0.003","0.3","0.016","0.003","-1.0","12.0"
"충북","단성면","2020-07-20 10:00","0.001","0.2","0.02","0.003","12.0","10.0"
"충북","단양읍","2020-07-20 10:00","0.003","0.0","0.015","0.007","17.0","10.0"
"충북","청천면","2020-07-20 10:00","-1.0","-1.0","-1.0","-1.0","-1.0","-1.0"
"충북","괴산읍","2020-07-20 10:00","0.003","0.4","0.035","0.003","10.0","7.0"
"충북","감물면","2020-07-20 10:00","-1.0","0.3","0.037","0.004","6.0","5.0"
"충북","진천읍","2020-07-20 10:00","0.002","0.4","0.029","0.007","-1.0","7.0"
"충북","덕산읍","2020-07-20 10:00","0.002","0.4","0.032","0.006","9.0","0.0"
"충북","금왕","2020-07-20 10:00","0.002","0.3","0.034","0.006","13.0","3.0"
"충북","음성읍","2020-07-20 10:00","0.003","0.3","0.036","0.004","6.0","5.0"
"충북","소이면","2020-07-20 10:00","-1.0","0.3","0.028","0.005","11.0","1.0"
"충북","영동읍","2020-07-20 10:00","0.004","0.3","0.023","0.006","11.0","9.0"
"충북","증평읍","2020-07-20 10:00","0.002","0.3","0.026","0.006","22.0","2.0"
"충북","보은읍","2020-07-20 10:00","-1.0","0.4","0.034","0.007","8.0","7.0"
"충북","옥천읍","2020-07-20 10:00","0.003","0.4","0.027","0.009","11.0","5.0"
"세종","신흥동","2020-07-20 10:00","0.002","0.4","0.033","0.008","6.0","1.0"
"세종","아름동","2020-07-20 10:00","0.002","0.5","0.035","0.007","5.0","-1.0"
"세종","한솔동","2020-07-20 10:00","0.003","0.6","0.031","0.012","4.0","1.0"
"세종","부강면","2020-07-20 10:00","0.002","0.5","0.033","0.007","6.0","4.0"
"부산","광복동","2020-07-20 10:00","0.002","0.3","0.016","0.006","22.0","9.0"
"부산","초량동","2020-07-20 10:00","0.003","0.3","0.01","0.013","25.0","8.0"
"부산","태종대","2020-07-20 10:00","0.003","0.2","0.008","0.008","25.0","9.0"
"부산","청학동","2020-07-20 10:00","0.003","0.2","0.013","0.007","17.0","3.0"
"부산","전포동","2020-07-20 10:00","0.003","0.1","0.01","0.011","34.0","7.0"
"부산","온천동","2020-07-20 10:00","0.004","0.3","0.008","0.016","21.0","10.0"
"부산","명장동","2020-07-20 10:00","-1.0","-1.0","0.016","0.007","26.0","15.0"
"부산","대연동","2020-07-20 10:00","0.004","0.4","0.008","0.009","30.0","11.0"
"부산","학장동","2020-07-20 10:00","0.004","0.2","0.019","0.006","31.0","14.0"
"부산","덕천동","2020-07-20 10:00","-1.0","0.3","0.014","0.009","36.0","14.0"
"부산","화명동","2020-07-20 10:00","-1.0","-1.0","0.015","0.009","30.0","10.0"
"부산","청룡동","2020-07-20 10:00","-1.0","-1.0","0.022","0.003","28.0","10.0"
"부산","좌동","2020-07-20 10:00","0.003","0.2","0.007","0.008","21.0","8.0"
"부산","재송동","2020-07-20 10:00","0.003","0.2","0.042","0.006","20.0","5.0"
"부산","장림동","2020-07-20 10:00","0.003","0.2","0.014","0.005","31.0","14.0"
"부산","대저동","2020-07-20 10:00","0.002","0.2","0.015","0.007","15.0","11.0"
"부산","녹산동","2020-07-20 10:00","0.004","0.3","0.018","0.004","28.0","8.0"
"부산","연산동","2020-07-20 10:00","0.002","0.3","0.012","0.012","28.0","6.0"
"부산","기장읍","2020-07-20 10:00","-1.0","0.2","0.02","0.004","40.0","16.0"
"부산","용수리","2020-07-20 10:00","0.002","0.2","0.024","0.007","19.0","8.0"
"부산","수정동","2020-07-20 02:00","0.002","0.2","0.035","0.004","25.0","5.0"
"부산","부곡동","2020-07-20 10:00","0.002","0.3","0.02","0.01","26.0","8.0"
"부산","광안동","2020-07-20 10:00","-1.0","-1.0","0.013","0.008","29.0","12.0"
"부산","대신동","2020-07-20 10:00","0.004","0.3","0.01","0.009","35.0","16.0"
"부산","덕포동","2020-07-20 10:00","0.003","0.3","0.012","0.012","30.0","8.0"
"부산","개금동","2020-07-20 10:00","0.003","0.3","0.016","0.008","17.0","2.0"
"부산","당리동","2020-07-20 10:00","0.003","0.3","0.015","0.009","29.0","5.0"
"부산","부산북항","2020-07-20 10:00","0.005","0.2","0.01","0.01","24.0","6.0"
"부산","부산신항","2020-07-20 10:00","0.003","0.2","0.022","0.012","16.0","7.0"
"울산","대송동","2020-07-20 10:00","0.002","0.2","0.015","0.008","22.0","15.0"
"울산","성남동","2020-07-20 10:00","0.002","0.2","0.022","0.008","20.0","5.0"
"울산","부곡동(울산)","2020-07-20 10:00","0.003","0.5","0.018","0.011","30.0","7.0"
"울산","여천동(울산)","2020-07-20 10:00","0.009","0.4","0.016","0.014","24.0","7.0"
"울산","야음동","2020-07-20 10:00","0.001","0.3","0.021","0.009","-1.0","7.0"
"울산","삼산동","2020-07-20 10:00","0.003","0.4","0.015","0.011","19.0","17.0"
"울산","신정로","2020-07-20 10:00","0.003","0.6","0.016","0.006","17.0","3.0"
"울산","신정동","2020-07-20 10:00","0.002","0.6","0.02","0.008","17.0","8.0"
"울산","덕신리","2020-07-20 10:00","0.002","0.5","0.02","0.005","30.0","3.0"
"울산","무거동","2020-07-20 10:00","0.002","0.3","0.022","0.008","20.0","6.0"
"울산","효문동","2020-07-20 10:00","0.002","0.3","0.014","0.019","28.0","6.0"
"울산","화산리","2020-07-20 10:00","0.004","0.6","0.013","0.011","38.0","20.0"
"울산","상남리","2020-07-20 10:00","0.002","0.1","0.019","0.009","20.0","-1.0"
"울산","농소동","2020-07-20 10:00","0.002","0.5","0.019","0.008","11.0","8.0"
"울산","삼남면","2020-07-19 21:00","-1.0","0.1","0.003","0.001","-1.0","-1.0"
"울산","약사동","2020-07-20 10:00","0.002","-1.0","0.021","0.009","16.0","14.0"
"울산","웅촌면","2020-07-20 10:00","0.002","0.4","0.019","0.008","17.0","11.0"
"울산","전하동","2020-07-20 10:00","0.002","0.3","0.012","0.008","31.0","7.0"
"대구","수창동","2020-07-20 10:00","0.004","0.3","0.032","0.007","30.0","16.0"
"대구","지산동","2020-07-20 10:00","0.003","0.3","0.03","0.003","18.0","3.0"
"대구","서호동","2020-07-20 10:00","0.001","0.1","0.027","0.007","23.0","12.0"
"대구","이현동","2020-07-20 10:00","0.002","0.5","0.029","0.01","26.0","13.0"
"대구","평리동","2020-07-20 10:00","0.002","0.6","0.023","0.014","37.0","16.0"
"대구","대명동","2020-07-20 10:00","0.001","0.2","0.028","0.007","23.0","14.0"
"대구","노원동","2020-07-20 10:00","0.002","0.4","0.03","0.009","37.0","21.0"
"대구","신암동","2020-07-20 10:00","0.002","0.2","0.021","0.015","40.0","12.0"
"대구","태전동","2020-07-20 10:00","0.003","0.4","0.029","0.008","32.0","10.0"
"대구","만촌동","2020-07-20 10:00","0.002","0.3","0.027","0.008","22.0","12.0"
"대구","호림동","2020-07-20 10:00","0.002","0.3","0.027","0.006","20.0","12.0"
"대구","유가읍","2020-07-20 10:00","0.001","0.1","0.021","0.006","20.0","10.0"
"대구","이곡동","2020-07-20 10:00","0.002","0.6","0.022","0.012","17.0","13.0"
"대구","시지동","2020-07-20 10:00","0.001","0.3","0.028","0.003","30.0","4.0"
"대구","진천동","2020-07-20 10:00","0.001","0.2","0.031","0.005","25.0","17.0"
"대구","다사읍","2020-07-20 10:00","-1.0","-1.0","-1.0","-1.0","21.0","10.0"
"대구","본동","2020-07-20 10:00","0.001","0.3","0.028","0.006","24.0","18.0"
"경북","장흥동","2020-07-20 10:00","0.004","0.1","0.017","0.012","22.0","7.0"
"경북","장량동","2020-07-20 10:00","0.002","0.3","0.019","0.013","22.0","8.0"
"경북","대도동","2020-07-20 10:00","0.003","0.1","0.024","0.008","27.0","6.0"
"경북","대송면","2020-07-20 10:00","0.003","0.2","0.021","0.004","14.0","6.0"
"경북","3공단","2020-07-20 10:00","0.003","0.3","0.019","0.007","20.0","6.0"
"경북","송도동","2020-07-20 10:00","0.003","0.1","0.02","0.008","23.0","8.0"
"경북","오천읍","2020-07-20 10:00","0.003","0.0","0.024","0.014","30.0","13.0"
"경북","청림동","2020-07-20 10:00","0.004","0.5","0.02","0.011","34.0","12.0"
"경북","성건동","2020-07-20 10:00","0.003","0.2","0.015","0.012","27.0","13.0"
"경북","보덕동","2020-07-20 10:00","0.003","0.2","0.027","0.004","17.0","7.0"
"경북","안강읍","2020-07-20 10:00","0.003","0.2","0.018","0.008","13.0","6.0"
"경북","외동읍","2020-07-20 10:00","0.003","0.2","0.025","0.006","16.0","9.0"
"경북","문당동","2020-07-20 10:00","0.002","0.5","0.005","0.013","40.0","17.0"
"경북","대광동","2020-07-20 10:00","0.003","0.2","0.008","0.016","38.0","30.0"
"경북","율곡동","2020-07-20 10:00","0.002","0.4","0.009","0.018","17.0","6.0"
"경북","명륜동","2020-07-20 10:00","0.002","0.2","0.021","0.008","18.0","9.0"
"경북","공단동","2020-07-20 10:00","0.003","0.3","0.016","0.017","26.0","13.0"
"경북","원평동","2020-07-20 10:00","0.002","0.4","0.032","0.009","14.0","13.0"
"경북","형곡동","2020-07-20 10:00","0.003","0.4","0.026","0.006","28.0","7.0"
"경북","4공단","2020-07-20 10:00","0.003","0.3","0.025","0.008","21.0","11.0"
"경북","가흥동","2020-07-20 10:00","0.003","0.4","0.005","0.012","17.0","15.0"
"경북","중방동","2020-07-20 10:00","0.003","0.2","0.028","0.004","18.0","16.0"
"경북","상주시","2020-07-20 10:00","0.003","0.3","0.005","0.012","-1.0","-1.0"
"경북","칠곡군","2020-07-20 10:00","0.003","0.1","0.029","0.006","24.0","12.0"
"경북","영덕읍","2020-07-20 10:00","0.002","0.2","0.022","0.006","24.0","10.0"
"경북","문경시","2020-07-20 10:00","0.003","0.3","0.005","0.013","17.0","10.0"
"경북","성주군","2020-07-20 10:00","0.002","0.1","0.028","0.006","25.0","15.0"
"경북","지품면","2020-07-20 10:00","-1.0","-1.0","-1.0","-1.0","-1.0","-1.0"
"경북","화북면","2020-07-20 10:00","0.0","0.0","0.017","0.002","27.0","8.0"
"경북","영천시","2020-07-20 10:00","0.003","0.3","0.031","0.005","18.0","11.0"
"경북","안계면","2020-07-20 10:00","0.002","0.3","0.017","0.007","15.0","13.0"
"경북","의성읍","2020-07-20 10:00","0.003","0.3","0.032","0.005","15.0","5.0"
"경북","울진군","2020-07-20 10:00","-1.0","0.3","0.02","0.005","25.0","3.0"
"경북","석포면","2020-07-20 10:00","0.003","0.2","0.07","0.009","11.0","10.0"
"경북","태하리","2020-07-20 10:00","0.001","0.2","0.02","0.002","15.0","8.0"
"경북","울릉읍","2020-07-20 10:00","-1.0","0.2","0.018","0.003","28.0","18.0"
"경북","대가야읍","2020-07-20 10:00","-1.0","-1.0","-1.0","-1.0","-1.0","-1.0"
"경북","군위읍","2020-07-20 10:00","0.002","0.3","0.032","0.006","20.0","10.0"
"경북","영양군","2020-07-20 10:00","0.002","0.2","0.027","0.006","19.0","4.0"
"경북","예천군","2020-07-20 10:00","0.002","0.2","0.026","0.007","21.0","13.0"
"경북","화양읍","2020-07-20 10:00","-1.0","0.2","0.035","0.003","11.0","6.0"
"경북","청송읍","2020-07-20 10:00","0.003","0.2","0.036","0.003","25.0","7.0"
"경남","회원동","2020-07-20 10:00","-1.0","-1.0","-1.0","-1.0","-1.0","-1.0"
"경남","봉암동","2020-07-20 10:00","0.002","0.2","0.013","0.013","23.0","11.0"
"경남","상봉동","2020-07-20 10:00","0.003","0.4","0.023","0.009","19.0","9.0"
"경남","대안동","2020-07-20 10:00","0.003","0.3","0.028","0.008","25.0","-1.0"
"경남","상대동","2020-07-20 10:00","0.003","0.3","0.022","0.011","25.0","11.0"
"경남","명서동","2020-07-20 10:00","0.003","0.4","0.02","0.01","22.0","9.0"
"경남","웅남동","2020-07-20 10:00","0.003","0.3","0.022","0.004","28.0","10.0"
"경남","성주동","2020-07-20 10:00","0.002","0.2","0.022","0.006","9.0","-1.0"
"경남","용지동","2020-07-20 10:00","0.002","0.5","0.026","0.006","31.0","4.0"
"경남","반송로","2020-07-20 10:00","0.003","0.2","0.018","0.007","25.0","9.0"
"경남","사파동","2020-07-20 10:00","0.003","0.2","0.019","0.005","28.0","12.0"
"경남","경화동","2020-07-20 10:00","0.003","0.3","0.017","0.005","33.0","18.0"
"경남","월영동","2020-07-20 10:00","0.002","0.3","0.018","0.009","27.0","11.0"
"경남","하동읍","2020-07-20 10:00","0.002","0.3","0.03","0.005","16.0","-1.0"
"경남","동상동","2020-07-20 10:00","0.003","0.2","0.024","0.006","47.0","4.0"
"경남","삼방동","2020-07-20 10:00","0.002","0.2","0.011","0.017","23.0","6.0"
"경남","장유동","2020-07-20 10:00","0.002","0.3","0.018","0.005","25.0","12.0"
"경남","진영읍","2020-07-20 10:00","0.002","0.2","0.029","0.005","21.0","8.0"
"경남","저구리","2020-07-20 10:00","0.001","0.1","0.01","0.004","20.0","1.0"
"경남","아주동","2020-07-20 10:00","0.002","0.4","0.019","0.002","20.0","7.0"
"경남","사천읍","2020-07-20 10:00","0.003","0.3","0.026","0.006","23.0","12.0"
"경남","대산면","2020-07-20 10:00","0.001","0.4","0.019","0.004","26.0","15.0"
"경남","북부동","2020-07-20 10:00","0.004","0.2","0.008","0.014","41.0","12.0"
"경남","삼호동","2020-07-20 10:00","0.002","0.3","0.021","0.007","26.0","13.0"
"경남","내일동","2020-07-20 10:00","-1.0","-1.0","-1.0","-1.0","-1.0","-1.0"
"경남","무전동","2020-07-20 10:00","0.003","0.1","0.017","0.008","26.0","5.0"
"경남","고성읍","2020-07-20 10:00","0.003","0.2","0.019","0.006","19.0","6.0"
"경남","거창읍","2020-07-20 10:00","-1.0","0.3","0.024","0.011","14.0","5.0"
"경남","가야읍","2020-07-20 10:00","0.002","0.3","0.031","0.004","16.0","6.0"
"경남","함양읍","2020-07-20 10:00","0.002","0.3","0.032","0.005","6.0","4.0"
"경남","남해읍","2020-07-20 10:00","0.002","0.5","0.025","0.005","16.0","9.0"
"경남","산청읍","2020-07-20 10:00","0.002","0.3","0.029","0.007","15.0","9.0"
"경남","남상면","2020-07-20 10:00","0.002","0.3","0.023","0.005","9.0","5.0"
"경남","의령읍","2020-07-20 10:00","0.002","0.2","0.03","0.003","20.0","10.0"
"경남","창녕읍","2020-07-20 10:00","0.003","0.2","0.028","0.007","23.0","12.0"
"경남","합천읍","2020-07-20 10:00","0.003","0.3","0.029","0.006","29.0","14.0"
"전남","용당동","2020-07-20 10:00","0.003","0.5","0.039","0.005","8.0","4.0"
"전남","부흥동","2020-07-20 10:00","0.003","0.3","0.025","0.006","4.0","2.0"
"전남","서강동","2020-07-20 10:00","0.002","0.3","0.015","0.004","27.0","6.0"
"전남","월내동","2020-07-20 10:00","0.002","0.5","0.023","0.006","19.0","8.0"
"전남","문수동","2020-07-20 10:00","0.002","0.4","0.021","0.008","33.0","-1.0"
"전남","여천동(여수)","2020-07-20 10:00","0.002","0.4","0.02","0.006","16.0","8.0"
"전남","덕충동","2020-07-20 10:00","0.002","0.4","0.014","0.008","35.0","8.0"
"전남","장천동","2020-07-20 10:00","0.003","0.3","0.023","0.01","9.0","2.0"
"전남","연향동","2020-07-20 10:00","0.004","0.3","0.028","0.006","9.0","-1.0"
"전남","순천만","2020-07-20 10:00","0.002","0.1","0.027","0.002","4.0","-1.0"
"전남","호두리","2020-07-20 10:00","-1.0","0.1","0.024","0.002","11.0","6.0"
"전남","신대","2020-07-20 10:00","0.003","0.2","0.039","0.004","13.0","4.0"
"전남","빛가람동","2020-07-20 10:00","0.003","0.2","0.037","0.005","12.0","6.0"
"전남","담양읍","2020-07-20 10:00","0.003","0.3","0.016","0.006","17.0","1.0"
"전남","장성읍","2020-07-20 10:00","0.004","0.5","0.028","0.004","13.0","3.0"
"전남","화양면","2020-07-20 10:00","0.003","0.4","0.029","0.003","15.0","8.0"
"전남","율촌면","2020-07-20 10:00","0.001","0.6","0.025","0.003","19.0","8.0"
"전남","삼일동","2020-07-20 10:00","0.002","0.3","0.018","0.006","23.0","10.0"
"전남","중동","2020-07-20 10:00","-1.0","-1.0","-1.0","-1.0","-1.0","-1.0"
"전남","태인동","2020-07-20 10:00","0.004","0.2","0.01","0.017","26.0","18.0"
"전남","진상면","2020-07-20 10:00","0.002","0.2","0.032","0.008","16.0","11.0"
"전남","광양읍","2020-07-20 10:00","0.002","0.3","0.022","0.008","5.0","4.0"
"전남","해남읍","2020-07-20 10:00","0.003","0.4","0.025","0.008","38.0","12.0"
"전남","나불리","2020-07-20 10:00","0.003","0.3","0.021","0.008","47.0","36.0"
"전남","송단리","2020-07-20 10:00","0.003","0.2","0.032","0.003","7.0","4.0"
"전남","화순읍","2020-07-20 10:00","0.002","0.4","0.024","0.006","13.0","5.0"
"전남","영광읍","2020-07-20 10:00","0.003","0.4","0.035","0.006","6.0","3.0"
"전남","장흥읍","2020-07-20 10:00","0.003","0.4","0.035","0.006","14.0","13.0"
"전남","진도읍","2020-07-20 10:00","0.002","0.4","0.029","0.003","16.0","1.0"
"전남","신지면","2020-07-20 10:00","0.001","0.5","0.016","0.006","29.0","11.0"
"전남","함평읍","2020-07-20 10:00","0.001","0.5","0.022","0.005","14.0","6.0"
"전남","고흥읍","2020-07-20 10:00","0.002","0.4","0.041","0.003","6.0","-1.0"
"전남","신안군","2020-07-20 10:00","0.004","0.3","0.042","0.003","13.0","4.0"
"전남","무안읍","2020-07-20 10:00","0.003","0.4","0.03","0.004","26.0","9.0"
"전남","곡성읍","2020-07-20 10:00","0.002","0.5","0.024","0.004","7.0","1.0"
"전남","구례읍","2020-07-20 10:00","0.003","0.5","0.023","0.005","12.0","6.0"
"전남","벌교읍","2020-07-20 10:00","0.002","0.8","0.016","0.002","7.0","-1.0"
"전북","노송동","2020-07-20 10:00","0.002","0.4","0.065","0.006","-1.0","6.0"
"전북","삼천동","2020-07-20 10:00","0.002","0.4","0.071","0.006","4.0","1.0"
"전북","팔복동","2020-07-20 10:00","0.003","0.5","-1.0","0.012","4.0","4.0"
"전북","송천동","2020-07-20 10:00","0.003","0.3","0.029","0.01","10.0","7.0"
"전북","서신동","2020-07-20 10:00","0.003","0.7","-1.0","0.018","12.0","9.0"
"전북","혁신동","2020-07-20 10:00","0.003","0.5","0.035","0.008","11.0","5.0"
"전북","신풍동(군산)","2020-07-20 10:00","0.002","0.3","0.034","0.002","10.0","5.0"
"전북","소룡동","2020-07-20 10:00","0.002","0.3","0.036","0.006","11.0","3.0"
"전북","개정동","2020-07-20 10:00","0.003","0.4","0.035","0.005","8.0","-1.0"
"전북","옥산면","2020-07-20 10:00","0.004","0.3","0.039","0.003","6.0","5.0"
"전북","비응도동","2020-07-20 10:00","0.003","0.3","0.037","0.006","11.0","10.0"
"전북","삼기면","2020-07-20 10:00","0.003","0.3","0.035","0.005","5.0","2.0"
"전북","팔봉동","2020-07-20 10:00","0.001","0.4","0.034","0.009","2.0","1.0"
"전북","모현동","2020-07-20 10:00","-1.0","-1.0","-1.0","-1.0","-1.0","-1.0"
"전북","용동면","2020-07-20 10:00","0.002","0.3","0.038","0.004","6.0","3.0"
"전북","함열읍","2020-07-20 10:00","0.002","0.3","0.029","0.005","3.0","-1.0"
"전북","연지동","2020-07-20 10:00","0.003","0.3","0.026","0.007","9.0","-1.0"
"전북","신태인","2020-07-20 10:00","0.002","0.3","0.029","0.013","2.0","-1.0"
"전북","죽항동","2020-07-20 10:00","0.002","0.2","0.022","0.01","9.0","7.0"
"전북","고창읍","2020-07-20 10:00","-1.0","0.1","0.036","0.005","9.0","6.0"
"전북","심원면","2020-07-20 10:00","0.003","0.2","0.037","0.003","4.0","4.0"
"전북","부안읍","2020-07-20 10:00","0.003","0.6","0.037","0.008","-1.0","3.0"
"전북","새만금","2020-07-20 10:00","0.001","0.7","0.033","0.002","10.0","3.0"
"전북","요촌동","2020-07-20 10:00","0.001","0.4","0.035","0.008","9.0","-1.0"
"전북","고산면","2020-07-20 10:00","0.002","0.5","0.032","0.007","-1.0","1.0"
"전북","봉동읍","2020-07-20 10:00","0.001","0.5","0.028","0.012","6.0","6.0"
"전북","진안읍","2020-07-20 10:00","0.002","0.2","0.023","0.008","12.0","4.0"
"전북","운암면","2020-07-20 10:00","0.0","1.0","0.019","0.003","6.0","-1.0"
"전북","임실읍","2020-07-20 10:00","0.003","0.4","0.032","0.002","8.0","5.0"
"전북","무주읍","2020-07-20 10:00","-1.0","0.3","0.029","0.005","4.0","-1.0"
"전북","순창읍","2020-07-20 10:00","0.003","0.3","0.028","0.007","7.0","6.0"
"전북","장수읍","2020-07-20 10:00","-1.0","0.3","0.037","0.005","8.0","5.0"
"제주","이도동","2020-07-20 10:00","0.001","0.1","0.02","0.008","13.0","-1.0"
"제주","연동","2020-07-20 10:00","0.001","0.2","0.02","0.006","8.0","1.0"
"제주","동홍동","2020-07-20 10:00","-1.0","0.0","0.012","0.005","9.0","6.0"
"제주","성산읍","2020-07-20 10:00","-1.0","0.0","0.013","0.003","10.0","8.0"
"제주","남원읍","2020-07-20 10:00","0.001","0.3","0.012","0.003","17.0","6.0"
"제주","대정읍","2020-07-20 10:00","0.001","0.1","0.016","0.003","11.0","3.0"
"제주","노형로","2020-07-20 10:00","0.001","0.3","0.015","0.01","9.0","3.0"
"제주","고산리","2020-07-20 10:00","-1.0","-1.0","-1.0","-1.0","-1.0","5.0"
"서울","중구","2020-07-20 11:00","0.002","0.4","0.016","0.018","6.0","-1.0"
"서울","한강대로","2020-07-20 11:00","0.004","0.6","0.008","0.03","32.0","10.0"
"서울","종로구","2020-07-20 11:00","0.003","0.4","0.021","0.014","7.0","4.0"
"서울","청계천로","2020-07-20 11:00","0.003","0.7","0.015","0.018","13.0","10.0"
"서울","종로","2020-07-20 11:00","0.003","0.4","0.014","0.018","12.0","7.0"
"서울","용산구","2020-07-20 11:00","0.003","0.3","0.019","0.012","8.0","3.0"
"서울","광진구","2020-07-20 11:00","0.003","0.4","0.024","0.013","6.0","2.0"
"서울","성동구","2020-07-20 11:00","0.002","0.4","0.016","0.013","6.0","-1.0"
"서울","강변북로","2020-07-20 11:00","0.003","0.7","0.017","0.021","8.0","5.0"
"서울","중랑구","2020-07-20 11:00","0.002","0.4","0.017","0.019","8.0","5.0"
"서울","동대문구","2020-07-20 11:00","0.002","0.4","0.024","0.012","5.0","4.0"
"서울","홍릉로","2020-07-20 11:00","0.002","0.4","0.011","0.032","12.0","4.0"
"서울","성북구","2020-07-20 11:00","0.002","0.5","0.016","0.021","15.0","5.0"
"서울","정릉로","2020-07-20 11:00","0.003","0.3","0.026","0.017","10.0","6.0"
"서울","도봉구","2020-07-20 11:00","0.002","0.3","0.023","0.008","12.0","1.0"
"서울","은평구","2020-07-20 11:00","0.003","0.5","0.02","0.012","3.0","-1.0"
"서울","서대문구","2020-07-20 11:00","0.002","0.3","0.021","0.011","3.0","2.0"
"서울","마포구","2020-07-20 11:00","0.002","0.4","0.018","0.014","7.0","3.0"
"서울","신촌로","2020-07-20 11:00","0.003","0.6","0.01","0.038","10.0","7.0"
"서울","강서구","2020-07-20 11:00","0.002","0.3","0.02","0.012","7.0","3.0"
"서울","공항대로","2020-07-20 11:00","0.005","0.4","0.017","0.015","9.0","7.0"
"서울","구로구","2020-07-20 11:00","0.003","0.3","0.03","0.011","3.0","1.0"
"서울","영등포구","2020-07-20 11:00","0.002","0.4","0.018","0.016","6.0","3.0"
"서울","영등포로","2020-07-20 11:00","0.002","0.6","0.008","0.032","7.0","5.0"
"서울","동작구","2020-07-20 11:00","0.002","0.3","0.02","0.009","7.0","2.0"
"서울","동작대로 중앙차로","2020-07-20 11:00","0.003","0.4","0.026","0.012","8.0","-1.0"
"서울","관악구","2020-07-20 11:00","0.002","0.3","0.023","0.012","11.0","6.0"
"서울","강남구","2020-07-20 11:00","0.002","0.4","0.022","0.013","6.0","5.0"
"서울","서초구","2020-07-20 11:00","0.003","0.2","0.03","0.011","4.0","3.0"
"서울","도산대로","2020-07-20 11:00","0.002","0.6","0.012","0.021","5.0","-1.0"
"서울","강남대로","2020-07-20 11:00","0.002","0.7","0.016","0.018","9.0","3.0"
"서울","송파구","2020-07-20 11:00","0.002","0.4","0.022","0.01","5.0","2.0"
"서울","강동구","2020-07-20 11:00","0.003","0.4","0.012","0.017","10.0","6.0"
"서울","천호대로","2020-07-20 11:00","0.003","0.5","0.011","0.029","12.0","4.0"
"서울","금천구","2020-07-20 11:00","0.002","0.3","0.014","0.015","9.0","6.0"
"서울","시흥대로","2020-07-20 11:00","0.003","0.4","0.016","0.019","11.0","8.0"
"서울","강북구","2020-07-20 11:00","0.002","0.3","0.017","0.009","6.0","3.0"
"서울","양천구","2020-07-20 11:00","0.003","0.4","0.019","0.012","-1.0","5.0"
"서울","노원구","2020-07-20 11:00","0.002","0.4","0.019","0.016","5.0","4.0"
"서울","화랑로","2020-07-20 11:00","-1.0","-1.0","-1.0","-1.0","-1.0","-1.0"
"경기","신풍동","2020-07-20 11:00","0.002","0.5","0.023","0.009","7.0","4.0"
"경기","인계동","2020-07-20 11:00","0.003","0.6","0.023","0.014","9.0","4.0"
"경기","광교동","2020-07-20 11:00","0.002","0.4","0.02","0.009","13.0","3.0"
"경기","영통동","2020-07-20 11:00","0.002","0.6","0.025","0.01","4.0","-1.0"
"경기","천천동","2020-07-20 11:00","0.002","0.3","0.027","0.007","5.0","2.0"
"경기","경수대로(동수원)","2020-07-20 11:00","0.002","0.6","0.014","0.01","5.0","5.0"
"경기","고색동","2020-07-20 11:00","0.002","0.5","0.023","0.01","3.0","-1.0"
"경기","호매실동","2020-07-20 11:00","0.002","0.5","0.019","0.008","2.0","-1.0"
"경기","대왕판교로(백현동)","2020-07-20 11:00","0.004","0.6","-1.0","0.017","10.0","6.0"
"경기","단대동","2020-07-20 11:00","0.002","0.5","0.022","0.014","7.0","1.0"
"경기","정자동","2020-07-20 11:00","0.002","0.4","0.018","0.014","5.0","-1.0"
"경기","수내동","2020-07-20 11:00","0.002","0.5","0.018","0.016","3.0","-1.0"
"경기","성남대로(모란역)","2020-07-20 11:00","0.002","0.7","0.01","0.032","15.0","6.0"
"경기","복정동","2020-07-20 11:00","0.003","0.5","0.014","0.025","28.0","12.0"
"경기","운중동","2020-07-20 11:00","0.003","0.4","0.025","0.008","4.0","2.0"
"경기","상대원동","2020-07-20 11:00","0.002","0.4","0.016","0.019","6.0","4.0"
"경기","의정부동","2020-07-20 11:00","0.004","0.5","0.024","0.013","7.0","1.0"
"경기","의정부1동","2020-07-20 11:00","0.003","0.4","0.021","0.017","15.0","0.0"
"경기","안양6동","2020-07-20 11:00","0.002","0.3","0.028","0.011","13.0","4.0"
"경기","부림동","2020-07-20 11:00","0.003","0.4","0.026","0.009","7.0","0.0"
"경기","호계동","2020-07-20 11:00","0.002","0.2","0.023","0.009","11.0","7.0"
"경기","안양2동","2020-07-20 11:00","0.002","0.4","0.027","0.01","2.0","-1.0"
"경기","철산동","2020-07-20 11:00","0.002","0.5","0.022","0.01","5.0","3.0"
"경기","소하동","2020-07-20 11:00","0.002","0.4","0.027","0.007","-1.0","2.0"
"경기","고잔동","2020-07-20 11:00","0.002","0.3","0.018","0.011","6.0","1.0"
"경기","원시동","2020-07-20 11:00","0.004","0.2","0.022","0.01","17.0","1.0"
"경기","본오동","2020-07-20 10:00","0.002","0.4","0.025","0.011","9.0","8.0"
"경기","부곡동1","2020-07-20 11:00","0.004","0.3","0.021","0.008","3.0","1.0"
"경기","대부동","2020-07-20 11:00","0.002","0.2","0.029","0.004","9.0","2.0"
"경기","호수동","2020-07-20 11:00","0.003","0.2","0.023","0.016","3.0","1.0"
"경기","중앙대로(고잔동)","2020-07-20 11:00","0.002","0.3","-1.0","0.016","4.0","4.0"
"경기","별양동","2020-07-20 11:00","0.002","0.4","0.023","0.012","6.0","6.0"
"경기","과천동","2020-07-20 11:00","0.002","0.4","0.025","0.008","7.0","2.0"
"경기","교문동","2020-07-20 11:00","0.004","0.4","0.025","0.008","6.0","1.0"
"경기","동구동","2020-07-20 11:00","0.002","0.4","0.022","0.015","5.0","-1.0"
"경기","부곡3동","2020-07-20 11:00","0.002","0.5","0.028","0.005","8.0","3.0"
"경기","고천동","2020-07-20 11:00","0.002","0.5","0.02","0.011","9.0","6.0"
"경기","정왕동","2020-07-20 11:00","0.003","0.4","0.026","0.009","15.0","2.0"
"경기","시화산단","2020-07-20 11:00","0.003","0.4","0.024","0.017","4.0","-1.0"
"경기","대야동","2020-07-20 11:00","0.004","0.5","0.022","0.013","2.0","-1.0"
"경기","목감동","2020-07-20 11:00","0.004","0.3","0.025","0.008","6.0","5.0"
"경기","장현동","2020-07-20 11:00","0.004","0.3","0.027","0.007","7.0","-1.0"
"경기","금곡동","2020-07-20 11:00","0.002","0.5","0.014","0.015","9.0","1.0"
"경기","오남읍","2020-07-20 11:00","-1.0","0.4","0.022","0.013","3.0","-1.0"
"경기","별내동","2020-07-20 11:00","-1.0","0.4","0.024","0.014","2.0","1.0"
"경기","화도읍","2020-07-20 11:00","-1.0","0.3","0.027","0.011","8.0","1.0"
"경기","경춘로","2020-07-20 11:00","0.003","0.6","0.015","0.02","12.0","10.0"
"경기","비전동","2020-07-20 11:00","0.003","0.3","0.026","0.01","10.0","4.0"
"경기","안중","2020-07-20 11:00","0.003","0.2","0.031","0.006","10.0","4.0"
"경기","평택항","2020-07-20 11:00","0.003","0.3","0.019","0.015","17.0","3.0"
"경기","송북동","2020-07-20 11:00","0.005","0.4","0.031","0.004","15.0","3.0"
"경기","청북읍","2020-07-20 11:00","0.004","0.4","0.025","0.01","9.0","6.0"
"경기","금촌동","2020-07-20 11:00","0.002","0.5","0.022","0.01","2.0","-1.0"
"경기","운정","2020-07-20 11:00","0.001","0.4","0.023","0.008","2.0","-1.0"
"경기","파주","2020-07-20 11:00","0.001","0.2","0.023","0.003","6.0","-1.0"
"경기","파주읍","2020-07-20 11:00","0.002","0.4","0.022","0.01","7.0","4.0"
"경기","행신동","2020-07-20 11:00","0.003","0.4","0.022","0.013","11.0","3.0"
"경기","식사동","2020-07-20 11:00","0.003","0.4","0.03","0.011","27.0","1.0"
"경기","백마로(마두역)","2020-07-20 11:00","0.003","0.4","0.024","0.021","20.0","10.0"
"경기","신원동","2020-07-20 11:00","0.002","0.3","0.027","0.012","11.0","4.0"
"경기","주엽동","2020-07-20 11:00","0.002","0.4","0.025","0.011","12.0","-1.0"
"경기","경안동","2020-07-20 11:00","0.002","0.3","0.023","0.013","7.0","2.0"
"경기","오포읍","2020-07-20 11:00","-1.0","-1.0","-1.0","-1.0","-1.0","-1.0"
"경기","김량장동","2020-07-20 11:00","0.002","0.3","-1.0","0.009","6.0","2.0"
"경기","수지","2020-07-20 11:00","0.001","0.5","0.02","0.012","5.0","0.0"
"경기","기흥","2020-07-20 11:00","0.002","0.4","0.023","0.012","11.0","9.0"
"경기","중부대로(구갈동)","2020-07-20 11:00","0.002","0.4","-1.0","0.02","3.0","3.0"
"경기","모현읍","2020-07-20 11:00","0.002","0.4","0.032","0.005","6.0","2.0"
"경기","이동읍","2020-07-20 11:00","0.002","0.1","0.03","0.005","9.0","4.0"
"경기","백암면","2020-07-20 11:00","0.001","0.4","0.034","0.003","8.0","3.0"
"경기","설성면","2020-07-20 11:00","0.001","0.2","0.032","0.004","9.0","-1.0"
"경기","창전동","2020-07-20 11:00","0.004","0.4","0.033","0.004","6.0","2.0"
"경기","장호원읍","2020-07-20 11:00","0.003","0.3","0.031","0.005","5.0","-1.0"
"경기","부발읍","2020-07-20 11:00","0.005","0.4","0.032","0.006","15.0","5.0"
"경기","관인면","2020-07-20 11:00","0.001","0.3","0.026","0.006","4.0","-1.0"
"경기","선단동","2020-07-20 11:00","0.002","0.4","0.015","0.012","6.0","1.0"
"경기","일동면","2020-07-20 11:00","0.002","0.4","0.027","0.007","2.0","1.0"
"경기","사우동","2020-07-20 11:00","0.004","0.3","0.021","0.007","18.0","7.0"
"경기","고촌읍","2020-07-20 11:00","0.004","0.3","0.024","0.01","8.0","8.0"
"경기","월곶면","2020-07-20 11:00","0.002","0.3","0.032","0.004","6.0","5.0"
"경기","한강신도시","2020-07-20 11:00","0.003","0.3","0.028","0.006","19.0","10.0"
"경기","한강로","2020-07-20 11:00","0.003","0.4","0.029","0.007","9.0","4.0"
"경기","당동","2020-07-20 11:00","0.003","0.4","0.023","0.015","9.0","5.0"
"경기","산본동","2020-07-20 11:00","0.002","0.3","0.027","0.007","8.0","4.0"
"경기","오산동","2020-07-20 11:00","0.002","0.3","0.016","0.011","4.0","0.0"
"경기","금암로(신장동)","2020-07-20 11:00","0.002","0.2","0.023","0.008","6.0","4.0"
"경기","신장동","2020-07-20 11:00","0.001","0.3","0.016","0.013","-1.0","0.0"
"경기","남양읍","2020-07-20 11:00","0.004","0.2","0.026","0.01","11.0","0.0"
"경기","향남읍","2020-07-20 11:00","0.01","0.3","0.03","0.004","10.0","8.0"
"경기","동탄","2020-07-20 11:00","0.003","0.3","0.027","0.009","9.0","4.0"
"경기","우정읍","2020-07-20 11:00","0.002","0.3","0.03","0.001","8.0","4.0"
"경기","청계동","2020-07-20 11:00","0.003","0.4","0.027","0.012","9.0","2.0"
"경기","새솔동","2020-07-20 11:00","0.003","0.4","0.024","0.004","14.0","4.0"
"경기","봉담읍","2020-07-20 11:00","0.003","0.4","0.026","0.009","5.0","-1.0"
"경기","서신면","2020-07-20 11:00","0.003","0.3","0.03","0.003","6.0","5.0"
"경기","백석읍","2020-07-20 11:00","0.002","0.4","0.027","0.01","5.0","0.0"
"경기","고읍","2020-07-20 11:00","0.003","0.3","0.028","0.01","2.0","0.0"
"경기","보산동","2020-07-20 11:00","0.004","0.3","0.024","0.008","8.0","2.0"
"경기","봉산동","2020-07-20 11:00","0.002","0.5","0.03","0.005","5.0","2.0"
"경기","공도읍","2020-07-20 11:00","0.001","0.4","0.029","0.006","5.0","1.0"
"인천","신흥","2020-07-20 11:00","0.003","0.3","0.018","0.011","3.0","1.0"
"인천","서해","2020-07-20 11:00","0.002","0.4","0.019","0.016","8.0","2.0"
"인천","송림","2020-07-20 11:00","0.003","0.4","0.017","0.011","16.0","3.0"
"인천","구월동","2020-07-20 11:00","0.002","0.4","0.022","0.006","5.0","-1.0"
"인천","숭의","2020-07-20 11:00","0.002","0.4","0.018","0.011","-1.0","-1.0"
"인천","석바위","2020-07-20 11:00","0.003","0.4","0.024","0.015","6.0","4.0"
"인천","부평역","2020-07-20 11:00","0.005","0.4","0.009","0.014","11.0","-1.0"
"인천","남동","2020-07-20 11:00","0.003","0.4","0.028","0.004","5.0","-1.0"
"인천","부평","2020-07-20 11:00","0.002","0.4","0.018","0.012","5.0","1.0"
"인천","연희","2020-07-20 11:00","0.003","0.4","0.019","0.012","10.0","2.0"
"인천","검단","2020-07-20 11:00","0.003","0.3","0.018","0.008","6.0","3.0"
"인천","계산","2020-07-20 11:00","0.002","0.5","0.023","0.011","-1.0","-1.0"
"인천","고잔","2020-07-20 11:00","-1.0","-1.0","-1.0","-1.0","-1.0","-1.0"
"인천","석남","2020-07-20 11:00","0.002","0.3","0.029","0.013","9.0","4.0"
"인천","송해","2020-07-20 11:00","-1.0","-1.0","-1.0","-1.0","-1.0","-1.0"
"인천","동춘","2020-07-20 11:00","0.002","0.3","0.017","0.006","-1.0","-1.0"
"인천","운서","2020-07-20 11:00","0.002","0.3","0.019","0.005","8.0","3.0"
"인천","송현","2020-07-20 11:00","0.002","0.3","0.021","0.009","6.0","3.0"
"인천","논현","2020-07-20 11:00","0.003","0.4","0.016","0.013","10.0","5.0"
"인천","청라","2020-07-20 11:00","0.004","0.3","0.022","0.007","-1.0","-1.0"
"인천","송도","2020-07-20 11:00","0.002","0.3","0.027","0.004","6.0","4.0"
"인천","원당","2020-07-20 11:00","0.003","0.4","0.019","0.01","7.0","-1.0"
"인천","길상","2020-07-20 11:00","0.004","0.3","0.03","0.002","7.0","2.0"
"인천","삼산","2020-07-20 11:00","0.002","0.3","0.019","0.011","8.0","4.0"
"인천","석모리","2020-07-20 11:00","0.001","0.6","0.029","0.001","17.0","3.0"
"인천","덕적도","2020-07-20 11:00","0.001","0.3","0.03","0.001","13.0","-1.0"
"인천","백령도","2020-07-20 11:00","0.003","0.8","0.049","0.003","-1.0","24.0"
"인천","영흥","2020-07-20 11:00","0.003","0.3","0.034","0.002","20.0","1.0"
"강원","중앙로","2020-07-20 11:00","-1.0","0.3","0.03","0.005","10.0","5.0"
"강원","석사동","2020-07-20 11:00","0.001","0.4","0.027","0.006","22.0","7.0"
"강원","신사우동","2020-07-20 11:00","-1.0","0.5","0.034","0.004","1.0","-1.0"
"강원","온의동","2020-07-20 11:00","-1.0","0.4","0.018","0.014","6.0","2.0"
"강원","방산면","2020-07-20 11:00","-1.0","-1.0","-1.0","-1.0","6.0","4.0"
"강원","양구읍","2020-07-20 11:00","-1.0","0.5","0.036","0.005","4.0","1.0"
"강원","중앙동(원주)","2020-07-20 11:00","0.002","0.4","0.029","0.011","9.0","6.0"
"강원","반곡동","2020-07-20 11:00","0.002","0.3","0.024","0.005","8.0","1.0"
"강원","문막읍","2020-07-20 11:00","0.002","0.3","0.026","0.006","10.0","3.0"
"강원","옥천동","2020-07-20 11:00","0.003","0.6","0.009","0.027","10.0","8.0"
"강원","천곡동","2020-07-20 11:00","0.001","0.5","0.002","0.016","35.0","20.0"
"강원","남양동1","2020-07-20 11:00","0.002","0.3","0.005","0.017","28.0","16.0"
"강원","평창읍","2020-07-20 11:00","0.003","0.3","0.028","0.003","14.0","7.0"
"강원","북평면","2020-07-20 11:00","0.001","0.3","0.034","0.002","6.0","3.0"
"강원","정선읍","2020-07-20 11:00","0.001","0.4","0.037","0.007","1.0","-1.0"
"강원","간성읍","2020-07-20 11:00","0.001","0.7","0.031","0.002","9.0","9.0"
"강원","치악산","2020-07-20 11:00","0.002","0.1","0.033","0.001","7.0","7.0"
"강원","횡성군","2020-07-20 11:00","-1.0","0.5","0.032","0.004","6.0","-1.0"
"강원","상리","2020-07-20 11:00","0.002","0.4","0.036","0.003","6.0","3.0"
"강원","양양군","2020-07-20 11:00","0.001","0.5","0.029","0.007","3.0","2.0"
"강원","속초시(금호동)","2020-07-20 11:00","0.004","0.3","0.033","0.007","19.0","6.0"
"강원","갈말읍","2020-07-20 11:00","0.003","0.4","0.032","0.003","7.0","7.0"
"강원","홍천읍","2020-07-20 11:00","0.003","0.4","0.03","0.007","18.0","6.0"
"강원","영월읍","2020-07-20 11:00","-1.0","0.3","0.018","0.006","18.0","9.0"
"강원","화천군","2020-07-20 11:00","-1.0","0.9","0.033","0.002","2.0","-1.0"
"강원","태백시","2020-07-20 11:00","0.002","-1.0","0.031","0.002","2.0","-1.0"
"강원","인제군","2020-07-20 11:00","-1.0","0.4","0.036","0.001","4.0","-1.0"
"충남","성황동","2020-07-20 11:00","0.002","0.7","0.029","0.012","13.0","5.0"
"충남","백석동","2020-07-20 11:00","0.002","0.4","0.03","0.009","10.0","1.0"
"충남","성성동","2020-07-20 11:00","0.003","0.3","0.034","0.009","13.0","6.0"
"충남","성거읍","2020-07-20 11:00","-1.0","-1.0","-1.0","-1.0","-1.0","-1.0"
"충남","신방동","2020-07-20 11:00","-1.0","0.4","0.032","0.005","8.0","8.0"
"충남","사곡면","2020-07-20 11:00","0.001","0.3","0.032","0.003","12.0","8.0"
"충남","공주","2020-07-20 11:00","-1.0","0.3","0.029","0.005","6.0","2.0"
"충남","탄천면","2020-07-20 11:00","0.003","0.3","0.04","0.004","8.0","3.0"
"충남","부여읍","2020-07-20 11:00","0.003","0.6","0.03","0.007","20.0","6.0"
"충남","독곶리","2020-07-20 11:00","0.003","0.4","0.033","0.005","17.0","2.0"
"충남","동문동","2020-07-20 11:00","0.003","0.5","0.023","0.005","2.0","-1.0"
"충남","대산리","2020-07-20 11:00","0.004","1.0","0.026","0.013","12.0","-1.0"
"충남","성연면","2020-07-20 11:00","0.002","0.2","0.033","0.004","5.0","-1.0"
"충남","송산면","2020-07-20 11:00","0.002","0.4","0.03","0.006","21.0","3.0"
"충남","당진시청사","2020-07-20 11:00","0.004","0.3","0.029","0.006","10.0","0.0"
"충남","모종동","2020-07-20 11:00","-1.0","0.3","0.035","0.006","4.0","3.0"
"충남","배방읍","2020-07-20 11:00","0.003","0.3","0.059","0.006","12.0","3.0"
"충남","도고면","2020-07-20 11:00","0.003","0.3","0.031","0.006","11.0","5.0"
"충남","둔포면","2020-07-20 11:00","-1.0","0.3","0.033","0.006","18.0","4.0"
"충남","인주면","2020-07-20 11:00","0.003","0.2","0.032","0.007","4.0","1.0"
"충남","논산","2020-07-20 11:00","0.003","0.4","0.031","0.006","7.0","6.0"
"충남","파도리","2020-07-20 11:00","0.001","0.2","0.031","0.005","35.0","12.0"
"충남","이원면","2020-07-20 11:00","0.002","0.4","0.032","0.004","2.0","-1.0"
"충남","태안읍","2020-07-20 11:00","0.003","0.5","0.034","0.005","4.0","3.0"
"충남","예산군","2020-07-20 11:00","0.004","0.3","0.036","0.004","8.0","4.0"
"충남","대천2동","2020-07-20 11:00","0.003","0.7","0.038","0.004","10.0","2.0"
"충남","주교면","2020-07-20 11:00","0.002","0.3","0.023","0.004","12.0","7.0"
"충남","홍성읍","2020-07-20 11:00","0.003","0.3","0.063","0.005","6.0","2.0"
"충남","내포","2020-07-20 11:00","0.002","0.4","0.03","0.005","3.0","3.0"
"충남","금산읍","2020-07-20 11:00","0.003","0.3","0.036","0.008","11.0","7.0"
"충남","청양읍","2020-07-20 11:00","0.003","0.3","0.034","0.008","8.0","2.0"
"충남","엄사면","2020-07-20 11:00","0.003","0.4","0.034","0.004","10.0","4.0"
"충남","서천읍","2020-07-20 11:00","0.002","0.3","0.039","0.007","15.0","5.0"
"충남","서면","2020-07-20 11:00","0.003","0.4","0.041","0.004","15.0","5.0"
"충남","장항읍","2020-07-20 11:00","0.003","0.2","0.038","0.008","18.0","6.0"
"대전","읍내동","2020-07-20 11:00","0.001","0.5","0.027","0.015","-1.0","4.0"
"대전","문평동","2020-07-20 11:00","0.002","0.3","0.027","0.01","6.0","1.0"
"대전","문창동","2020-07-20 11:00","0.002","0.4","0.031","0.005","-1.0","1.0"
"대전","구성동","2020-07-20 11:00","0.002","0.4","0.033","0.009","5.0","1.0"
"대전","노은동","2020-07-20 11:00","0.009","0.3","0.033","0.007","-1.0","2.0"
"대전","상대동(대전)","2020-07-20 11:00","0.002","0.2","0.038","0.005","3.0","3.0"
"대전","대흥동1","2020-07-20 11:00","0.005","0.2","0.015","0.019","6.0","6.0"
"대전","성남동1","2020-07-20 11:00","0.002","0.4","0.034","0.008","4.0","1.0"
"대전","대성동","2020-07-20 11:00","-1.0","0.4","0.029","0.008","-1.0","2.0"
"대전","정림동","2020-07-20 11:00","0.002","0.3","0.031","0.006","-1.0","3.0"
"대전","둔산동","2020-07-20 11:00","0.001","0.4","0.031","0.015","6.0","1.0"
"대전","월평동","2020-07-20 11:00","0.002","0.4","0.036","0.005","-1.0","1.0"
"충북","송정동(봉명동)","2020-07-20 11:00","0.002","0.4","0.026","0.014","-1.0","3.0"
"충북","사천동","2020-07-20 11:00","0.002","0.3","0.028","0.005","6.0","2.0"
"충북","용담동","2020-07-20 11:00","0.003","0.2","0.024","0.009","6.0","1.0"
"충북","용암동","2020-07-20 11:00","0.003","0.4","0.023","0.008","13.0","-1.0"
"충북","복대동","2020-07-20 11:00","0.003","0.1","0.019","0.014","3.0","3.0"
"충북","호암동","2020-07-20 11:00","0.002","0.4","0.032","0.004","2.0","1.0"
"충북","칠금동","2020-07-20 11:00","0.003","0.3","0.018","0.022","7.0","4.0"
"충북","중앙탑면","2020-07-20 11:00","0.002","0.5","0.035","0.005","10.0","8.0"
"충북","살미면","2020-07-20 11:00","0.003","0.4","0.032","0.005","20.0","6.0"
"충북","장락동","2020-07-20 11:00","0.002","0.6","0.032","0.005","12.0","10.0"
"충북","영천동","2020-07-20 11:00","0.003","0.4","0.037","0.006","6.0","5.0"
"충북","청풍면","2020-07-20 11:00","-1.0","0.5","0.025","0.005","-1.0","6.0"
"충북","오창읍","2020-07-20 11:00","0.004","0.3","0.028","0.009","-1.0","6.0"
"충북","산남동","2020-07-20 11:00","0.003","0.2","0.028","0.008","-1.0","3.0"
"충북","오송읍","2020-07-20 11:00","0.003","0.2","0.021","0.008","4.0","1.0"
"충북","가덕면","2020-07-20 11:00","0.003","0.3","0.026","0.008","2.0","-1.0"
"충북","매포읍","2020-07-20 11:00","0.003","0.3","0.02","0.003","-1.0","6.0"
"충북","단성면","2020-07-20 11:00","0.002","0.2","0.022","0.003","14.0","8.0"
"충북","단양읍","2020-07-20 11:00","0.003","0.0","0.016","0.007","-1.0","11.0"
"충북","청천면","2020-07-20 11:00","-1.0","-1.0","-1.0","-1.0","-1.0","-1.0"
"충북","괴산읍","2020-07-20 11:00","0.003","0.4","0.036","0.003","10.0","0.0"
"충북","감물면","2020-07-20 11:00","-1.0","0.3","0.038","0.004","-1.0","3.0"
"충북","진천읍","2020-07-20 11:00","0.002","0.3","0.027","0.007","7.0","4.0"
"충북","덕산읍","2020-07-20 11:00","0.002","0.3","0.034","0.004","7.0","0.0"
"충북","금왕","2020-07-20 11:00","0.002","0.3","0.034","0.006","16.0","3.0"
"충북","음성읍","2020-07-20 11:00","0.003","0.3","0.038","0.004","8.0","3.0"
"충북","소이면","2020-07-20 11:00","-1.0","0.3","0.029","0.006","10.0","-1.0"
"충북","영동읍","2020-07-20 11:00","0.004","0.4","0.027","0.007","6.0","5.0"
"충북","증평읍","2020-07-20 11:00","0.002","0.2","0.027","0.006","17.0","2.0"
"충북","보은읍","2020-07-20 11:00","-1.0","0.4","0.038","0.004","6.0","3.0"
"충북","옥천읍","2020-07-20 11:00","0.003","0.4","0.03","0.008","8.0","2.0"
"세종","신흥동","2020-07-20 11:00","0.002","0.4","0.033","0.007","7.0","3.0"
"세종","아름동","2020-07-20 11:00","0.002","0.5","0.035","0.006","10.0","-1.0"
"세종","한솔동","2020-07-20 11:00","0.003","0.6","0.031","0.012","4.0","1.0"
"세종","부강면","2020-07-20 11:00","0.002","0.5","0.033","0.007","4.0","1.0"
"부산","광복동","2020-07-20 11:00","0.003","0.3","0.015","0.008","27.0","9.0"
"부산","초량동","2020-07-20 11:00","0.003","0.3","0.009","0.015","26.0","10.0"
"부산","태종대","2020-07-20 11:00","0.003","0.2","0.008","0.008","24.0","9.0"
"부산","청학동","2020-07-20 11:00","0.003","0.2","0.014","0.007","20.0","5.0"
"부산","전포동","2020-07-20 11:00","0.004","0.1","0.009","0.012","35.0","9.0"
"부산","온천동","2020-07-20 11:00","0.004","0.3","0.01","0.015","30.0","9.0"
"부산","명장동","2020-07-20 11:00","-1.0","-1.0","0.015","0.007","25.0","9.0"
"부산","대연동","2020-07-20 11:00","0.004","0.4","0.008","0.01","31.0","12.0"
"부산","학장동","2020-07-20 11:00","0.004","0.2","0.018","0.007","29.0","16.0"
"부산","덕천동","2020-07-20 11:00","-1.0","0.3","0.017","0.009","29.0","15.0"
"부산","화명동","2020-07-20 11:00","-1.0","-1.0","0.018","0.009","32.0","8.0"
"부산","청룡동","2020-07-20 11:00","-1.0","-1.0","0.021","0.005","24.0","10.0"
"부산","좌동","2020-07-20 11:00","0.003","0.2","0.007","0.008","24.0","7.0"
"부산","재송동","2020-07-20 11:00","-1.0","-1.0","-1.0","-1.0","30.0","7.0"
"부산","장림동","2020-07-20 11:00","0.003","0.2","0.015","0.007","33.0","13.0"
"부산","대저동","2020-07-20 11:00","0.003","0.2","0.014","0.008","16.0","9.0"
"부산","녹산동","2020-07-20 11:00","0.004","0.2","0.018","0.004","28.0","7.0"
"부산","연산동","2020-07-20 11:00","0.003","0.3","0.012","0.012","23.0","12.0"
"부산","기장읍","2020-07-20 11:00","-1.0","0.2","0.019","0.005","38.0","15.0"
"부산","용수리","2020-07-20 11:00","0.002","0.2","0.024","0.008","12.0","6.0"
"부산","수정동","2020-07-20 11:00","0.002","0.3","0.061","0.007","32.0","11.0"
"부산","부곡동","2020-07-20 11:00","0.002","0.3","0.021","0.009","24.0","8.0"
"부산","광안동","2020-07-20 11:00","-1.0","-1.0","0.014","0.008","31.0","18.0"
"부산","대신동","2020-07-20 11:00","0.004","0.3","0.009","0.011","43.0","17.0"
"부산","덕포동","2020-07-20 11:00","-1.0","0.3","0.013","0.013","31.0","13.0"
"부산","개금동","2020-07-20 11:00","-1.0","0.3","0.015","0.01","18.0","2.0"
"부산","당리동","2020-07-20 11:00","0.003","0.3","0.015","0.009","25.0","6.0"
"부산","부산북항","2020-07-20 11:00","0.004","0.2","0.009","0.013","27.0","7.0"
"부산","부산신항","2020-07-20 11:00","0.003","0.2","0.022","0.013","16.0","7.0"
"울산","대송동","2020-07-20 11:00","0.002","0.2","0.016","0.008","23.0","14.0"
"울산","성남동","2020-07-20 11:00","0.002","0.2","0.028","0.007","24.0","10.0"
"울산","부곡동(울산)","2020-07-20 11:00","0.003","0.5","0.023","0.011","26.0","7.0"
"울산","여천동(울산)","2020-07-20 11:00","0.007","0.3","0.019","0.014","22.0","6.0"
"울산","야음동","2020-07-20 11:00","0.001","0.2","0.028","0.007","-1.0","12.0"
"울산","삼산동","2020-07-20 11:00","0.003","0.4","0.021","0.009","25.0","17.0"
"울산","신정로","2020-07-20 11:00","0.003","0.6","0.021","0.006","23.0","5.0"
"울산","신정동","2020-07-20 11:00","0.002","0.6","0.025","0.007","19.0","4.0"
"울산","덕신리","2020-07-20 11:00","0.002","0.5","0.023","0.005","30.0","6.0"
"울산","무거동","2020-07-20 11:00","0.002","0.5","0.027","0.007","16.0","6.0"
"울산","효문동","2020-07-20 11:00","0.002","0.3","0.019","0.019","28.0","6.0"
"울산","화산리","2020-07-20 11:00","0.004","0.6","0.015","0.011","39.0","18.0"
"울산","상남리","2020-07-20 11:00","0.002","0.1","0.026","0.007","17.0","-1.0"
"울산","농소동","2020-07-20 11:00","0.002","0.5","0.024","0.008","11.0","10.0"
"울산","삼남면","2020-07-19 21:00","-1.0","0.1","0.003","0.001","-1.0","-1.0"
"울산","약사동","2020-07-20 11:00","0.002","-1.0","0.027","0.009","21.0","10.0"
"울산","웅촌면","2020-07-20 11:00","0.002","0.4","0.023","0.007","15.0","13.0"
"울산","전하동","2020-07-20 11:00","0.002","0.3","0.013","0.008","29.0","10.0"
"대구","수창동","2020-07-20 11:00","0.004","0.3","0.031","0.007","23.0","15.0"
"대구","지산동","2020-07-20 11:00","0.003","0.3","0.027","0.004","-1.0","-1.0"
"대구","서호동","2020-07-20 11:00","0.001","0.1","0.026","0.008","-1.0","21.0"
"대구","이현동","2020-07-20 11:00","0.002","0.6","0.029","0.013","25.0","14.0"
"대구","평리동","2020-07-20 11:00","0.002","0.6","0.02","0.016","30.0","15.0"
"대구","대명동","2020-07-20 11:00","0.001","0.2","0.027","0.007","20.0","13.0"
"대구","노원동","2020-07-20 11:00","0.003","0.4","0.028","0.01","33.0","19.0"
"대구","신암동","2020-07-20 11:00","0.002","0.2","0.022","0.015","30.0","15.0"
"대구","태전동","2020-07-20 11:00","-1.0","-1.0","-1.0","-1.0","24.0","19.0"
"대구","만촌동","2020-07-20 11:00","0.002","0.3","0.026","0.009","15.0","11.0"
"대구","호림동","2020-07-20 11:00","0.002","0.3","0.026","0.007","20.0","17.0"
"대구","유가읍","2020-07-20 11:00","0.001","0.1","0.024","0.006","20.0","16.0"
"대구","이곡동","2020-07-20 11:00","0.002","0.6","0.021","0.015","20.0","11.0"
"대구","시지동","2020-07-20 11:00","0.001","0.3","0.027","0.004","24.0","11.0"
"대구","진천동","2020-07-20 11:00","0.001","0.2","0.026","0.007","24.0","11.0"
"대구","다사읍","2020-07-20 11:00","-1.0","-1.0","-1.0","-1.0","19.0","11.0"
"대구","본동","2020-07-20 11:00","0.001","0.3","0.026","0.006","16.0","13.0"
"경북","장흥동","2020-07-20 11:00","0.004","0.1","0.022","0.01","46.0","7.0"
"경북","장량동","2020-07-20 11:00","0.002","0.3","0.024","0.012","19.0","12.0"
"경북","대도동","2020-07-20 11:00","0.003","0.1","0.031","0.007","27.0","9.0"
"경북","대송면","2020-07-20 11:00","0.003","0.1","0.027","0.003","16.0","7.0"
"경북","3공단","2020-07-20 10:00","0.003","0.3","0.019","0.007","20.0","6.0"
"경북","송도동","2020-07-20 11:00","0.003","0.1","0.026","0.008","26.0","6.0"
"경북","오천읍","2020-07-20 11:00","0.003","0.0","0.033","0.009","26.0","11.0"
"경북","청림동","2020-07-20 11:00","0.003","0.5","0.029","0.008","35.0","12.0"
"경북","성건동","2020-07-20 11:00","0.003","0.2","0.019","0.011","28.0","15.0"
"경북","보덕동","2020-07-20 11:00","0.003","0.2","0.028","0.004","10.0","6.0"
"경북","안강읍","2020-07-20 11:00","0.003","0.2","0.032","0.005","17.0","6.0"
"경북","외동읍","2020-07-20 11:00","0.003","0.2","0.029","0.005","18.0","9.0"
"경북","문당동","2020-07-20 11:00","0.003","0.4","0.011","0.007","32.0","15.0"
"경북","대광동","2020-07-20 11:00","0.003","0.2","0.016","0.012","20.0","10.0"
"경북","율곡동","2020-07-20 11:00","0.002","0.4","0.014","0.015","12.0","8.0"
"경북","명륜동","2020-07-20 11:00","0.002","0.3","0.02","0.013","19.0","9.0"
"경북","공단동","2020-07-20 11:00","0.002","0.3","0.019","0.015","20.0","16.0"
"경북","원평동","2020-07-20 11:00","0.002","0.5","0.032","0.01","19.0","12.0"
"경북","형곡동","2020-07-20 11:00","0.003","0.4","0.024","0.008","17.0","9.0"
"경북","4공단","2020-07-20 11:00","0.003","0.3","0.026","0.009","15.0","11.0"
"경북","가흥동","2020-07-20 11:00","0.003","0.3","0.016","0.009","23.0","16.0"
"경북","중방동","2020-07-20 11:00","0.003","0.2","0.028","0.004","21.0","15.0"
"경북","상주시","2020-07-20 11:00","0.003","0.3","0.013","0.013","-1.0","-1.0"
"경북","칠곡군","2020-07-20 11:00","0.003","0.2","0.032","0.008","23.0","14.0"
"경북","영덕읍","2020-07-20 11:00","0.001","0.2","0.025","0.006","23.0","11.0"
"경북","문경시","2020-07-20 11:00","0.003","0.3","0.011","0.012","9.0","8.0"
"경북","성주군","2020-07-20 11:00","-1.0","-1.0","-1.0","-1.0","-1.0","-1.0"
"경북","지품면","2020-07-20 11:00","-1.0","-1.0","-1.0","-1.0","-1.0","-1.0"
"경북","화북면","2020-07-20 11:00","0.0","0.1","0.026","0.002","27.0","5.0"
"경북","영천시","2020-07-20 11:00","0.003","0.3","0.029","0.008","16.0","9.0"
"경북","안계면","2020-07-20 11:00","0.002","0.3","0.02","0.007","21.0","14.0"
"경북","의성읍","2020-07-20 11:00","0.003","0.3","0.03","0.007","24.0","7.0"
"경북","울진군","2020-07-20 11:00","-1.0","0.3","0.023","0.006","22.0","3.0"
"경북","석포면","2020-07-20 11:00","0.003","0.2","0.068","0.008","8.0","5.0"
"경북","태하리","2020-07-20 11:00","0.001","0.2","0.021","0.002","16.0","4.0"
"경북","울릉읍","2020-07-20 11:00","-1.0","0.2","0.02","0.003","27.0","17.0"
"경북","대가야읍","2020-07-20 11:00","-1.0","-1.0","-1.0","-1.0","-1.0","-1.0"
"경북","군위읍","2020-07-20 11:00","0.002","0.3","0.032","0.005","16.0","8.0"
"경북","영양군","2020-07-20 11:00","0.002","0.2","0.033","0.005","14.0","3.0"
"경북","예천군","2020-07-20 11:00","0.002","0.2","0.033","0.004","13.0","7.0"
"경북","화양읍","2020-07-20 11:00","-1.0","0.2","0.036","0.004","13.0","7.0"
"경북","청송읍","2020-07-20 11:00","0.003","0.2","0.035","0.004","25.0","9.0"
"경남","회원동","2020-07-20 11:00","0.002","0.2","0.015","0.01","23.0","7.0"
"경남","봉암동","2020-07-20 11:00","0.002","0.2","0.014","0.012","23.0","7.0"
"경남","상봉동","2020-07-20 11:00","0.003","0.4","0.024","0.009","21.0","7.0"
"경남","대안동","2020-07-20 11:00","0.003","0.3","0.028","0.01","23.0","4.0"
"경남","상대동","2020-07-20 11:00","0.004","0.3","0.022","0.011","21.0","10.0"
"경남","명서동","2020-07-20 11:00","0.003","0.4","0.017","0.01","27.0","9.0"
"경남","웅남동","2020-07-20 11:00","0.004","0.2","0.022","0.004","17.0","7.0"
"경남","성주동","2020-07-20 11:00","0.002","0.3","0.02","0.008","9.0","-1.0"
"경남","용지동","2020-07-20 11:00","0.002","0.5","0.025","0.007","24.0","1.0"
"경남","반송로","2020-07-20 11:00","0.002","0.2","0.017","0.008","26.0","7.0"
"경남","사파동","2020-07-20 11:00","0.003","0.2","0.018","0.006","29.0","7.0"
"경남","경화동","2020-07-20 11:00","0.003","0.3","0.016","0.006","41.0","18.0"
"경남","월영동","2020-07-20 11:00","0.003","0.3","0.017","0.01","26.0","10.0"
"경남","하동읍","2020-07-20 11:00","-1.0","-1.0","-1.0","-1.0","-1.0","-1.0"
"경남","동상동","2020-07-20 11:00","0.002","0.2","0.024","0.006","28.0","13.0"
"경남","삼방동","2020-07-20 11:00","0.002","0.2","0.011","0.016","36.0","9.0"
"경남","장유동","2020-07-20 11:00","0.002","0.3","0.017","0.005","28.0","15.0"
"경남","진영읍","2020-07-20 11:00","0.002","0.2","0.026","0.007","24.0","14.0"
"경남","저구리","2020-07-20 11:00","0.001","0.1","0.012","0.004","23.0","3.0"
"경남","아주동","2020-07-20 11:00","-1.0","-1.0","-1.0","-1.0","30.0","12.0"
"경남","사천읍","2020-07-20 11:00","0.003","0.3","0.028","0.005","14.0","6.0"
"경남","대산면","2020-07-20 11:00","0.001","0.4","0.018","0.004","-1.0","-1.0"
"경남","북부동","2020-07-20 11:00","0.004","0.2","0.013","0.011","41.0","13.0"
"경남","삼호동","2020-07-20 11:00","0.002","0.3","0.023","0.008","34.0","14.0"
"경남","내일동","2020-07-20 11:00","-1.0","-1.0","-1.0","-1.0","16.0","-1.0"
"경남","무전동","2020-07-20 11:00","0.003","0.1","0.016","0.007","24.0","4.0"
"경남","고성읍","2020-07-20 11:00","0.003","0.2","0.023","0.006","23.0","8.0"
"경남","거창읍","2020-07-20 11:00","-1.0","0.3","0.04","0.006","11.0","2.0"
"경남","가야읍","2020-07-20 11:00","0.002","0.3","0.027","0.004","11.0","6.0"
"경남","함양읍","2020-07-20 11:00","0.002","0.4","0.032","0.007","9.0","6.0"
"경남","남해읍","2020-07-20 11:00","0.002","0.5","0.024","0.006","8.0","7.0"
"경남","산청읍","2020-07-20 11:00","0.002","0.2","0.031","0.006","11.0","7.0"
"경남","남상면","2020-07-20 11:00","0.002","0.4","0.019","0.007","9.0","5.0"
"경남","의령읍","2020-07-20 11:00","0.002","0.3","0.028","0.004","16.0","12.0"
"경남","창녕읍","2020-07-20 11:00","0.003","0.2","0.032","0.005","21.0","12.0"
"경남","합천읍","2020-07-20 11:00","0.003","0.3","0.032","0.005","23.0","10.0"
"전남","용당동","2020-07-20 11:00","0.004","0.5","0.043","0.006","8.0","4.0"
"전남","부흥동","2020-07-20 11:00","0.003","0.3","0.031","0.004","4.0","2.0"
"전남","서강동","2020-07-20 11:00","0.002","0.3","0.018","0.002","21.0","4.0"
"전남","월내동","2020-07-20 11:00","0.002","0.5","0.031","0.005","1.0","-1.0"
"전남","문수동","2020-07-20 11:00","0.002","0.4","0.022","0.008","23.0","-1.0"
"전남","여천동(여수)","2020-07-20 11:00","0.002","0.4","0.021","0.004","10.0","7.0"
"전남","덕충동","2020-07-20 11:00","0.002","0.4","0.019","0.004","52.0","8.0"
"전남","장천동","2020-07-20 11:00","0.003","0.3","0.024","0.009","10.0","1.0"
"전남","연향동","2020-07-20 11:00","0.004","0.3","0.029","0.006","4.0","-1.0"
"전남","순천만","2020-07-20 11:00","0.002","0.1","0.028","0.002","3.0","-1.0"
"전남","호두리","2020-07-20 11:00","-1.0","0.1","0.025","0.002","7.0","4.0"
"전남","신대","2020-07-20 11:00","0.003","0.2","0.041","0.003","9.0","1.0"
"전남","빛가람동","2020-07-20 11:00","0.003","0.2","0.041","0.006","18.0","5.0"
"전남","담양읍","2020-07-20 11:00","0.003","0.3","0.017","0.007","19.0","3.0"
"전남","장성읍","2020-07-20 11:00","0.004","0.4","0.031","0.004","18.0","4.0"
"전남","화양면","2020-07-20 11:00","0.003","0.4","0.03","0.002","7.0","-1.0"
"전남","율촌면","2020-07-20 11:00","0.001","0.6","0.026","0.003","16.0","6.0"
"전남","삼일동","2020-07-20 11:00","0.002","0.3","0.021","0.005","19.0","8.0"
"전남","중동","2020-07-20 11:00","-1.0","-1.0","-1.0","-1.0","-1.0","-1.0"
"전남","태인동","2020-07-20 11:00","0.004","0.3","0.009","0.018","15.0","12.0"
"전남","진상면","2020-07-20 11:00","0.002","0.2","0.032","0.007","13.0","11.0"
"전남","광양읍","2020-07-20 11:00","0.002","0.3","0.025","0.005","6.0","4.0"
"전남","해남읍","2020-07-20 11:00","0.003","0.4","0.028","0.007","28.0","12.0"
"전남","나불리","2020-07-20 11:00","0.002","0.3","0.028","0.007","23.0","14.0"
"전남","송단리","2020-07-20 11:00","0.003","0.2","0.036","0.003","8.0","4.0"
"전남","화순읍","2020-07-20 11:00","0.002","0.5","0.03","0.004","8.0","-1.0"
"전남","영광읍","2020-07-20 11:00","0.003","0.4","0.038","0.006","7.0","5.0"
"전남","장흥읍","2020-07-20 11:00","0.004","0.4","0.038","0.006","17.0","13.0"
"전남","진도읍","2020-07-20 11:00","0.002","0.4","0.032","0.003","23.0","1.0"
"전남","신지면","2020-07-20 11:00","0.002","0.5","0.018","0.006","29.0","12.0"
"전남","함평읍","2020-07-20 11:00","0.001","0.5","0.022","0.007","19.0","11.0"
"전남","고흥읍","2020-07-20 11:00","0.002","0.4","0.044","0.002","42.0","9.0"
"전남","신안군","2020-07-20 11:00","0.004","0.3","0.043","0.003","7.0","6.0"
"전남","무안읍","2020-07-20 11:00","0.003","0.4","0.036","0.004","25.0","8.0"
"전남","곡성읍","2020-07-20 11:00","0.001","0.6","0.027","0.003","9.0","3.0"
"전남","구례읍","2020-07-20 11:00","0.003","0.5","0.022","0.005","14.0","6.0"
"전남","벌교읍","2020-07-20 11:00","0.002","0.8","0.015","0.003","11.0","-1.0"
"전북","노송동","2020-07-20 11:00","0.002","0.4","0.055","0.005","-1.0","4.0"
"전북","삼천동","2020-07-20 11:00","0.002","0.4","0.067","0.005","1.0","1.0"
"전북","팔복동","2020-07-20 11:00","0.004","0.5","-1.0","0.013","6.0","2.0"
"전북","송천동","2020-07-20 11:00","0.003","0.3","0.031","0.008","11.0","6.0"
"전북","서신동","2020-07-20 11:00","0.002","0.5","-1.0","0.012","13.0","-1.0"
"전북","혁신동","2020-07-20 11:00","0.002","0.4","0.037","0.007","8.0","3.0"
"전북","신풍동(군산)","2020-07-20 11:00","0.003","0.3","0.035","-1.0","-1.0","1.0"
"전북","소룡동","2020-07-20 11:00","0.002","0.3","0.037","0.006","11.0","4.0"
"전북","개정동","2020-07-20 11:00","0.003","0.4","0.037","0.004","-1.0","-1.0"
"전북","옥산면","2020-07-20 11:00","0.004","0.3","0.04","0.003","6.0","-1.0"
"전북","비응도동","2020-07-20 11:00","0.003","0.3","0.036","0.008","11.0","6.0"
"전북","삼기면","2020-07-20 11:00","0.003","0.3","0.037","0.004","4.0","3.0"
"전북","팔봉동","2020-07-20 11:00","0.001","0.4","0.034","0.01","6.0","1.0"
"전북","모현동","2020-07-20 11:00","-1.0","-1.0","-1.0","-1.0","-1.0","-1.0"
"전북","용동면","2020-07-20 11:00","0.002","0.3","0.038","0.004","4.0","4.0"
"전북","함열읍","2020-07-20 11:00","0.002","0.3","0.031","0.004","2.0","-1.0"
"전북","연지동","2020-07-20 11:00","0.003","0.3","0.027","0.006","9.0","-1.0"
"전북","신태인","2020-07-20 11:00","0.002","0.3","0.03","0.012","2.0","-1.0"
"전북","죽항동","2020-07-20 11:00","0.003","0.2","0.022","0.012","7.0","5.0"
"전북","고창읍","2020-07-20 11:00","-1.0","0.1","0.035","0.005","8.0","6.0"
"전북","심원면","2020-07-20 11:00","0.003","0.3","0.039","0.003","2.0","-1.0"
"전북","부안읍","2020-07-20 11:00","-1.0","-1.0","-1.0","-1.0","1.0","1.0"
"전북","새만금","2020-07-20 11:00","0.001","0.7","0.035","0.002","10.0","5.0"
"전북","요촌동","2020-07-20 11:00","0.001","0.4","0.036","0.008","9.0","-1.0"
"전북","고산면","2020-07-20 11:00","0.002","0.4","0.031","0.006","-1.0","3.0"
"전북","봉동읍","2020-07-20 11:00","0.001","0.4","0.029","0.01","7.0","6.0"
"전북","진안읍","2020-07-20 11:00","0.002","0.3","0.031","0.006","11.0","4.0"
"전북","운암면","2020-07-20 11:00","0.0","1.1","0.025","0.003","9.0","-1.0"
"전북","임실읍","2020-07-20 11:00","0.003","0.5","0.035","0.003","10.0","6.0"
"전북","무주읍","2020-07-20 11:00","-1.0","0.3","0.031","0.005","11.0","10.0"
"전북","순창읍","2020-07-20 11:00","0.003","0.3","0.036","0.005","6.0","-1.0"
"전북","장수읍","2020-07-20 11:00","-1.0","0.3","0.038","0.005","6.0","-1.0"
"제주","이도동","2020-07-20 11:00","0.001","0.2","0.024","0.011","15.0","7.0"
"제주","연동","2020-07-20 11:00","0.001","0.2","0.024","0.007","19.0","6.0"
"제주","동홍동","2020-07-20 11:00","-1.0","0.0","0.014","0.004","10.0","7.0"
"제주","성산읍","2020-07-20 11:00","-1.0","0.0","0.016","0.007","9.0","6.0"
"제주","남원읍","2020-07-20 11:00","0.001","0.3","0.013","0.004","6.0","4.0"
"제주","대정읍","2020-07-20 11:00","0.002","0.1","0.019","0.004","16.0","3.0"
"제주","노형로","2020-07-20 11:00","0.001","0.3","0.02","0.012","12.0","7.0"
"제주","고산리","2020-07-20 11:00","-1.0","-1.0","-1.0","-1.0","-1.0","18.0"
"서울","중구","2020-07-20 13:00","0.002","0.4","0.024","0.012","6.0","4.0"
"서울","한강대로","2020-07-20 13:00","0.003","0.6","0.013","0.022","18.0","3.0"
"서울","종로구","2020-07-20 13:00","0.003","0.4","0.025","0.014","10.0","7.0"
"서울","청계천로","2020-07-20 13:00","0.003","0.6","0.019","0.018","24.0","13.0"
"서울","종로","2020-07-20 13:00","0.003","0.5","0.016","0.017","17.0","9.0"
"서울","용산구","2020-07-20 13:00","0.002","0.3","0.022","0.011","11.0","7.0"
"서울","광진구","2020-07-20 13:00","0.003","0.3","0.034","0.008","12.0","6.0"
"서울","성동구","2020-07-20 13:00","0.002","0.3","0.02","0.01","13.0","6.0"
"서울","강변북로","2020-07-20 13:00","0.003","0.6","0.023","0.018","9.0","6.0"
"서울","중랑구","2020-07-20 13:00","0.002","0.4","0.022","0.015","15.0","8.0"
"서울","동대문구","2020-07-20 13:00","0.002","0.3","0.03","0.009","11.0","3.0"
"서울","홍릉로","2020-07-20 13:00","0.002","0.4","0.02","0.022","14.0","6.0"
"서울","성북구","2020-07-20 13:00","0.002","0.4","0.022","0.015","10.0","5.0"
"서울","정릉로","2020-07-20 13:00","-1.0","-1.0","-1.0","-1.0","10.0","7.0"
"서울","도봉구","2020-07-20 13:00","0.002","0.2","0.023","0.007","23.0","4.0"
"서울","은평구","2020-07-20 13:00","0.003","0.5","0.023","0.011","16.0","6.0"
"서울","서대문구","2020-07-20 13:00","0.002","0.3","0.023","0.011","8.0","3.0"
"서울","마포구","2020-07-20 13:00","0.002","0.3","0.021","0.011","7.0","3.0"
"서울","신촌로","2020-07-20 13:00","0.003","0.7","0.011","0.044","18.0","9.0"
"서울","강서구","2020-07-20 13:00","0.002","0.3","0.025","0.011","10.0","5.0"
"서울","공항대로","2020-07-20 13:00","-1.0","-1.0","-1.0","-1.0","-1.0","-1.0"
"서울","구로구","2020-07-20 13:00","0.003","0.3","0.033","0.01","12.0","2.0"
"서울","영등포구","2020-07-20 13:00","0.002","0.3","0.023","0.012","9.0","2.0"
"서울","영등포로","2020-07-20 13:00","0.003","0.5","0.014","0.035","13.0","7.0"
"서울","동작구","2020-07-20 13:00","0.002","0.3","0.022","0.008","14.0","7.0"
"서울","동작대로 중앙차로","2020-07-20 13:00","0.003","0.3","0.028","0.008","11.0","-1.0"
"서울","관악구","2020-07-20 13:00","0.002","0.3","0.026","0.011","13.0","3.0"
"서울","강남구","2020-07-20 13:00","0.002","0.3","0.028","0.009","9.0","4.0"
"서울","서초구","2020-07-20 13:00","0.003","0.2","0.031","0.012","10.0","3.0"
"서울","도산대로","2020-07-20 13:00","-1.0","-1.0","-1.0","-1.0","-1.0","-1.0"
"서울","강남대로","2020-07-20 13:00","0.002","0.6","0.02","0.015","21.0","-1.0"
"서울","송파구","2020-07-20 13:00","0.001","0.3","0.027","0.01","11.0","9.0"
"서울","강동구","2020-07-20 13:00","0.003","0.3","0.019","0.011","-1.0","8.0"
"서울","천호대로","2020-07-20 13:00","0.002","0.4","0.024","0.016","14.0","8.0"
"서울","금천구","2020-07-20 13:00","0.002","0.3","0.021","0.009","9.0","4.0"
"서울","시흥대로","2020-07-20 13:00","0.003","0.4","0.024","0.015","14.0","5.0"
"서울","강북구","2020-07-20 13:00","0.002","0.3","0.018","0.01","12.0","6.0"
"서울","양천구","2020-07-20 13:00","0.003","0.3","0.024","0.009","-1.0","4.0"
"서울","노원구","2020-07-20 13:00","0.002","0.3","0.025","0.012","8.0","5.0"
"서울","화랑로","2020-07-20 13:00","0.003","0.2","0.02","0.018","12.0","6.0"
"경기","신풍동","2020-07-20 13:00","0.001","0.4","0.032","0.006","6.0","6.0"
"경기","인계동","2020-07-20 13:00","0.003","0.5","0.032","0.013","9.0","5.0"
"경기","광교동","2020-07-20 13:00","0.002","0.4","0.027","0.008","17.0","4.0"
"경기","영통동","2020-07-20 13:00","0.002","0.5","0.037","0.006","6.0","-1.0"
"경기","천천동","2020-07-20 13:00","0.002","0.2","0.034","0.004","-1.0","3.0"
"경기","경수대로(동수원)","2020-07-20 13:00","0.002","0.6","0.018","0.012","7.0","6.0"
"경기","고색동","2020-07-20 13:00","0.002","0.4","0.028","0.01","3.0","3.0"
"경기","호매실동","2020-07-20 13:00","0.002","0.4","0.024","0.006","-1.0","1.0"
"경기","대왕판교로(백현동)","2020-07-20 13:00","0.004","0.5","-1.0","0.018","6.0","6.0"
"경기","단대동","2020-07-20 13:00","0.002","0.4","0.028","0.01","28.0","1.0"
"경기","정자동","2020-07-20 13:00","0.002","0.4","0.028","0.007","16.0","8.0"
"경기","수내동","2020-07-20 13:00","0.002","0.4","0.029","0.009","3.0","3.0"
"경기","성남대로(모란역)","2020-07-20 13:00","0.002","0.5","0.017","0.024","13.0","3.0"
"경기","복정동","2020-07-20 13:00","0.003","0.5","0.028","0.01","21.0","5.0"
"경기","운중동","2020-07-20 13:00","0.003","0.3","0.027","0.008","4.0","-1.0"
"경기","상대원동","2020-07-20 13:00","0.002","0.3","0.015","0.024","15.0","7.0"
"경기","의정부동","2020-07-20 13:00","0.004","0.4","0.029","0.009","11.0","4.0"
"경기","의정부1동","2020-07-20 13:00","0.003","0.3","0.026","0.011","17.0","7.0"
"경기","안양6동","2020-07-20 13:00","-1.0","0.3","0.032","0.011","27.0","9.0"
"경기","부림동","2020-07-20 13:00","0.003","0.4","0.027","0.011","22.0","12.0"
"경기","호계동","2020-07-20 13:00","0.002","0.2","0.029","0.006","24.0","10.0"
"경기","안양2동","2020-07-20 13:00","0.002","0.4","0.032","0.009","10.0","5.0"
"경기","철산동","2020-07-20 13:00","0.002","0.4","0.028","0.009","10.0","2.0"
"경기","소하동","2020-07-20 13:00","0.001","0.3","0.034","0.004","-1.0","1.0"
"경기","고잔동","2020-07-20 13:00","0.002","0.3","0.026","0.008","12.0","11.0"
"경기","원시동","2020-07-20 13:00","0.005","0.2","0.031","0.008","17.0","1.0"
"경기","본오동","2020-07-20 10:00","0.002","0.4","0.025","0.011","9.0","8.0"
"경기","부곡동1","2020-07-20 13:00","0.004","0.3","0.027","0.008","12.0","1.0"
"경기","대부동","2020-07-20 13:00","0.002","0.2","0.036","0.004","16.0","1.0"
"경기","호수동","2020-07-20 13:00","0.002","0.3","0.028","0.016","7.0","1.0"
"경기","중앙대로(고잔동)","2020-07-20 13:00","0.003","0.4","-1.0","0.018","7.0","6.0"
"경기","별양동","2020-07-20 13:00","0.002","0.4","0.028","0.01","1.0","-1.0"
"경기","과천동","2020-07-20 13:00","0.002","0.3","0.032","0.004","4.0","3.0"
"경기","교문동","2020-07-20 13:00","0.004","0.4","0.028","0.006","9.0","0.0"
"경기","동구동","2020-07-20 13:00","0.002","0.3","0.026","0.013","17.0","12.0"
"경기","부곡3동","2020-07-20 13:00","0.002","0.4","0.034","0.003","8.0","6.0"
"경기","고천동","2020-07-20 13:00","0.002","0.4","0.027","0.006","10.0","7.0"
"경기","정왕동","2020-07-20 13:00","0.004","0.4","0.034","0.006","17.0","6.0"
"경기","시화산단","2020-07-20 13:00","0.003","0.4","0.033","0.013","13.0","8.0"
"경기","대야동","2020-07-20 13:00","0.003","0.4","0.034","0.007","8.0","8.0"
"경기","목감동","2020-07-20 13:00","0.004","0.3","0.031","0.005","12.0","6.0"
"경기","장현동","2020-07-20 13:00","0.003","0.2","0.034","0.004","18.0","9.0"
"경기","금곡동","2020-07-20 13:00","0.002","0.4","0.022","0.01","9.0","2.0"
"경기","오남읍","2020-07-20 13:00","0.002","0.4","0.024","0.012","8.0","8.0"
"경기","별내동","2020-07-20 13:00","-1.0","0.3","0.029","0.011","10.0","2.0"
"경기","화도읍","2020-07-20 13:00","-1.0","0.3","0.03","0.012","13.0","6.0"
"경기","경춘로","2020-07-20 13:00","0.003","0.5","0.022","0.018","14.0","13.0"
"경기","비전동","2020-07-20 13:00","0.003","0.3","0.025","0.008","8.0","0.0"
"경기","안중","2020-07-20 13:00","0.004","0.2","0.027","0.008","10.0","2.0"
"경기","평택항","2020-07-20 13:00","0.004","0.4","0.024","0.012","18.0","3.0"
"경기","송북동","2020-07-20 13:00","0.006","0.5","0.029","0.006","22.0","6.0"
"경기","청북읍","2020-07-20 13:00","0.004","0.4","0.029","0.006","11.0","7.0"
"경기","금촌동","2020-07-20 13:00","0.002","0.5","0.027","0.007","15.0","2.0"
"경기","운정","2020-07-20 13:00","0.001","0.4","0.027","0.005","15.0","4.0"
"경기","파주","2020-07-20 13:00","0.001","0.2","0.025","0.001","11.0","8.0"
"경기","파주읍","2020-07-20 13:00","0.002","0.3","0.029","0.005","18.0","5.0"
"경기","행신동","2020-07-20 13:00","0.003","0.4","0.029","0.008","13.0","4.0"
"경기","식사동","2020-07-20 13:00","0.003","0.4","0.038","0.008","24.0","1.0"
"경기","백마로(마두역)","2020-07-20 13:00","0.003","0.4","0.03","0.015","21.0","5.0"
"경기","신원동","2020-07-20 13:00","0.002","0.3","0.033","0.007","10.0","7.0"
"경기","주엽동","2020-07-20 13:00","0.002","0.4","0.034","0.006","27.0","14.0"
"경기","경안동","2020-07-20 13:00","0.002","0.3","0.031","0.012","13.0","8.0"
"경기","오포읍","2020-07-20 13:00","0.002","0.3","0.032","0.007","12.0","11.0"
"경기","김량장동","2020-07-20 13:00","-1.0","-1.0","-1.0","-1.0","13.0","5.0"
"경기","수지","2020-07-20 13:00","0.001","0.4","0.03","0.006","9.0","4.0"
"경기","기흥","2020-07-20 13:00","0.003","0.4","0.032","0.009","10.0","0.0"
"경기","중부대로(구갈동)","2020-07-20 13:00","0.002","0.3","-1.0","0.017","6.0","-1.0"
"경기","모현읍","2020-07-20 13:00","0.002","0.4","0.038","0.005","12.0","7.0"
"경기","이동읍","2020-07-20 13:00","0.002","0.3","0.025","0.008","7.0","4.0"
"경기","백암면","2020-07-20 13:00","0.001","0.4","0.033","0.004","7.0","2.0"
"경기","설성면","2020-07-20 13:00","0.001","0.2","0.034","0.004","7.0","-1.0"
"경기","창전동","2020-07-20 13:00","0.004","0.4","0.029","0.006","7.0","4.0"
"경기","장호원읍","2020-07-20 13:00","0.003","0.3","0.031","0.005","4.0","-1.0"
"경기","부발읍","2020-07-20 13:00","0.006","0.4","0.03","0.006","9.0","4.0"
"경기","관인면","2020-07-20 13:00","0.001","0.2","0.03","0.004","8.0","5.0"
"경기","선단동","2020-07-20 13:00","0.003","0.3","0.021","0.008","10.0","1.0"
"경기","일동면","2020-07-20 13:00","0.003","0.3","0.027","0.008","8.0","4.0"
"경기","사우동","2020-07-20 13:00","0.003","0.3","0.03","0.006","21.0","7.0"
"경기","고촌읍","2020-07-20 13:00","0.004","0.3","0.032","0.006","12.0","7.0"
"경기","월곶면","2020-07-20 13:00","0.002","0.3","0.038","0.004","16.0","4.0"
"경기","한강신도시","2020-07-20 13:00","0.003","0.4","0.035","0.005","19.0","6.0"
"경기","한강로","2020-07-20 13:00","0.003","0.4","0.036","0.006","6.0","1.0"
"경기","당동","2020-07-20 13:00","0.003","0.3","0.03","0.009","18.0","4.0"
"경기","산본동","2020-07-20 13:00","0.003","0.3","0.03","0.007","10.0","7.0"
"경기","오산동","2020-07-20 13:00","0.002","0.3","0.019","0.009","4.0","0.0"
"경기","금암로(신장동)","2020-07-20 13:00","0.003","0.2","0.027","0.01","11.0","5.0"
"경기","신장동","2020-07-20 13:00","-1.0","-1.0","-1.0","-1.0","-1.0","-1.0"
"경기","남양읍","2020-07-20 13:00","0.004","0.2","0.033","0.008","18.0","5.0"
"경기","향남읍","2020-07-20 13:00","-1.0","0.3","0.035","0.007","18.0","9.0"
"경기","동탄","2020-07-20 13:00","0.004","0.3","0.035","0.007","16.0","11.0"
"경기","우정읍","2020-07-20 13:00","0.003","0.3","0.034","0.001","14.0","7.0"
"경기","청계동","2020-07-20 13:00","0.003","0.4","0.033","0.01","13.0","7.0"
"경기","새솔동","2020-07-20 13:00","0.003","0.4","0.031","0.002","7.0","7.0"
"경기","봉담읍","2020-07-20 13:00","0.003","0.3","0.033","0.006","16.0","7.0"
"경기","서신면","2020-07-20 13:00","0.003","0.3","0.038","0.001","13.0","6.0"
"경기","백석읍","2020-07-20 13:00","0.003","0.4","0.03","0.006","11.0","6.0"
"경기","고읍","2020-07-20 13:00","0.002","0.3","0.029","0.008","7.0","3.0"
"경기","보산동","2020-07-20 13:00","0.004","0.3","0.026","0.006","10.0","5.0"
"경기","봉산동","2020-07-20 13:00","0.002","0.5","0.028","0.004","36.0","2.0"
"경기","공도읍","2020-07-20 13:00","0.001","0.3","0.027","0.007","9.0","5.0"
"인천","신흥","2020-07-20 13:00","0.003","0.4","0.026","0.009","9.0","5.0"
"인천","서해","2020-07-20 13:00","0.002","0.5","0.028","0.013","20.0","3.0"
"인천","송림","2020-07-20 13:00","0.003","0.5","0.026","0.009","17.0","1.0"
"인천","구월동","2020-07-20 13:00","0.002","0.4","0.028","0.005","11.0","-1.0"
"인천","숭의","2020-07-20 13:00","0.002","0.4","0.025","0.009","-1.0","-1.0"
"인천","석바위","2020-07-20 13:00","0.003","0.4","0.028","0.013","13.0","4.0"
"인천","부평역","2020-07-20 13:00","0.005","0.4","0.011","0.015","15.0","3.0"
"인천","남동","2020-07-20 13:00","0.003","0.4","0.036","0.003","9.0","-1.0"
"인천","부평","2020-07-20 13:00","0.002","0.4","0.024","0.01","12.0","4.0"
"인천","연희","2020-07-20 13:00","0.002","0.5","0.029","0.01","14.0","1.0"
"인천","검단","2020-07-20 13:00","0.003","0.4","0.026","0.006","13.0","2.0"
"인천","계산","2020-07-20 13:00","0.002","0.6","0.032","0.008","-1.0","-1.0"
"인천","고잔","2020-07-20 13:00","-1.0","-1.0","-1.0","-1.0","-1.0","-1.0"
"인천","석남","2020-07-20 13:00","0.003","0.4","0.036","0.012","18.0","5.0"
"인천","송해","2020-07-20 13:00","-1.0","-1.0","-1.0","-1.0","-1.0","-1.0"
"인천","동춘","2020-07-20 13:00","0.003","0.3","0.022","0.005","-1.0","-1.0"
"인천","운서","2020-07-20 13:00","0.002","0.5","0.031","0.004","11.0","4.0"
"인천","송현","2020-07-20 13:00","0.002","0.4","0.031","0.008","12.0","4.0"
"인천","논현","2020-07-20 13:00","0.002","0.4","0.027","0.007","15.0","6.0"
"인천","청라","2020-07-20 13:00","0.004","0.4","0.031","0.007","-1.0","-1.0"
"인천","송도","2020-07-20 13:00","0.002","0.3","0.035","0.003","10.0","3.0"
"인천","원당","2020-07-20 13:00","0.003","0.4","0.027","0.007","11.0","3.0"
"인천","길상","2020-07-20 13:00","0.004","0.4","0.038","0.002","13.0","5.0"
"인천","삼산","2020-07-20 13:00","0.002","0.4","0.026","0.009","9.0","3.0"
"인천","석모리","2020-07-20 13:00","0.001","0.8","0.042","0.002","26.0","9.0"
"인천","덕적도","2020-07-20 13:00","0.002","0.6","0.043","0.001","17.0","-1.0"
"인천","백령도","2020-07-20 13:00","0.003","0.5","0.062","0.002","-1.0","25.0"
"인천","영흥","2020-07-20 13:00","0.003","0.3","0.042","0.003","14.0","1.0"
"강원","중앙로","2020-07-20 13:00","-1.0","0.3","0.03","0.006","8.0","8.0"
"강원","석사동","2020-07-20 13:00","0.001","0.4","0.028","0.006","5.0","2.0"
"강원","신사우동","2020-07-20 13:00","-1.0","0.5","0.035","0.005","2.0","2.0"
"강원","온의동","2020-07-20 13:00","-1.0","0.4","0.024","0.011","10.0","5.0"
"강원","방산면","2020-07-20 13:00","-1.0","-1.0","-1.0","-1.0","4.0","0.0"
"강원","양구읍","2020-07-20 13:00","-1.0","0.5","0.037","0.005","3.0","1.0"
"강원","중앙동(원주)","2020-07-20 13:00","-1.0","0.4","0.026","0.011","71.0","3.0"
"강원","반곡동","2020-07-20 13:00","0.002","0.3","0.024","0.004","2.0","2.0"
"강원","문막읍","2020-07-20 13:00","-1.0","0.3","0.022","0.007","6.0","1.0"
"강원","옥천동","2020-07-20 13:00","0.003","0.6","0.02","0.022","28.0","8.0"
"강원","천곡동","2020-07-20 13:00","0.001","0.5","0.006","0.018","27.0","22.0"
"강원","남양동1","2020-07-20 13:00","0.002","0.4","0.004","0.022","41.0","24.0"
"강원","평창읍","2020-07-20 13:00","0.003","0.3","0.036","0.001","13.0","8.0"
"강원","북평면","2020-07-20 13:00","0.001","0.3","0.039","0.001","12.0","8.0"
"강원","정선읍","2020-07-20 13:00","0.002","1.7","0.045","0.005","5.0","1.0"
"강원","간성읍","2020-07-20 13:00","0.001","0.7","0.029","0.002","12.0","7.0"
"강원","치악산","2020-07-20 13:00","0.002","0.0","0.024","0.001","7.0","6.0"
"강원","횡성군","2020-07-20 13:00","-1.0","0.5","0.027","0.005","6.0","1.0"
"강원","상리","2020-07-20 13:00","0.002","0.4","0.034","0.003","5.0","2.0"
"강원","양양군","2020-07-20 13:00","0.001","0.5","0.034","0.005","2.0","1.0"
"강원","속초시(금호동)","2020-07-20 13:00","0.004","0.3","0.029","0.01","13.0","4.0"
"강원","갈말읍","2020-07-20 13:00","-1.0","-1.0","-1.0","-1.0","-1.0","-1.0"
"강원","홍천읍","2020-07-20 13:00","0.003","0.4","0.027","0.008","10.0","0.0"
"강원","영월읍","2020-07-20 13:00","-1.0","0.2","0.04","0.002","21.0","3.0"
"강원","화천군","2020-07-20 13:00","-1.0","-1.0","-1.0","-1.0","-1.0","-1.0"
"강원","태백시","2020-07-20 13:00","0.002","0.2","0.04","0.001","2.0","-1.0"
"강원","인제군","2020-07-20 13:00","-1.0","0.4","0.035","0.001","3.0","3.0"
"충남","성황동","2020-07-20 13:00","0.002","0.7","0.03","0.012","12.0","6.0"
"충남","백석동","2020-07-20 13:00","0.002","0.4","0.029","0.009","8.0","-1.0"
"충남","성성동","2020-07-20 13:00","0.003","0.3","0.034","0.009","11.0","6.0"
"충남","성거읍","2020-07-20 13:00","-1.0","-1.0","-1.0","-1.0","-1.0","-1.0"
"충남","신방동","2020-07-20 13:00","-1.0","0.4","0.031","0.009","16.0","7.0"
"충남","사곡면","2020-07-20 13:00","0.001","0.3","0.034","0.003","13.0","6.0"
"충남","공주","2020-07-20 13:00","-1.0","-1.0","-1.0","-1.0","-1.0","-1.0"
"충남","탄천면","2020-07-20 13:00","0.003","0.3","0.043","0.003","10.0","5.0"
"충남","부여읍","2020-07-20 13:00","0.003","0.6","0.032","0.006","6.0","4.0"
"충남","독곶리","2020-07-20 13:00","0.003","0.5","0.039","0.006","23.0","1.0"
"충남","동문동","2020-07-20 13:00","0.003","0.5","0.027","0.006","8.0","-1.0"
"충남","대산리","2020-07-20 13:00","0.003","0.8","0.035","0.011","19.0","9.0"
"충남","성연면","2020-07-20 13:00","0.002","0.3","0.04","0.004","20.0","12.0"
"충남","송산면","2020-07-20 13:00","0.003","0.4","0.036","0.005","8.0","7.0"
"충남","당진시청사","2020-07-20 13:00","0.004","0.3","0.033","0.006","6.0","0.0"
"충남","모종동","2020-07-20 13:00","-1.0","0.3","0.033","0.007","6.0","5.0"
"충남","배방읍","2020-07-20 13:00","0.003","0.3","0.056","0.007","10.0","5.0"
"충남","도고면","2020-07-20 13:00","-1.0","0.2","0.032","0.004","10.0","6.0"
"충남","둔포면","2020-07-20 13:00","-1.0","0.2","0.03","0.006","13.0","1.0"
"충남","인주면","2020-07-20 13:00","0.003","0.2","0.033","0.005","7.0","3.0"
"충남","논산","2020-07-20 13:00","0.003","0.4","0.032","0.006","10.0","2.0"
"충남","파도리","2020-07-20 13:00","0.001","0.2","0.038","0.003","35.0","16.0"
"충남","이원면","2020-07-20 13:00","0.002","0.5","0.039","0.005","30.0","7.0"
"충남","태안읍","2020-07-20 13:00","0.003","0.5","0.039","0.006","30.0","9.0"
"충남","예산군","2020-07-20 13:00","-1.0","0.3","0.033","0.003","8.0","6.0"
"충남","대천2동","2020-07-20 13:00","0.003","0.6","0.035","0.004","10.0","2.0"
"충남","주교면","2020-07-20 13:00","0.002","0.3","0.021","0.005","11.0","8.0"
"충남","홍성읍","2020-07-20 13:00","0.003","0.3","0.05","0.004","7.0","1.0"
"충남","내포","2020-07-20 13:00","0.002","0.4","0.034","0.004","25.0","11.0"
"충남","금산읍","2020-07-20 13:00","0.003","0.2","0.034","0.009","14.0","7.0"
"충남","청양읍","2020-07-20 13:00","0.003","0.3","0.034","0.005","11.0","1.0"
"충남","엄사면","2020-07-20 13:00","0.003","0.5","0.035","0.004","10.0","1.0"
"충남","서천읍","2020-07-20 13:00","0.002","0.3","0.034","0.008","10.0","6.0"
"충남","서면","2020-07-20 13:00","0.003","0.4","0.037","0.006","18.0","8.0"
"충남","장항읍","2020-07-20 13:00","0.003","0.1","0.036","0.007","16.0","10.0"
"대전","읍내동","2020-07-20 13:00","0.001","0.5","0.032","0.011","-1.0","2.0"
"대전","문평동","2020-07-20 13:00","0.002","0.3","0.026","0.012","6.0","1.0"
"대전","문창동","2020-07-20 13:00","0.002","0.4","0.027","0.006","-1.0","1.0"
"대전","구성동","2020-07-20 13:00","0.002","0.4","0.033","0.009","-1.0","2.0"
"대전","노은동","2020-07-20 13:00","0.006","0.3","0.035","0.007","-1.0","0.0"
"대전","상대동(대전)","2020-07-20 13:00","0.002","0.3","0.037","0.006","3.0","-1.0"
"대전","대흥동1","2020-07-20 13:00","0.004","0.2","0.013","0.02","4.0","-1.0"
"대전","성남동1","2020-07-20 13:00","0.002","0.4","0.034","0.007","4.0","1.0"
"대전","대성동","2020-07-20 13:00","-1.0","0.3","0.029","0.007","-1.0","10.0"
"대전","정림동","2020-07-20 13:00","0.002","0.3","0.031","0.005","-1.0","1.0"
"대전","둔산동","2020-07-20 13:00","0.002","0.4","0.033","0.012","5.0","2.0"
"대전","월평동","2020-07-20 13:00","0.002","0.5","0.036","0.005","-1.0","1.0"
"충북","송정동(봉명동)","2020-07-20 13:00","0.002","0.4","0.029","0.013","-1.0","4.0"
"충북","사천동","2020-07-20 13:00","0.003","0.3","0.033","0.005","7.0","6.0"
"충북","용담동","2020-07-20 13:00","0.003","0.2","0.024","0.008","12.0","1.0"
"충북","용암동","2020-07-20 13:00","0.003","0.4","0.024","0.008","15.0","-1.0"
"충북","복대동","2020-07-20 13:00","0.003","0.1","0.023","0.012","6.0","4.0"
"충북","호암동","2020-07-20 13:00","0.002","0.4","0.03","0.004","3.0","1.0"
"충북","칠금동","2020-07-20 13:00","0.003","0.3","0.024","0.015","9.0","1.0"
"충북","중앙탑면","2020-07-20 13:00","0.002","0.5","0.036","0.004","12.0","4.0"
"충북","살미면","2020-07-20 13:00","0.003","0.3","0.035","0.004","7.0","5.0"
"충북","장락동","2020-07-20 13:00","-1.0","-1.0","-1.0","-1.0","-1.0","-1.0"
"충북","영천동","2020-07-20 13:00","0.003","0.4","0.038","0.005","6.0","5.0"
"충북","청풍면","2020-07-20 13:00","-1.0","0.5","0.034","0.01","5.0","3.0"
"충북","오창읍","2020-07-20 13:00","0.004","0.3","0.029","0.009","-1.0","8.0"
"충북","산남동","2020-07-20 13:00","0.002","0.2","0.032","0.006","2.0","0.0"
"충북","오송읍","2020-07-20 13:00","0.003","0.2","0.022","0.007","6.0","0.0"
"충북","가덕면","2020-07-20 13:00","0.003","0.3","0.03","0.006","3.0","1.0"
"충북","매포읍","2020-07-20 13:00","0.003","0.3","0.021","0.003","-1.0","6.0"
"충북","단성면","2020-07-20 13:00","0.001","0.3","0.038","0.002","6.0","5.0"
"충북","단양읍","2020-07-20 13:00","0.003","0.1","0.031","0.008","8.0","6.0"
"충북","청천면","2020-07-20 13:00","-1.0","-1.0","-1.0","-1.0","-1.0","-1.0"
"충북","괴산읍","2020-07-20 13:00","0.003","0.4","0.037","0.003","8.0","4.0"
"충북","감물면","2020-07-20 13:00","-1.0","0.3","0.039","0.004","6.0","4.0"
"충북","진천읍","2020-07-20 13:00","0.002","0.4","0.03","0.007","-1.0","6.0"
"충북","덕산읍","2020-07-20 13:00","0.002","0.3","0.036","0.004","13.0","1.0"
"충북","금왕","2020-07-20 13:00","0.002","0.3","0.036","0.005","20.0","4.0"
"충북","음성읍","2020-07-20 13:00","0.003","0.3","0.039","0.003","-1.0","5.0"
"충북","소이면","2020-07-20 13:00","0.002","0.3","0.031","0.005","11.0","-1.0"
"충북","영동읍","2020-07-20 13:00","0.004","0.4","0.033","0.005","8.0","2.0"
"충북","증평읍","2020-07-20 13:00","0.002","0.2","0.03","0.005","16.0","0.0"
"충북","보은읍","2020-07-20 13:00","-1.0","0.4","0.035","0.007","3.0","2.0"
"충북","옥천읍","2020-07-20 13:00","0.003","0.4","0.03","0.007","6.0","0.0"
"세종","신흥동","2020-07-20 13:00","0.002","0.4","0.033","0.007","8.0","7.0"
"세종","아름동","2020-07-20 13:00","0.002","0.5","0.037","0.006","5.0","-1.0"
"세종","한솔동","2020-07-20 13:00","-1.0","0.6","0.034","0.01","6.0","1.0"
"세종","부강면","2020-07-20 13:00","0.002","0.5","0.034","0.006","5.0","1.0"
"부산","광복동","2020-07-20 13:00","0.003","0.4","0.014","0.011","37.0","12.0"
"부산","초량동","2020-07-20 13:00","-1.0","-1.0","-1.0","-1.0","36.0","10.0"
"부산","태종대","2020-07-20 13:00","0.003","0.2","0.009","0.009","22.0","7.0"
"부산","청학동","2020-07-20 13:00","0.003","0.2","0.016","0.008","20.0","6.0"
"부산","전포동","2020-07-20 13:00","0.003","0.1","0.01","0.013","58.0","11.0"
"부산","온천동","2020-07-20 13:00","0.004","0.3","0.012","0.014","37.0","6.0"
"부산","명장동","2020-07-20 13:00","-1.0","-1.0","0.016","0.008","38.0","12.0"
"부산","대연동","2020-07-20 13:00","0.004","0.4","0.008","0.011","41.0","7.0"
"부산","학장동","2020-07-20 13:00","0.004","0.2","0.018","0.008","32.0","13.0"
"부산","덕천동","2020-07-20 13:00","-1.0","0.4","0.012","0.014","29.0","14.0"
"부산","화명동","2020-07-20 13:00","-1.0","-1.0","0.015","0.012","30.0","8.0"
"부산","청룡동","2020-07-20 13:00","-1.0","-1.0","0.024","0.003","23.0","11.0"
"부산","좌동","2020-07-20 13:00","0.003","0.2","0.01","0.009","28.0","9.0"
"부산","재송동","2020-07-20 13:00","-1.0","0.3","0.01","0.01","30.0","10.0"
"부산","장림동","2020-07-20 13:00","0.003","0.2","0.015","0.007","35.0","13.0"
"부산","대저동","2020-07-20 13:00","0.003","0.2","0.013","0.012","16.0","8.0"
"부산","녹산동","2020-07-20 13:00","0.004","0.2","0.016","0.004","30.0","17.0"
"부산","연산동","2020-07-20 13:00","0.002","0.3","0.011","0.015","34.0","11.0"
"부산","기장읍","2020-07-20 13:00","-1.0","0.2","0.02","0.006","41.0","10.0"
"부산","용수리","2020-07-20 13:00","-1.0","0.2","0.022","0.01","25.0","11.0"
"부산","수정동","2020-07-20 13:00","-1.0","-1.0","-1.0","-1.0","-1.0","-1.0"
"부산","부곡동","2020-07-20 13:00","-1.0","0.3","0.022","0.011","34.0","9.0"
"부산","광안동","2020-07-20 13:00","-1.0","-1.0","0.013","0.009","36.0","14.0"
"부산","대신동","2020-07-20 13:00","0.004","0.3","0.009","0.012","50.0","18.0"
"부산","덕포동","2020-07-20 13:00","-1.0","0.3","0.01","0.018","37.0","17.0"
"부산","개금동","2020-07-20 13:00","0.003","0.3","0.023","0.008","-1.0","-1.0"
"부산","당리동","2020-07-20 13:00","0.003","0.3","0.014","0.012","31.0","8.0"
"부산","부산북항","2020-07-20 13:00","0.005","0.2","0.008","0.016","45.0","18.0"
"부산","부산신항","2020-07-20 13:00","0.004","0.2","0.021","0.014","27.0","2.0"
"울산","대송동","2020-07-20 13:00","0.002","0.2","0.018","0.008","25.0","13.0"
"울산","성남동","2020-07-20 13:00","0.002","0.3","0.026","0.008","25.0","10.0"
"울산","부곡동(울산)","2020-07-20 13:00","0.002","0.5","0.021","0.009","34.0","7.0"
"울산","여천동(울산)","2020-07-20 13:00","0.008","0.4","0.019","0.014","30.0","13.0"
"울산","야음동","2020-07-20 13:00","0.001","0.3","0.027","0.008","14.0","13.0"
"울산","삼산동","2020-07-20 13:00","0.003","0.5","0.019","0.011","32.0","17.0"
"울산","신정로","2020-07-20 13:00","0.003","0.6","0.019","0.006","18.0","3.0"
"울산","신정동","2020-07-20 13:00","0.002","0.6","0.023","0.008","23.0","3.0"
"울산","덕신리","2020-07-20 13:00","0.002","0.5","0.02","0.006","24.0","4.0"
"울산","무거동","2020-07-20 13:00","0.002","0.6","0.023","0.01","17.0","5.0"
"울산","효문동","2020-07-20 13:00","0.003","0.3","0.01","0.03","27.0","8.0"
"울산","화산리","2020-07-20 13:00","0.004","0.6","0.015","0.011","37.0","18.0"
"울산","상남리","2020-07-20 13:00","0.002","0.1","0.023","0.01","23.0","9.0"
"울산","농소동","2020-07-20 13:00","0.002","0.5","0.023","0.008","14.0","11.0"
"울산","삼남면","2020-07-20 13:00","0.002","0.5","0.018","0.014","17.0","11.0"
"울산","약사동","2020-07-20 13:00","0.002","-1.0","0.025","0.01","21.0","11.0"
"울산","웅촌면","2020-07-20 13:00","0.002","0.4","0.023","0.007","25.0","15.0"
"울산","전하동","2020-07-20 13:00","0.002","0.3","0.015","0.008","35.0","15.0"
"대구","수창동","2020-07-20 13:00","0.004","0.4","0.036","0.009","23.0","7.0"
"대구","지산동","2020-07-20 13:00","0.003","0.3","0.032","0.004","14.0","4.0"
"대구","서호동","2020-07-20 13:00","0.001","0.2","0.03","0.008","22.0","12.0"
"대구","이현동","2020-07-20 13:00","0.002","0.5","0.033","0.011","22.0","9.0"
"대구","평리동","2020-07-20 13:00","0.002","0.7","0.025","0.018","31.0","13.0"
"대구","대명동","2020-07-20 13:00","0.001","0.2","0.032","0.008","15.0","11.0"
"대구","노원동","2020-07-20 13:00","-1.0","-1.0","-1.0","-1.0","30.0","27.0"
"대구","신암동","2020-07-20 13:00","0.002","0.2","0.029","0.009","21.0","11.0"
"대구","태전동","2020-07-20 13:00","0.003","0.4","0.032","0.008","22.0","12.0"
"대구","만촌동","2020-07-20 13:00","0.002","0.3","0.027","0.012","11.0","8.0"
"대구","호림동","2020-07-20 13:00","-1.0","-1.0","-1.0","-1.0","-1.0","-1.0"
"대구","유가읍","2020-07-20 13:00","0.002","0.2","0.029","0.006","32.0","13.0"
"대구","이곡동","2020-07-20 13:00","0.003","0.7","0.022","0.017","21.0","17.0"
"대구","시지동","2020-07-20 13:00","0.001","0.3","0.032","0.003","23.0","12.0"
"대구","진천동","2020-07-20 13:00","0.001","0.3","0.035","0.006","16.0","11.0"
"대구","다사읍","2020-07-20 13:00","0.001","0.2","0.025","0.009","21.0","9.0"
"대구","본동","2020-07-20 13:00","0.001","0.3","0.032","0.007","12.0","11.0"
"경북","장흥동","2020-07-20 13:00","0.004","0.2","0.03","0.01","28.0","11.0"
"경북","장량동","2020-07-20 13:00","0.002","0.3","0.04","0.011","22.0","13.0"
"경북","대도동","2020-07-20 13:00","0.003","0.1","0.042","0.007","28.0","13.0"
"경북","대송면","2020-07-20 13:00","0.003","0.2","0.034","0.003","20.0","5.0"
"경북","3공단","2020-07-20 13:00","-1.0","-1.0","-1.0","-1.0","-1.0","-1.0"
"경북","송도동","2020-07-20 13:00","0.003","0.1","0.037","0.008","18.0","13.0"
"경북","오천읍","2020-07-20 13:00","0.003","0.1","0.039","0.01","26.0","10.0"
"경북","청림동","2020-07-20 13:00","0.003","0.5","0.037","0.009","31.0","12.0"
"경북","성건동","2020-07-20 13:00","0.003","0.2","0.022","0.012","30.0","15.0"
"경북","보덕동","2020-07-20 13:00","0.003","0.2","0.033","0.004","16.0","10.0"
"경북","안강읍","2020-07-20 13:00","0.003","0.2","0.04","0.004","11.0","7.0"
"경북","외동읍","2020-07-20 13:00","0.003","0.2","0.03","0.005","17.0","8.0"
"경북","문당동","2020-07-20 13:00","0.003","0.4","0.017","0.007","30.0","12.0"
"경북","대광동","2020-07-20 13:00","0.003","0.2","0.025","0.01","17.0","9.0"
"경북","율곡동","2020-07-20 13:00","0.002","0.4","0.023","0.013","16.0","8.0"
"경북","명륜동","2020-07-20 13:00","0.002","0.2","0.036","0.005","18.0","11.0"
"경북","공단동","2020-07-20 13:00","0.002","0.3","0.033","0.011","19.0","14.0"
"경북","원평동","2020-07-20 13:00","0.002","0.4","0.049","0.004","21.0","10.0"
"경북","형곡동","2020-07-20 13:00","0.003","0.4","0.035","0.005","20.0","6.0"
"경북","4공단","2020-07-20 13:00","0.003","0.3","0.037","0.009","11.0","7.0"
"경북","가흥동","2020-07-20 13:00","0.003","0.4","0.029","0.006","8.0","6.0"
"경북","중방동","2020-07-20 13:00","0.004","0.2","0.036","0.003","20.0","9.0"
"경북","상주시","2020-07-20 13:00","0.003","0.3","0.04","0.005","49.0","5.0"
"경북","칠곡군","2020-07-20 13:00","0.003","0.2","0.044","0.005","22.0","11.0"
"경북","영덕읍","2020-07-20 13:00","0.002","0.2","0.04","0.004","20.0","16.0"
"경북","문경시","2020-07-20 13:00","0.003","0.3","0.044","0.004","7.0","5.0"
"경북","성주군","2020-07-20 13:00","0.002","0.4","0.038","0.005","17.0","9.0"
"경북","지품면","2020-07-20 13:00","-1.0","-1.0","-1.0","-1.0","-1.0","-1.0"
"경북","화북면","2020-07-20 13:00","0.0","0.1","0.019","0.002","30.0","11.0"
"경북","영천시","2020-07-20 13:00","0.003","0.3","0.044","0.005","24.0","13.0"
"경북","안계면","2020-07-20 13:00","0.002","0.3","0.03","0.006","20.0","12.0"
"경북","의성읍","2020-07-20 13:00","0.003","0.3","0.041","0.005","10.0","6.0"
"경북","울진군","2020-07-20 13:00","-1.0","0.3","0.033","0.006","28.0","7.0"
"경북","석포면","2020-07-20 13:00","0.004","0.3","0.093","0.005","6.0","1.0"
"경북","태하리","2020-07-20 13:00","0.001","0.2","0.027","0.001","14.0","4.0"
"경북","울릉읍","2020-07-20 13:00","-1.0","0.1","0.024","0.002","22.0","14.0"
"경북","대가야읍","2020-07-20 13:00","0.005","0.4","0.026","0.007","11.0","-1.0"
"경북","군위읍","2020-07-20 13:00","0.003","0.3","0.046","0.004","12.0","10.0"
"경북","영양군","2020-07-20 13:00","0.002","0.2","0.04","0.004","11.0","3.0"
"경북","예천군","2020-07-20 13:00","0.002","0.3","0.039","0.004","12.0","7.0"
"경북","화양읍","2020-07-20 13:00","-1.0","0.2","0.045","0.003","10.0","5.0"
"경북","청송읍","2020-07-20 13:00","0.003","0.3","0.044","0.004","25.0","8.0"
"경남","회원동","2020-07-20 13:00","0.002","0.2","0.021","0.009","10.0","3.0"
"경남","봉암동","2020-07-20 13:00","-1.0","-1.0","-1.0","-1.0","15.0","7.0"
"경남","상봉동","2020-07-20 13:00","0.004","0.5","0.03","0.012","18.0","14.0"
"경남","대안동","2020-07-20 13:00","0.003","0.4","0.033","0.011","20.0","3.0"
"경남","상대동","2020-07-20 13:00","0.004","0.4","0.032","0.011","19.0","8.0"
"경남","명서동","2020-07-20 13:00","0.003","0.4","0.018","0.015","17.0","9.0"
"경남","웅남동","2020-07-20 13:00","0.004","0.3","0.03","0.004","15.0","5.0"
"경남","성주동","2020-07-20 13:00","0.002","0.3","0.027","0.007","7.0","1.0"
"경남","용지동","2020-07-20 13:00","0.002","0.5","0.031","0.007","24.0","2.0"
"경남","반송로","2020-07-20 13:00","0.003","0.2","0.023","0.007","14.0","7.0"
"경남","사파동","2020-07-20 13:00","0.003","0.2","0.024","0.005","18.0","7.0"
"경남","경화동","2020-07-20 13:00","0.003","0.3","0.021","0.006","28.0","13.0"
"경남","월영동","2020-07-20 13:00","0.003","0.3","0.021","0.011","17.0","5.0"
"경남","하동읍","2020-07-20 13:00","0.002","0.3","0.027","0.005","16.0","0.0"
"경남","동상동","2020-07-20 13:00","0.002","0.2","0.029","0.006","16.0","5.0"
"경남","삼방동","2020-07-20 13:00","0.002","0.1","0.02","0.008","26.0","4.0"
"경남","장유동","2020-07-20 13:00","0.003","0.3","0.02","0.006","11.0","5.0"
"경남","진영읍","2020-07-20 13:00","0.002","0.2","0.032","0.008","9.0","7.0"
"경남","저구리","2020-07-20 13:00","0.001","0.1","0.015","0.003","8.0","0.0"
"경남","아주동","2020-07-20 13:00","0.002","0.4","0.019","0.006","15.0","7.0"
"경남","사천읍","2020-07-20 13:00","0.003","0.3","0.034","0.007","15.0","7.0"
"경남","대산면","2020-07-20 13:00","-1.0","-1.0","-1.0","-1.0","-1.0","-1.0"
"경남","북부동","2020-07-20 13:00","0.004","0.2","0.007","0.016","37.0","19.0"
"경남","삼호동","2020-07-20 13:00","0.002","0.3","0.021","0.01","28.0","10.0"
"경남","내일동","2020-07-20 13:00","0.002","0.2","0.028","0.009","22.0","-1.0"
"경남","무전동","2020-07-20 13:00","-1.0","-1.0","-1.0","-1.0","14.0","5.0"
"경남","고성읍","2020-07-20 13:00","0.002","0.2","0.029","0.006","17.0","6.0"
"경남","거창읍","2020-07-20 13:00","0.002","0.4","0.045","0.007","16.0","5.0"
"경남","가야읍","2020-07-20 13:00","-1.0","0.3","0.04","0.005","14.0","6.0"
"경남","함양읍","2020-07-20 13:00","0.002","0.4","0.041","0.005","8.0","7.0"
"경남","남해읍","2020-07-20 13:00","-1.0","-1.0","-1.0","-1.0","-1.0","-1.0"
"경남","산청읍","2020-07-20 13:00","0.002","0.3","0.031","0.007","15.0","15.0"
"경남","남상면","2020-07-20 13:00","0.002","0.4","0.037","0.004","9.0","7.0"
"경남","의령읍","2020-07-20 13:00","0.003","0.4","0.042","0.006","18.0","13.0"
"경남","창녕읍","2020-07-20 13:00","0.003","0.3","0.039","0.007","20.0","15.0"
"경남","합천읍","2020-07-20 13:00","0.003","0.3","0.039","0.005","19.0","11.0"
"전남","용당동","2020-07-20 13:00","0.003","0.5","0.049","0.004","23.0","10.0"
"전남","부흥동","2020-07-20 13:00","0.003","0.3","0.034","0.003","15.0","4.0"
"전남","서강동","2020-07-20 13:00","0.002","0.3","0.028","0.001","2.0","1.0"
"전남","월내동","2020-07-20 13:00","0.002","0.6","0.039","0.007","16.0","9.0"
"전남","문수동","2020-07-20 13:00","0.002","0.5","0.033","0.007","9.0","-1.0"
"전남","여천동(여수)","2020-07-20 13:00","0.002","0.4","0.03","0.004","10.0","7.0"
"전남","덕충동","2020-07-20 13:00","0.002","0.5","0.03","0.003","1.0","-1.0"
"전남","장천동","2020-07-20 13:00","0.003","0.3","0.029","0.008","18.0","2.0"
"전남","연향동","2020-07-20 13:00","0.003","0.4","0.042","0.005","11.0","-1.0"
"전남","순천만","2020-07-20 13:00","0.002","0.2","0.035","0.002","6.0","-1.0"
"전남","호두리","2020-07-20 13:00","-1.0","0.1","0.033","0.002","12.0","8.0"
"전남","신대","2020-07-20 13:00","0.003","0.3","0.049","0.002","11.0","2.0"
"전남","빛가람동","2020-07-20 13:00","0.003","0.2","0.053","0.004","10.0","3.0"
"전남","담양읍","2020-07-20 13:00","0.003","0.2","0.022","0.003","24.0","3.0"
"전남","장성읍","2020-07-20 13:00","0.004","0.3","0.037","0.003","16.0","6.0"
"전남","화양면","2020-07-20 13:00","-1.0","0.5","0.04","0.002","8.0","8.0"
"전남","율촌면","2020-07-20 13:00","0.001","0.6","0.034","0.003","13.0","7.0"
"전남","삼일동","2020-07-20 13:00","0.002","0.4","0.026","0.006","13.0","7.0"
"전남","중동","2020-07-20 13:00","0.003","0.4","0.023","0.007","16.0","4.0"
"전남","태인동","2020-07-20 13:00","-1.0","-1.0","-1.0","-1.0","-1.0","-1.0"
"전남","진상면","2020-07-20 13:00","0.002","0.3","0.035","0.007","8.0","-1.0"
"전남","광양읍","2020-07-20 13:00","0.002","0.3","0.028","0.006","9.0","8.0"
"전남","해남읍","2020-07-20 13:00","0.003","0.4","0.039","0.006","13.0","9.0"
"전남","나불리","2020-07-20 13:00","0.002","0.3","0.033","0.004","12.0","12.0"
"전남","송단리","2020-07-20 13:00","0.003","0.2","0.038","0.003","12.0","4.0"
"전남","화순읍","2020-07-20 13:00","0.002","0.4","0.034","0.005","14.0","6.0"
"전남","영광읍","2020-07-20 13:00","0.003","0.4","0.043","0.006","7.0","3.0"
"전남","장흥읍","2020-07-20 13:00","0.004","0.4","0.044","0.005","17.0","12.0"
"전남","진도읍","2020-07-20 13:00","0.002","0.4","0.035","0.002","12.0","2.0"
"전남","신지면","2020-07-20 13:00","0.002","0.5","0.028","0.004","17.0","9.0"
"전남","함평읍","2020-07-20 13:00","0.001","0.5","0.029","0.004","6.0","1.0"
"전남","고흥읍","2020-07-20 13:00","0.002","0.4","0.048","0.002","10.0","7.0"
"전남","신안군","2020-07-20 13:00","0.004","0.3","0.046","0.002","8.0","6.0"
"전남","무안읍","2020-07-20 13:00","0.002","0.3","0.039","0.004","16.0","4.0"
"전남","강진읍","2020-07-20 13:00","-1.0","-1.0","-1.0","-1.0","-1.0","-1.0"
"전남","곡성읍","2020-07-20 13:00","0.001","0.6","0.036","0.003","8.0","3.0"
"전남","구례읍","2020-07-20 13:00","0.003","0.5","0.032","0.004","17.0","4.0"
"전남","벌교읍","2020-07-20 13:00","0.002","0.9","0.024","0.002","22.0","9.0"
"전북","노송동","2020-07-20 13:00","0.002","0.4","0.058","0.001","1.0","-1.0"
"전북","삼천동","2020-07-20 13:00","0.002","0.3","0.069","0.005","1.0","1.0"
"전북","팔복동","2020-07-20 13:00","0.003","0.5","0.038","0.011","18.0","4.0"
"전북","송천동","2020-07-20 13:00","0.002","0.3","0.036","0.006","12.0","6.0"
"전북","서신동","2020-07-20 13:00","0.003","0.4","-1.0","0.011","13.0","6.0"
"전북","혁신동","2020-07-20 13:00","0.003","0.4","0.039","0.006","10.0","5.0"
"전북","신풍동(군산)","2020-07-20 13:00","0.003","0.2","0.035","0.004","2.0","-1.0"
"전북","소룡동","2020-07-20 13:00","0.002","0.3","0.032","0.009","7.0","2.0"
"전북","개정동","2020-07-20 13:00","0.003","0.4","0.037","0.005","3.0","-1.0"
"전북","옥산면","2020-07-20 13:00","0.004","0.3","0.04","0.003","7.0","-1.0"
"전북","비응도동","2020-07-20 13:00","0.003","0.3","0.035","0.006","10.0","5.0"
"전북","삼기면","2020-07-20 13:00","-1.0","-1.0","-1.0","-1.0","6.0","3.0"
"전북","팔봉동","2020-07-20 13:00","0.002","0.4","0.035","0.011","7.0","3.0"
"전북","모현동","2020-07-20 13:00","0.002","0.3","0.025","0.005","14.0","2.0"
"전북","용동면","2020-07-20 13:00","0.002","0.3","0.04","0.004","6.0","4.0"
"전북","함열읍","2020-07-20 13:00","0.002","0.3","0.032","0.004","4.0","-1.0"
"전북","연지동","2020-07-20 13:00","0.003","0.3","0.028","0.007","9.0","-1.0"
"전북","신태인","2020-07-20 13:00","0.002","0.3","0.029","0.014","8.0","4.0"
"전북","죽항동","2020-07-20 13:00","0.003","0.3","0.037","0.008","5.0","-1.0"
"전북","고창읍","2020-07-20 13:00","-1.0","0.1","0.038","0.005","12.0","4.0"
"전북","심원면","2020-07-20 13:00","0.003","0.3","0.04","0.003","6.0","-1.0"
"전북","부안읍","2020-07-20 13:00","-1.0","-1.0","-1.0","-1.0","7.0","-1.0"
"전북","새만금","2020-07-20 13:00","0.001","0.7","0.036","0.002","13.0","6.0"
"전북","요촌동","2020-07-20 13:00","0.001","0.4","0.038","0.008","12.0","-1.0"
"전북","고산면","2020-07-20 13:00","0.003","0.4","0.034","0.007","1.0","-1.0"
"전북","봉동읍","2020-07-20 13:00","0.001","0.4","0.033","0.008","7.0","5.0"
"전북","진안읍","2020-07-20 13:00","0.002","0.3","0.031","0.006","14.0","5.0"
"전북","운암면","2020-07-20 13:00","0.0","1.1","0.027","0.003","11.0","-1.0"
"전북","임실읍","2020-07-20 13:00","0.003","0.4","0.038","0.003","13.0","9.0"
"전북","무주읍","2020-07-20 13:00","-1.0","0.4","0.041","0.004","10.0","-1.0"
"전북","순창읍","2020-07-20 13:00","0.003","0.3","0.039","0.006","7.0","-1.0"
"전북","장수읍","2020-07-20 13:00","-1.0","0.4","0.044","0.005","11.0","5.0"
"제주","이도동","2020-07-20 13:00","0.001","0.3","0.042","0.01","34.0","14.0"
"제주","연동","2020-07-20 13:00","0.001","0.3","0.041","0.006","24.0","12.0"
"제주","동홍동","2020-07-20 13:00","-1.0","0.0","0.013","0.006","12.0","7.0"
"제주","성산읍","2020-07-20 13:00","-1.0","0.1","0.03","0.007","29.0","13.0"
"제주","남원읍","2020-07-20 13:00","0.001","0.3","0.017","0.003","7.0","5.0"
"제주","대정읍","2020-07-20 13:00","0.002","0.2","0.03","0.004","34.0","10.0"
"제주","노형로","2020-07-20 13:00","0.001","0.4","0.04","0.011","30.0","11.0"
"제주","고산리","2020-07-20 13:00","-1.0","-1.0","-1.0","-1.0","-1.0","18.0"
"서울","중구","2020-07-20 14:00","0.002","0.4","0.028","0.012","11.0","6.0"
"서울","한강대로","2020-07-20 14:00","0.003","0.6","0.014","0.022","24.0","8.0"
"서울","종로구","2020-07-20 14:00","0.003","0.5","0.027","0.015","13.0","6.0"
"서울","청계천로","2020-07-20 14:00","0.004","0.7","0.02","0.017","28.0","13.0"
"서울","종로","2020-07-20 14:00","0.003","0.5","0.018","0.022","16.0","8.0"
"서울","용산구","2020-07-20 14:00","0.002","0.3","0.026","0.011","12.0","5.0"
"서울","광진구","2020-07-20 14:00","0.003","0.3","0.033","0.01","12.0","4.0"
"서울","성동구","2020-07-20 14:00","0.002","0.3","0.019","0.015","11.0","5.0"
"서울","강변북로","2020-07-20 14:00","0.003","0.7","0.02","0.024","16.0","3.0"
"서울","중랑구","2020-07-20 14:00","0.001","0.4","0.025","0.014","13.0","6.0"
"서울","동대문구","2020-07-20 14:00","0.002","0.3","0.033","0.009","11.0","3.0"
"서울","홍릉로","2020-07-20 14:00","0.001","0.5","0.019","0.025","16.0","5.0"
"서울","성북구","2020-07-20 14:00","0.002","0.4","0.022","0.017","13.0","4.0"
"서울","정릉로","2020-07-20 14:00","0.003","0.3","0.017","0.025","16.0","11.0"
"서울","도봉구","2020-07-20 14:00","0.002","0.2","0.025","0.008","18.0","7.0"
"서울","은평구","2020-07-20 14:00","0.003","0.5","0.028","0.011","18.0","6.0"
"서울","서대문구","2020-07-20 14:00","0.002","0.3","0.028","0.01","10.0","2.0"
"서울","마포구","2020-07-20 14:00","0.002","0.3","0.024","0.013","11.0","4.0"
"서울","신촌로","2020-07-20 14:00","0.003","0.7","0.013","0.034","19.0","6.0"
"서울","강서구","2020-07-20 14:00","0.002","0.3","0.03","0.011","13.0","6.0"
"서울","공항대로","2020-07-20 14:00","-1.0","-1.0","-1.0","-1.0","-1.0","-1.0"
"서울","구로구","2020-07-20 14:00","0.003","0.3","0.038","0.009","10.0","1.0"
"서울","영등포구","2020-07-20 14:00","0.002","0.4","0.026","0.013","13.0","3.0"
"서울","영등포로","2020-07-20 14:00","0.002","0.6","0.016","0.031","17.0","7.0"
"서울","동작구","2020-07-20 14:00","0.002","0.3","0.023","0.009","14.0","5.0"
"서울","동작대로 중앙차로","2020-07-20 14:00","0.003","0.4","0.026","0.013","14.0","-1.0"
"서울","관악구","2020-07-20 14:00","0.002","0.3","0.027","0.013","13.0","3.0"
"서울","강남구","2020-07-20 14:00","0.002","0.3","0.029","0.01","11.0","5.0"
"서울","서초구","2020-07-20 14:00","0.003","0.2","0.033","0.014","12.0","4.0"
"서울","도산대로","2020-07-20 14:00","0.002","0.6","0.017","0.022","10.0","5.0"
"서울","강남대로","2020-07-20 14:00","0.002","0.6","0.019","0.018","13.0","-1.0"
"서울","송파구","2020-07-20 14:00","0.003","0.3","0.028","0.01","14.0","7.0"
"서울","강동구","2020-07-20 14:00","0.003","0.3","0.02","0.012","11.0","8.0"
"서울","천호대로","2020-07-20 14:00","0.003","0.4","0.024","0.017","18.0","7.0"
"서울","금천구","2020-07-20 14:00","0.002","0.3","0.022","0.011","11.0","4.0"
"서울","시흥대로","2020-07-20 14:00","0.003","0.4","0.027","0.013","14.0","5.0"
"서울","강북구","2020-07-20 14:00","0.002","0.4","0.019","0.011","19.0","8.0"
"서울","양천구","2020-07-20 14:00","0.003","0.4","0.028","0.01","11.0","4.0"
"서울","노원구","2020-07-20 14:00","0.002","0.3","0.025","0.015","13.0","6.0"
"서울","화랑로","2020-07-20 14:00","0.003","0.2","0.019","0.02","13.0","4.0"
"경기","신풍동","2020-07-20 14:00","0.001","0.4","0.036","0.005","8.0","1.0"
"경기","인계동","2020-07-20 14:00","0.003","0.5","0.032","0.014","13.0","2.0"
"경기","광교동","2020-07-20 14:00","0.002","0.3","0.029","0.008","21.0","4.0"
"경기","영통동","2020-07-20 14:00","0.002","0.5","0.035","0.01","11.0","8.0"
"경기","천천동","2020-07-20 14:00","0.002","0.2","0.036","0.004","1.0","-1.0"
"경기","경수대로(동수원)","2020-07-20 14:00","0.002","0.6","0.019","0.012","18.0","4.0"
"경기","고색동","2020-07-20 14:00","0.002","0.5","0.029","0.01","13.0","2.0"
"경기","호매실동","2020-07-20 14:00","0.002","0.4","0.027","0.005","-1.0","1.0"
"경기","대왕판교로(백현동)","2020-07-20 14:00","0.003","0.5","-1.0","0.019","15.0","11.0"
"경기","단대동","2020-07-20 14:00","0.002","0.4","0.029","0.011","52.0","1.0"
"경기","정자동","2020-07-20 14:00","0.002","0.4","0.027","0.008","14.0","5.0"
"경기","수내동","2020-07-20 14:00","0.002","0.4","0.03","0.009","14.0","2.0"
"경기","성남대로(모란역)","2020-07-20 14:00","0.002","0.5","0.022","0.023","24.0","7.0"
"경기","복정동","2020-07-20 14:00","0.003","0.5","0.026","0.015","21.0","4.0"
"경기","운중동","2020-07-20 14:00","0.003","0.3","0.027","0.009","16.0","5.0"
"경기","상대원동","2020-07-20 14:00","0.002","0.3","0.018","0.023","24.0","10.0"
"경기","의정부동","2020-07-20 14:00","0.004","0.4","0.032","0.008","11.0","9.0"
"경기","의정부1동","2020-07-20 14:00","0.003","0.3","0.027","0.012","20.0","7.0"
"경기","안양6동","2020-07-20 14:00","-1.0","0.3","0.036","0.01","14.0","5.0"
"경기","부림동","2020-07-20 14:00","0.003","0.4","0.029","0.012","18.0","8.0"
"경기","호계동","2020-07-20 14:00","0.002","0.2","0.03","0.008","27.0","10.0"
"경기","안양2동","2020-07-20 14:00","0.002","0.4","0.034","0.011","7.0","4.0"
"경기","철산동","2020-07-20 14:00","0.002","0.5","0.033","0.01","14.0","2.0"
"경기","소하동","2020-07-20 14:00","0.001","0.4","0.038","0.005","-1.0","1.0"
"경기","고잔동","2020-07-20 14:00","0.002","0.3","0.03","0.008","14.0","8.0"
"경기","원시동","2020-07-20 14:00","0.005","0.2","0.034","0.01","22.0","3.0"
"경기","본오동","2020-07-20 10:00","0.002","0.4","0.025","0.011","9.0","8.0"
"경기","부곡동1","2020-07-20 14:00","0.004","0.3","0.031","0.007","16.0","1.0"
"경기","대부동","2020-07-20 14:00","0.002","0.3","0.042","0.004","16.0","3.0"
"경기","호수동","2020-07-20 14:00","0.002","0.3","0.032","0.016","12.0","2.0"
"경기","중앙대로(고잔동)","2020-07-20 14:00","0.003","0.4","-1.0","0.02","25.0","5.0"
"경기","별양동","2020-07-20 14:00","0.002","0.3","0.031","0.01","7.0","-1.0"
"경기","과천동","2020-07-20 14:00","0.002","0.3","0.034","0.005","9.0","2.0"
"경기","교문동","2020-07-20 14:00","0.003","0.3","0.03","0.006","17.0","4.0"
"경기","동구동","2020-07-20 14:00","0.002","0.3","0.027","0.013","10.0","10.0"
"경기","부곡3동","2020-07-20 14:00","0.002","0.4","0.036","0.004","11.0","8.0"
"경기","고천동","2020-07-20 14:00","0.002","0.4","0.028","0.008","11.0","8.0"
"경기","정왕동","2020-07-20 14:00","0.004","0.4","0.038","0.008","24.0","9.0"
"경기","시화산단","2020-07-20 14:00","0.003","0.5","0.036","0.016","16.0","15.0"
"경기","대야동","2020-07-20 14:00","0.003","0.5","0.041","0.008","16.0","14.0"
"경기","목감동","2020-07-20 14:00","0.004","0.3","0.033","0.006","15.0","7.0"
"경기","장현동","2020-07-20 14:00","0.003","0.3","0.038","0.005","24.0","7.0"
"경기","금곡동","2020-07-20 14:00","0.002","0.4","0.023","0.01","9.0","4.0"
"경기","오남읍","2020-07-20 14:00","-1.0","0.4","0.026","0.012","16.0","7.0"
"경기","별내동","2020-07-20 14:00","-1.0","0.3","0.03","0.012","10.0","1.0"
"경기","화도읍","2020-07-20 14:00","-1.0","0.3","0.032","0.01","12.0","6.0"
"경기","경춘로","2020-07-20 14:00","0.002","0.5","0.022","0.017","25.0","9.0"
"경기","비전동","2020-07-20 14:00","0.003","0.3","0.027","0.008","16.0","2.0"
"경기","안중","2020-07-20 14:00","0.004","0.2","0.03","0.007","17.0","8.0"
"경기","평택항","2020-07-20 14:00","0.004","0.4","0.021","0.016","33.0","5.0"
"경기","송북동","2020-07-20 14:00","0.006","0.4","0.033","0.005","17.0","6.0"
"경기","청북읍","2020-07-20 14:00","0.004","0.4","0.03","0.007","11.0","6.0"
"경기","금촌동","2020-07-20 14:00","0.002","0.6","0.03","0.008","13.0","3.0"
"경기","운정","2020-07-20 14:00","0.001","0.5","0.033","0.006","15.0","7.0"
"경기","파주","2020-07-20 14:00","0.001","0.2","0.027","0.001","2.0","-1.0"
"경기","파주읍","2020-07-20 14:00","0.002","0.4","0.031","0.006","18.0","5.0"
"경기","행신동","2020-07-20 14:00","0.003","0.5","0.035","0.009","23.0","3.0"
"경기","식사동","2020-07-20 14:00","0.004","0.5","0.044","0.008","28.0","3.0"
"경기","백마로(마두역)","2020-07-20 14:00","0.003","0.5","0.038","0.015","31.0","14.0"
"경기","신원동","2020-07-20 14:00","0.002","0.3","0.039","0.007","14.0","8.0"
"경기","주엽동","2020-07-20 14:00","0.002","0.5","0.042","0.007","30.0","20.0"
"경기","경안동","2020-07-20 14:00","0.002","0.3","0.028","0.012","18.0","9.0"
"경기","오포읍","2020-07-20 14:00","0.002","0.3","0.032","0.006","18.0","10.0"
"경기","김량장동","2020-07-20 14:00","-1.0","-1.0","-1.0","-1.0","13.0","9.0"
"경기","수지","2020-07-20 14:00","0.001","0.4","0.032","0.006","8.0","1.0"
"경기","기흥","2020-07-20 14:00","0.002","0.4","0.033","0.01","4.0","3.0"
"경기","중부대로(구갈동)","2020-07-20 14:00","0.002","0.3","-1.0","0.022","16.0","11.0"
"경기","모현읍","2020-07-20 14:00","0.002","0.5","0.043","0.005","17.0","10.0"
"경기","이동읍","2020-07-20 14:00","0.002","0.2","0.031","0.006","11.0","7.0"
"경기","백암면","2020-07-20 14:00","0.001","0.5","0.032","0.005","8.0","3.0"
"경기","설성면","2020-07-20 14:00","0.001","0.2","0.037","0.003","7.0","-1.0"
"경기","창전동","2020-07-20 14:00","0.004","0.4","0.034","0.006","21.0","3.0"
"경기","장호원읍","2020-07-20 14:00","0.003","0.3","0.03","0.005","6.0","-1.0"
"경기","부발읍","2020-07-20 14:00","0.005","0.4","0.032","0.008","17.0","15.0"
"경기","관인면","2020-07-20 14:00","-1.0","-1.0","-1.0","-1.0","-1.0","-1.0"
"경기","선단동","2020-07-20 14:00","0.003","0.3","0.025","0.006","11.0","-1.0"
"경기","일동면","2020-07-20 14:00","0.002","0.3","0.027","0.007","13.0","5.0"
"경기","사우동","2020-07-20 14:00","0.003","0.4","0.038","0.006","27.0","18.0"
"경기","고촌읍","2020-07-20 14:00","0.004","0.4","0.041","0.007","23.0","12.0"
"경기","월곶면","2020-07-20 14:00","0.003","0.4","0.046","0.005","24.0","16.0"
"경기","한강신도시","2020-07-20 14:00","0.003","0.5","0.044","0.006","31.0","14.0"
"경기","한강로","2020-07-20 14:00","0.003","0.5","0.045","0.009","21.0","6.0"
"경기","당동","2020-07-20 14:00","0.003","0.4","0.034","0.008","21.0","5.0"
"경기","산본동","2020-07-20 14:00","0.003","0.3","0.031","0.008","20.0","7.0"
"경기","오산동","2020-07-20 14:00","0.002","0.3","0.02","0.009","9.0","0.0"
"경기","금암로(신장동)","2020-07-20 14:00","0.002","0.2","0.032","0.006","14.0","5.0"
"경기","신장동","2020-07-20 14:00","0.002","0.3","0.018","0.013","8.0","8.0"
"경기","남양읍","2020-07-20 14:00","0.004","0.2","0.038","0.007","19.0","4.0"
"경기","향남읍","2020-07-20 14:00","0.009","0.3","0.038","0.003","18.0","8.0"
"경기","동탄","2020-07-20 14:00","0.004","0.3","0.036","0.006","14.0","11.0"
"경기","우정읍","2020-07-20 14:00","0.003","0.3","0.038","0.001","18.0","6.0"
"경기","청계동","2020-07-20 14:00","0.003","0.4","0.034","0.01","15.0","9.0"
"경기","새솔동","2020-07-20 14:00","0.003","0.4","0.035","0.002","11.0","8.0"
"경기","봉담읍","2020-07-20 14:00","0.003","0.4","0.034","0.009","26.0","7.0"
"경기","서신면","2020-07-20 14:00","0.003","0.4","0.044","0.002","30.0","15.0"
"경기","백석읍","2020-07-20 14:00","0.002","0.4","0.032","0.006","12.0","6.0"
"경기","고읍","2020-07-20 14:00","0.003","0.3","0.032","0.007","10.0","5.0"
"경기","보산동","2020-07-20 14:00","0.004","0.3","0.026","0.006","13.0","5.0"
"경기","봉산동","2020-07-20 14:00","0.002","0.5","0.028","0.004","6.0","2.0"
"경기","공도읍","2020-07-20 14:00","0.002","0.3","0.027","0.008","17.0","2.0"
"인천","신흥","2020-07-20 14:00","0.003","0.5","0.032","0.013","10.0","4.0"
"인천","서해","2020-07-20 14:00","-1.0","-1.0","-1.0","-1.0","-1.0","-1.0"
"인천","송림","2020-07-20 14:00","0.003","0.6","0.031","0.013","23.0","7.0"
"인천","구월동","2020-07-20 14:00","0.002","0.5","0.034","0.007","11.0","-1.0"
"인천","숭의","2020-07-20 14:00","0.003","0.5","0.033","0.011","-1.0","-1.0"
"인천","석바위","2020-07-20 14:00","0.002","0.6","0.032","0.022","17.0","4.0"
"인천","부평역","2020-07-20 14:00","0.005","0.5","0.014","0.019","22.0","1.0"
"인천","남동","2020-07-20 14:00","0.003","0.5","0.043","0.006","12.0","-1.0"
"인천","부평","2020-07-20 14:00","0.003","0.5","0.032","0.011","18.0","5.0"
"인천","연희","2020-07-20 14:00","0.003","0.6","0.035","0.013","17.0","3.0"
"인천","검단","2020-07-20 14:00","0.003","0.5","0.033","0.007","25.0","7.0"
"인천","계산","2020-07-20 14:00","0.002","0.7","0.037","0.013","-1.0","-1.0"
"인천","고잔","2020-07-20 14:00","-1.0","-1.0","-1.0","-1.0","-1.0","-1.0"
"인천","석남","2020-07-20 14:00","-1.0","-1.0","-1.0","-1.0","-1.0","-1.0"
"인천","송해","2020-07-20 14:00","-1.0","-1.0","-1.0","-1.0","-1.0","-1.0"
"인천","동춘","2020-07-20 14:00","0.003","0.5","0.028","0.007","-1.0","-1.0"
"인천","운서","2020-07-20 14:00","0.002","0.7","0.037","0.009","22.0","10.0"
"인천","송현","2020-07-20 14:00","0.003","0.5","0.037","0.012","18.0","9.0"
"인천","논현","2020-07-20 14:00","0.002","0.5","0.034","0.009","16.0","4.0"
"인천","청라","2020-07-20 14:00","0.005","0.6","0.041","0.008","-1.0","-1.0"
"인천","송도","2020-07-20 14:00","0.002","0.4","0.041","0.005","14.0","5.0"
"인천","원당","2020-07-20 14:00","0.003","0.5","0.035","0.009","20.0","7.0"
"인천","길상","2020-07-20 14:00","0.004","0.6","0.048","0.003","23.0","9.0"
"인천","삼산","2020-07-20 14:00","0.002","0.5","0.035","0.009","16.0","5.0"
"인천","석모리","2020-07-20 14:00","0.001","1.0","0.052","0.002","32.0","14.0"
"인천","덕적도","2020-07-20 14:00","0.002","0.8","0.052","0.002","31.0","4.0"
"인천","백령도","2020-07-20 14:00","0.003","0.5","0.063","0.002","-1.0","19.0"
"인천","영흥","2020-07-20 14:00","0.003","0.4","0.054","0.003","16.0","5.0"
"강원","중앙로","2020-07-20 14:00","-1.0","0.3","0.035","0.006","9.0","7.0"
"강원","석사동","2020-07-20 14:00","0.001","0.4","0.033","0.007","2.0","2.0"
"강원","신사우동","2020-07-20 14:00","-1.0","0.4","0.039","0.004","5.0","-1.0"
"강원","온의동","2020-07-20 14:00","-1.0","0.3","0.032","0.008","11.0","4.0"
"강원","방산면","2020-07-20 14:00","-1.0","-1.0","-1.0","-1.0","9.0","2.0"
"강원","양구읍","2020-07-20 14:00","-1.0","0.5","0.045","0.005","3.0","1.0"
"강원","중앙동(원주)","2020-07-20 14:00","-1.0","0.4","0.025","0.012","8.0","0.0"
"강원","반곡동","2020-07-20 14:00","0.001","0.3","0.022","0.005","5.0","0.0"
"강원","문막읍","2020-07-20 14:00","-1.0","0.3","0.023","0.006","8.0","4.0"
"강원","옥천동","2020-07-20 14:00","0.003","0.6","0.023","0.021","28.0","7.0"
"강원","천곡동","2020-07-20 14:00","0.001","0.5","0.013","0.018","13.0","-1.0"
"강원","남양동1","2020-07-20 14:00","0.002","0.4","0.014","0.019","27.0","20.0"
"강원","평창읍","2020-07-20 14:00","0.003","0.3","0.036","0.001","10.0","10.0"
"강원","북평면","2020-07-20 14:00","0.001","0.3","0.037","0.002","16.0","6.0"
"강원","정선읍","2020-07-20 14:00","0.002","1.5","0.044","0.005","5.0","-1.0"
"강원","간성읍","2020-07-20 14:00","0.001","0.7","0.032","0.002","8.0","-1.0"
"강원","치악산","2020-07-20 14:00","0.002","0.0","0.023","0.002","5.0","4.0"
"강원","횡성군","2020-07-20 14:00","-1.0","0.5","0.025","0.005","4.0","1.0"
"강원","상리","2020-07-20 14:00","0.001","0.4","0.041","0.002","5.0","2.0"
"강원","양양군","2020-07-20 14:00","0.001","0.4","0.033","0.005","4.0","1.0"
"강원","속초시(금호동)","2020-07-20 14:00","0.004","0.3","0.03","0.01","15.0","4.0"
"강원","갈말읍","2020-07-20 14:00","0.003","0.4","0.032","0.004","-1.0","-1.0"
"강원","홍천읍","2020-07-20 14:00","0.003","0.4","0.035","0.006","8.0","-1.0"
"강원","영월읍","2020-07-20 14:00","-1.0","0.2","0.038","0.003","15.0","5.0"
"강원","화천군","2020-07-20 14:00","-1.0","0.4","0.04","0.004","5.0","5.0"
"강원","태백시","2020-07-20 14:00","0.002","0.2","0.039","0.001","-1.0","6.0"
"강원","인제군","2020-07-20 14:00","-1.0","0.4","0.036","0.001","4.0","2.0"
"충남","성황동","2020-07-20 14:00","0.002","0.6","0.029","0.011","9.0","6.0"
"충남","백석동","2020-07-20 14:00","0.002","0.4","0.03","0.008","9.0","4.0"
"충남","성성동","2020-07-20 14:00","-1.0","-1.0","-1.0","-1.0","-1.0","-1.0"
"충남","성거읍","2020-07-20 14:00","0.002","0.4","0.03","0.009","13.0","6.0"
"충남","신방동","2020-07-20 14:00","-1.0","0.4","0.031","0.007","10.0","10.0"
"충남","사곡면","2020-07-20 14:00","-1.0","-1.0","-1.0","-1.0","-1.0","-1.0"
"충남","공주","2020-07-20 14:00","0.004","0.3","0.032","0.004","2.0","-1.0"
"충남","탄천면","2020-07-20 14:00","-1.0","-1.0","-1.0","-1.0","-1.0","-1.0"
"충남","부여읍","2020-07-20 14:00","0.003","0.5","0.03","0.005","3.0","-1.0"
"충남","독곶리","2020-07-20 14:00","0.003","0.6","0.055","0.006","35.0","3.0"
"충남","동문동","2020-07-20 14:00","0.003","0.5","0.031","0.006","23.0","13.0"
"충남","대산리","2020-07-20 14:00","0.004","0.9","0.045","0.012","26.0","13.0"
"충남","성연면","2020-07-20 14:00","0.002","0.3","0.047","0.005","19.0","10.0"
"충남","송산면","2020-07-20 14:00","0.003","0.4","0.04","0.005","25.0","7.0"
"충남","당진시청사","2020-07-20 14:00","0.004","0.3","0.035","0.006","10.0","5.0"
"충남","모종동","2020-07-20 14:00","-1.0","0.3","0.035","0.006","7.0","-1.0"
"충남","배방읍","2020-07-20 14:00","0.003","0.2","0.051","0.006","11.0","4.0"
"충남","도고면","2020-07-20 14:00","-1.0","0.2","0.033","0.004","9.0","5.0"
"충남","둔포면","2020-07-20 14:00","-1.0","0.2","0.03","0.008","9.0","1.0"
"충남","인주면","2020-07-20 14:00","0.003","0.2","0.038","0.006","13.0","6.0"
"충남","논산","2020-07-20 14:00","0.003","0.4","0.031","0.006","28.0","8.0"
"충남","파도리","2020-07-20 14:00","0.001","0.2","0.049","0.003","47.0","17.0"
"충남","이원면","2020-07-20 14:00","0.003","0.7","0.054","0.006","30.0","10.0"
"충남","태안읍","2020-07-20 14:00","0.003","0.6","0.056","0.005","38.0","8.0"
"충남","예산군","2020-07-20 14:00","-1.0","0.3","0.034","0.002","10.0","5.0"
"충남","대천2동","2020-07-20 14:00","0.003","0.6","0.039","0.004","22.0","2.0"
"충남","주교면","2020-07-20 14:00","0.002","0.3","0.023","0.004","25.0","10.0"
"충남","홍성읍","2020-07-20 14:00","0.003","0.3","0.05","0.004","9.0","2.0"
"충남","내포","2020-07-20 14:00","0.002","0.4","0.036","0.004","30.0","14.0"
"충남","금산읍","2020-07-20 14:00","0.003","0.2","0.031","0.01","15.0","6.0"
"충남","청양읍","2020-07-20 14:00","-1.0","0.3","0.035","0.005","7.0","1.0"
"충남","엄사면","2020-07-20 14:00","0.003","0.5","0.035","0.004","10.0","2.0"
"충남","서천읍","2020-07-20 14:00","0.002","0.3","0.035","0.007","18.0","5.0"
"충남","서면","2020-07-20 14:00","0.003","0.4","0.04","0.005","23.0","12.0"
"충남","장항읍","2020-07-20 14:00","0.004","0.1","0.036","0.008","21.0","6.0"
"대전","읍내동","2020-07-20 14:00","0.001","0.5","0.028","0.014","-1.0","3.0"
"대전","문평동","2020-07-20 14:00","0.002","0.3","0.029","0.012","6.0","5.0"
"대전","문창동","2020-07-20 14:00","0.002","0.4","0.031","0.005","-1.0","1.0"
"대전","구성동","2020-07-20 14:00","0.002","0.4","0.034","0.009","-1.0","3.0"
"대전","노은동","2020-07-20 14:00","0.006","0.3","0.034","0.01","-1.0","2.0"
"대전","상대동(대전)","2020-07-20 14:00","0.002","0.3","0.035","0.011","3.0","-1.0"
"대전","대흥동1","2020-07-20 14:00","0.004","0.2","0.016","0.02","4.0","-1.0"
"대전","성남동1","2020-07-20 14:00","0.002","0.4","0.033","0.008","4.0","2.0"
"대전","대성동","2020-07-20 14:00","-1.0","0.3","0.028","0.008","-1.0","7.0"
"대전","정림동","2020-07-20 14:00","0.001","0.4","0.034","0.005","-1.0","1.0"
"대전","둔산동","2020-07-20 14:00","0.001","0.4","0.032","0.012","13.0","4.0"
"대전","월평동","2020-07-20 14:00","0.001","0.4","0.033","0.005","-1.0","1.0"
"충북","송정동(봉명동)","2020-07-20 14:00","0.002","0.4","0.027","0.018","2.0","1.0"
"충북","사천동","2020-07-20 14:00","0.002","0.3","0.031","0.006","8.0","6.0"
"충북","용담동","2020-07-20 14:00","0.003","0.2","0.024","0.009","9.0","1.0"
"충북","용암동","2020-07-20 14:00","0.003","0.4","0.023","0.008","13.0","-1.0"
"충북","복대동","2020-07-20 14:00","0.003","0.1","0.022","0.014","-1.0","6.0"
"충북","호암동","2020-07-20 14:00","0.002","0.4","0.029","0.004","3.0","2.0"
"충북","칠금동","2020-07-20 14:00","0.003","0.3","0.026","0.015","8.0","0.0"
"충북","중앙탑면","2020-07-20 14:00","0.002","0.5","0.038","0.004","14.0","5.0"
"충북","살미면","2020-07-20 14:00","0.003","0.3","0.034","0.004","12.0","6.0"
"충북","장락동","2020-07-20 14:00","0.002","0.2","0.03","0.006","1.0","-1.0"
"충북","영천동","2020-07-20 14:00","0.002","0.4","0.035","0.006","5.0","3.0"
"충북","청풍면","2020-07-20 14:00","-1.0","0.5","0.034","0.005","4.0","1.0"
"충북","오창읍","2020-07-20 14:00","0.003","0.3","0.033","0.008","-1.0","6.0"
"충북","산남동","2020-07-20 14:00","0.003","0.2","0.032","0.007","1.0","1.0"
"충북","오송읍","2020-07-20 14:00","0.003","0.2","0.025","0.007","3.0","0.0"
"충북","가덕면","2020-07-20 14:00","0.003","0.3","0.028","0.007","4.0","1.0"
"충북","매포읍","2020-07-20 14:00","-1.0","-1.0","-1.0","-1.0","-1.0","-1.0"
"충북","단성면","2020-07-20 14:00","0.001","0.3","0.037","0.003","9.0","6.0"
"충북","단양읍","2020-07-20 14:00","0.003","0.1","0.035","0.005","12.0","3.0"
"충북","청천면","2020-07-20 14:00","-1.0","-1.0","-1.0","-1.0","-1.0","-1.0"
"충북","괴산읍","2020-07-20 14:00","0.003","0.4","0.036","0.003","10.0","5.0"
"충북","감물면","2020-07-20 14:00","-1.0","0.3","0.038","0.004","4.0","3.0"
"충북","진천읍","2020-07-20 14:00","0.002","0.4","0.029","0.007","5.0","4.0"
"충북","덕산읍","2020-07-20 14:00","0.002","0.3","0.035","0.004","10.0","2.0"
"충북","금왕","2020-07-20 14:00","0.002","0.3","0.034","0.006","15.0","5.0"
"충북","음성읍","2020-07-20 14:00","0.003","0.3","0.037","0.004","6.0","5.0"
"충북","소이면","2020-07-20 14:00","-1.0","0.3","0.032","0.005","12.0","-1.0"
"충북","영동읍","2020-07-20 14:00","0.003","0.4","0.033","0.005","4.0","1.0"
"충북","증평읍","2020-07-20 14:00","-1.0","0.2","0.029","0.005","16.0","0.0"
"충북","보은읍","2020-07-20 14:00","-1.0","0.4","0.033","0.007","2.0","-1.0"
"충북","옥천읍","2020-07-20 14:00","0.003","0.4","0.03","0.006","9.0","1.0"
"세종","신흥동","2020-07-20 14:00","0.002","0.4","0.039","0.006","6.0","1.0"
"세종","아름동","2020-07-20 14:00","0.002","0.5","0.043","0.005","7.0","-1.0"
"세종","한솔동","2020-07-20 14:00","0.003","0.6","0.037","0.008","4.0","1.0"
"세종","부강면","2020-07-20 14:00","0.002","0.6","0.034","0.007","9.0","1.0"
"부산","광복동","2020-07-20 14:00","0.003","0.3","0.018","0.009","35.0","12.0"
"부산","초량동","2020-07-20 14:00","-1.0","-1.0","-1.0","-1.0","31.0","7.0"
"부산","태종대","2020-07-20 14:00","0.003","0.2","0.014","0.006","17.0","9.0"
"부산","청학동","2020-07-20 14:00","0.003","0.2","0.02","0.006","21.0","3.0"
"부산","전포동","2020-07-20 14:00","0.003","0.1","0.013","0.013","37.0","9.0"
"부산","온천동","2020-07-20 14:00","0.004","0.3","0.013","0.013","23.0","10.0"
"부산","명장동","2020-07-20 14:00","-1.0","-1.0","0.015","0.01","24.0","8.0"
"부산","대연동","2020-07-20 14:00","0.004","0.4","0.007","0.016","39.0","8.0"
"부산","학장동","2020-07-20 14:00","0.004","0.2","0.019","0.01","36.0","16.0"
"부산","덕천동","2020-07-20 14:00","-1.0","0.4","0.01","0.018","28.0","17.0"
"부산","화명동","2020-07-20 14:00","-1.0","-1.0","0.012","0.014","26.0","8.0"
"부산","청룡동","2020-07-20 14:00","-1.0","-1.0","0.02","0.005","25.0","14.0"
"부산","좌동","2020-07-20 14:00","-1.0","-1.0","-1.0","-1.0","31.0","10.0"
"부산","재송동","2020-07-20 14:00","-1.0","0.3","0.012","0.012","31.0","8.0"
"부산","장림동","2020-07-20 14:00","0.003","0.2","0.017","0.009","30.0","15.0"
"부산","대저동","2020-07-20 14:00","0.002","0.2","0.016","0.01","24.0","7.0"
"부산","녹산동","2020-07-20 14:00","0.004","0.2","0.008","0.016","24.0","5.0"
"부산","연산동","2020-07-20 14:00","-1.0","-1.0","-1.0","-1.0","23.0","9.0"
"부산","기장읍","2020-07-20 14:00","-1.0","0.2","0.024","0.006","49.0","17.0"
"부산","용수리","2020-07-20 14:00","-1.0","0.2","0.023","0.01","22.0","10.0"
"부산","수정동","2020-07-20 14:00","0.003","0.3","-1.0","0.011","39.0","5.0"
"부산","부곡동","2020-07-20 14:00","-1.0","0.3","0.025","0.009","27.0","10.0"
"부산","광안동","2020-07-20 14:00","-1.0","-1.0","0.015","0.01","33.0","11.0"
"부산","대신동","2020-07-20 14:00","0.004","0.3","0.014","0.01","49.0","22.0"
"부산","덕포동","2020-07-20 14:00","-1.0","0.3","0.01","0.021","27.0","10.0"
"부산","개금동","2020-07-20 14:00","0.003","0.3","0.022","0.01","8.0","4.0"
"부산","당리동","2020-07-20 14:00","0.003","0.3","0.015","0.015","26.0","10.0"
"부산","부산북항","2020-07-20 14:00","0.005","0.2","0.01","0.019","36.0","13.0"
"부산","부산신항","2020-07-20 14:00","0.005","0.2","0.013","0.022","11.0","2.0"
"울산","대송동","2020-07-20 14:00","0.002","0.2","0.016","0.009","27.0","13.0"
"울산","성남동","2020-07-20 14:00","0.002","0.3","0.025","0.009","18.0","8.0"
"울산","부곡동(울산)","2020-07-20 14:00","0.002","0.5","0.014","0.015","28.0","6.0"
"울산","여천동(울산)","2020-07-20 14:00","0.007","0.4","0.012","0.019","23.0","11.0"
"울산","야음동","2020-07-20 14:00","0.001","0.3","0.027","0.008","10.0","9.0"
"울산","삼산동","2020-07-20 14:00","0.002","0.4","0.02","0.01","22.0","19.0"
"울산","신정로","2020-07-20 14:00","0.003","0.6","0.02","0.006","14.0","6.0"
"울산","신정동","2020-07-20 14:00","0.002","0.6","0.022","0.009","15.0","-1.0"
"울산","덕신리","2020-07-20 14:00","0.002","0.5","0.016","0.007","31.0","6.0"
"울산","무거동","2020-07-20 14:00","0.002","0.6","0.024","0.011","11.0","-1.0"
"울산","효문동","2020-07-20 14:00","0.002","0.2","0.016","0.019","30.0","7.0"
"울산","화산리","2020-07-20 14:00","0.003","0.6","0.013","0.013","31.0","16.0"
"울산","상남리","2020-07-20 14:00","0.002","0.1","0.024","0.01","21.0","8.0"
"울산","농소동","2020-07-20 14:00","0.002","0.5","0.021","0.009","14.0","13.0"
"울산","삼남면","2020-07-20 14:00","0.002","0.5","0.02","0.014","17.0","12.0"
"울산","약사동","2020-07-20 14:00","0.002","-1.0","0.024","0.01","12.0","11.0"
"울산","웅촌면","2020-07-20 14:00","0.001","0.4","0.025","0.007","20.0","18.0"
"울산","전하동","2020-07-20 14:00","0.002","0.3","0.014","0.009","38.0","12.0"
"대구","수창동","2020-07-20 14:00","0.003","0.4","0.043","0.008","17.0","14.0"
"대구","지산동","2020-07-20 14:00","0.003","0.3","0.038","0.004","11.0","3.0"
"대구","서호동","2020-07-20 14:00","0.001","0.2","0.034","0.008","17.0","15.0"
"대구","이현동","2020-07-20 14:00","0.002","0.6","0.043","0.009","27.0","10.0"
"대구","평리동","2020-07-20 14:00","0.002","0.7","0.029","0.018","31.0","13.0"
"대구","대명동","2020-07-20 14:00","0.001","0.2","0.037","0.007","21.0","7.0"
"대구","노원동","2020-07-20 14:00","0.003","0.4","0.041","0.009","41.0","27.0"
"대구","신암동","2020-07-20 14:00","0.002","0.2","0.03","0.014","40.0","17.0"
"대구","태전동","2020-07-20 14:00","0.003","0.4","0.039","0.007","28.0","17.0"
"대구","만촌동","2020-07-20 14:00","0.002","0.4","0.024","0.021","14.0","13.0"
"대구","호림동","2020-07-20 14:00","0.003","0.4","0.039","0.007","26.0","5.0"
"대구","유가읍","2020-07-20 14:00","0.002","0.2","0.037","0.007","26.0","14.0"
"대구","이곡동","2020-07-20 14:00","0.002","0.7","0.032","0.014","19.0","15.0"
"대구","시지동","2020-07-20 14:00","0.001","0.4","0.037","0.003","30.0","17.0"
"대구","진천동","2020-07-20 14:00","0.001","0.3","0.04","0.006","18.0","11.0"
"대구","다사읍","2020-07-20 14:00","0.001","0.3","0.031","0.009","24.0","15.0"
"대구","본동","2020-07-20 14:00","0.002","0.3","0.04","0.006","20.0","13.0"
"경북","장흥동","2020-07-20 13:00","0.004","0.2","0.03","0.01","28.0","11.0"
"경북","장량동","2020-07-20 14:00","0.002","0.3","0.044","0.011","23.0","13.0"
"경북","대도동","2020-07-20 14:00","0.003","0.1","0.048","0.006","26.0","12.0"
"경북","대송면","2020-07-20 14:00","0.003","0.2","0.036","0.003","20.0","6.0"
"경북","3공단","2020-07-20 14:00","0.004","0.4","0.022","0.007","18.0","8.0"
"경북","송도동","2020-07-20 14:00","0.003","0.1","0.043","0.007","22.0","11.0"
"경북","오천읍","2020-07-20 14:00","0.003","0.1","0.041","0.009","26.0","10.0"
"경북","청림동","2020-07-20 14:00","0.003","0.5","0.038","0.01","30.0","10.0"
"경북","성건동","2020-07-20 14:00","0.003","0.2","0.027","0.011","30.0","13.0"
"경북","보덕동","2020-07-20 14:00","0.003","0.2","0.037","0.004","15.0","8.0"
"경북","안강읍","2020-07-20 14:00","0.003","0.2","0.044","0.004","10.0","9.0"
"경북","외동읍","2020-07-20 14:00","0.003","0.2","0.033","0.006","12.0","7.0"
"경북","문당동","2020-07-20 14:00","0.002","0.5","0.032","0.003","26.0","16.0"
"경북","대광동","2020-07-20 14:00","-1.0","-1.0","-1.0","-1.0","-1.0","-1.0"
"경북","율곡동","2020-07-20 14:00","0.002","0.4","0.038","0.01","17.0","9.0"
"경북","명륜동","2020-07-20 14:00","0.002","0.2","0.035","0.004","19.0","13.0"
"경북","공단동","2020-07-20 14:00","0.002","0.3","0.037","0.011","16.0","11.0"
"경북","원평동","2020-07-20 14:00","0.002","0.4","0.043","0.006","24.0","9.0"
"경북","형곡동","2020-07-20 14:00","0.003","0.4","0.032","0.005","18.0","5.0"
"경북","4공단","2020-07-20 14:00","0.003","0.3","0.041","0.006","19.0","6.0"
"경북","가흥동","2020-07-20 14:00","0.003","0.4","0.032","0.006","8.0","-1.0"
"경북","중방동","2020-07-20 14:00","0.004","0.2","0.04","0.004","24.0","15.0"
"경북","상주시","2020-07-20 14:00","0.003","0.3","0.044","0.004","7.0","1.0"
"경북","칠곡군","2020-07-20 14:00","0.003","0.2","0.047","0.004","38.0","9.0"
"경북","영덕읍","2020-07-20 14:00","0.001","0.2","0.043","0.003","21.0","20.0"
"경북","문경시","2020-07-20 14:00","0.003","0.3","0.043","0.004","4.0","1.0"
"경북","성주군","2020-07-20 14:00","0.002","0.4","0.04","0.005","12.0","7.0"
"경북","지품면","2020-07-20 14:00","-1.0","-1.0","-1.0","-1.0","-1.0","-1.0"
"경북","화북면","2020-07-20 14:00","0.0","0.1","0.02","0.002","22.0","7.0"
"경북","영천시","2020-07-20 14:00","0.003","0.4","0.048","0.005","17.0","9.0"
"경북","안계면","2020-07-20 14:00","0.001","0.3","0.034","0.005","17.0","12.0"
"경북","의성읍","2020-07-20 14:00","0.003","0.3","0.046","0.004","9.0","6.0"
"경북","울진군","2020-07-20 14:00","-1.0","0.3","0.031","0.007","26.0","9.0"
"경북","석포면","2020-07-20 14:00","0.004","0.3","0.089","0.006","5.0","2.0"
"경북","태하리","2020-07-20 14:00","0.001","0.2","0.031","0.001","15.0","5.0"
"경북","울릉읍","2020-07-20 14:00","-1.0","0.1","0.025","0.002","24.0","8.0"
"경북","대가야읍","2020-07-20 14:00","0.003","0.4","0.037","0.006","22.0","12.0"
"경북","군위읍","2020-07-20 14:00","0.002","0.4","0.047","0.005","9.0","8.0"
"경북","영양군","2020-07-20 14:00","0.002","0.2","0.041","0.004","10.0","4.0"
"경북","예천군","2020-07-20 14:00","0.002","0.3","0.053","0.003","17.0","9.0"
"경북","화양읍","2020-07-20 14:00","-1.0","0.3","0.049","0.004","10.0","3.0"
"경북","청송읍","2020-07-20 14:00","0.003","0.3","0.048","0.003","25.0","8.0"
"경남","회원동","2020-07-20 14:00","0.002","0.2","0.025","0.009","5.0","5.0"
"경남","봉암동","2020-07-20 14:00","0.002","0.2","0.026","0.009","16.0","6.0"
"경남","상봉동","2020-07-20 14:00","0.004","0.5","0.037","0.011","23.0","14.0"
"경남","대안동","2020-07-20 14:00","0.004","0.5","0.041","0.011","21.0","2.0"
"경남","상대동","2020-07-20 14:00","0.006","0.6","0.036","0.014","25.0","9.0"
"경남","명서동","2020-07-20 14:00","0.003","0.4","0.029","0.01","17.0","8.0"
"경남","웅남동","2020-07-20 14:00","0.003","0.3","0.032","0.004","12.0","4.0"
"경남","성주동","2020-07-20 14:00","0.002","0.3","0.03","0.007","6.0","1.0"
"경남","용지동","2020-07-20 14:00","0.002","0.5","0.034","0.007","18.0","0.0"
"경남","반송로","2020-07-20 14:00","0.003","0.2","0.026","0.008","14.0","7.0"
"경남","사파동","2020-07-20 14:00","0.003","0.2","0.027","0.006","9.0","6.0"
"경남","경화동","2020-07-20 14:00","0.003","0.3","0.024","0.006","23.0","11.0"
"경남","월영동","2020-07-20 14:00","0.002","0.3","0.025","0.01","16.0","7.0"
"경남","하동읍","2020-07-20 14:00","0.002","0.3","0.034","0.004","14.0","1.0"
"경남","동상동","2020-07-20 14:00","0.002","0.2","0.031","0.007","10.0","3.0"
"경남","삼방동","2020-07-20 14:00","0.002","0.2","0.022","0.01","18.0","3.0"
"경남","장유동","2020-07-20 14:00","0.003","0.3","0.023","0.006","10.0","7.0"
"경남","진영읍","2020-07-20 14:00","0.003","0.2","0.038","0.007","12.0","7.0"
"경남","저구리","2020-07-20 14:00","0.001","0.1","0.015","0.003","5.0","-1.0"
"경남","아주동","2020-07-20 14:00","0.002","0.4","0.021","0.006","11.0","6.0"
"경남","사천읍","2020-07-20 14:00","0.004","0.4","0.043","0.008","15.0","8.0"
"경남","대산면","2020-07-20 14:00","-1.0","-1.0","-1.0","-1.0","-1.0","-1.0"
"경남","북부동","2020-07-20 14:00","0.004","0.2","0.009","0.016","38.0","18.0"
"경남","삼호동","2020-07-20 14:00","0.002","0.3","0.024","0.009","28.0","11.0"
"경남","내일동","2020-07-20 14:00","0.002","0.2","0.031","0.009","18.0","1.0"
"경남","무전동","2020-07-20 14:00","0.002","0.1","0.028","0.007","12.0","3.0"
"경남","고성읍","2020-07-20 14:00","0.003","0.2","0.037","0.005","9.0","6.0"
"경남","거창읍","2020-07-20 14:00","-1.0","0.4","0.047","0.006","11.0","5.0"
"경남","가야읍","2020-07-20 14:00","0.003","0.4","0.045","0.005","17.0","8.0"
"경남","함양읍","2020-07-20 14:00","0.002","0.4","0.045","0.005","7.0","7.0"
"경남","남해읍","2020-07-20 14:00","0.002","0.6","0.039","0.007","17.0","13.0"
"경남","산청읍","2020-07-20 14:00","-1.0","-1.0","-1.0","-1.0","-1.0","-1.0"
"경남","남상면","2020-07-20 14:00","0.002","0.4","0.04","0.003","9.0","6.0"
"경남","의령읍","2020-07-20 14:00","0.003","0.4","0.047","0.005","12.0","10.0"
"경남","창녕읍","2020-07-20 14:00","0.003","0.4","0.052","0.007","20.0","14.0"
"경남","합천읍","2020-07-20 14:00","0.003","0.3","0.046","0.005","17.0","8.0"
"전남","용당동","2020-07-20 14:00","0.003","0.5","0.049","0.006","22.0","9.0"
"전남","부흥동","2020-07-20 14:00","0.003","0.3","0.035","0.004","21.0","3.0"
"전남","서강동","2020-07-20 14:00","0.002","0.3","0.03","0.001","2.0","-1.0"
"전남","월내동","2020-07-20 14:00","0.002","0.6","0.04","0.01","4.0","-1.0"
"전남","문수동","2020-07-20 14:00","0.002","0.5","0.037","0.007","10.0","-1.0"
"전남","여천동(여수)","2020-07-20 14:00","0.002","0.5","0.033","0.005","14.0","7.0"
"전남","덕충동","2020-07-20 14:00","0.002","0.5","0.032","0.005","1.0","-1.0"
"전남","장천동","2020-07-20 14:00","0.003","0.4","0.033","0.007","15.0","4.0"
"전남","연향동","2020-07-20 14:00","0.003","0.4","0.047","0.006","8.0","-1.0"
"전남","순천만","2020-07-20 14:00","0.002","0.2","0.04","0.002","12.0","-1.0"
"전남","호두리","2020-07-20 14:00","-1.0","0.2","0.037","0.002","7.0","4.0"
"전남","신대","2020-07-20 14:00","0.003","0.3","0.057","0.002","21.0","6.0"
"전남","빛가람동","2020-07-20 14:00","0.003","0.2","0.056","0.004","7.0","1.0"
"전남","담양읍","2020-07-20 14:00","0.003","0.2","0.023","0.003","13.0","5.0"
"전남","장성읍","2020-07-20 14:00","0.004","0.3","0.039","0.003","9.0","9.0"
"전남","화양면","2020-07-20 14:00","-1.0","0.5","0.043","0.002","13.0","10.0"
"전남","율촌면","2020-07-20 14:00","0.001","0.7","0.037","0.002","14.0","6.0"
"전남","삼일동","2020-07-20 14:00","0.002","0.4","0.031","0.005","12.0","7.0"
"전남","중동","2020-07-20 14:00","0.003","0.4","0.028","0.007","11.0","6.0"
"전남","태인동","2020-07-20 14:00","0.004","0.7","0.015","0.019","13.0","10.0"
"전남","진상면","2020-07-20 14:00","0.002","0.3","0.038","0.007","9.0","-1.0"
"전남","광양읍","2020-07-20 14:00","0.002","0.3","0.032","0.006","12.0","5.0"
"전남","해남읍","2020-07-20 14:00","0.003","0.5","0.042","0.005","10.0","6.0"
"전남","나불리","2020-07-20 14:00","0.003","0.2","0.036","0.003","18.0","10.0"
"전남","송단리","2020-07-20 14:00","0.003","0.1","0.038","0.003","9.0","6.0"
"전남","화순읍","2020-07-20 14:00","0.002","0.4","0.037","0.004","11.0","7.0"
"전남","영광읍","2020-07-20 14:00","-1.0","-1.0","-1.0","-1.0","-1.0","-1.0"
"전남","장흥읍","2020-07-20 14:00","0.004","0.4","0.049","0.005","12.0","11.0"
"전남","진도읍","2020-07-20 14:00","0.002","0.4","0.035","0.002","15.0","3.0"
"전남","신지면","2020-07-20 14:00","0.002","0.5","0.032","0.004","15.0","7.0"
"전남","함평읍","2020-07-20 14:00","0.001","0.5","0.029","0.004","17.0","3.0"
"전남","고흥읍","2020-07-20 14:00","0.002","0.4","0.048","0.003","13.0","4.0"
"전남","신안군","2020-07-20 14:00","0.004","0.3","0.049","0.003","10.0","7.0"
"전남","무안읍","2020-07-20 14:00","0.002","0.3","0.04","0.004","20.0","5.0"
"전남","강진읍","2020-07-20 14:00","0.003","0.2","0.046","0.003","7.0","3.0"
"전남","곡성읍","2020-07-20 14:00","0.002","0.5","0.036","0.003","8.0","5.0"
"전남","구례읍","2020-07-20 14:00","0.003","0.5","0.034","0.004","16.0","5.0"
"전남","벌교읍","2020-07-20 14:00","0.002","0.9","0.027","0.002","20.0","1.0"
"전북","노송동","2020-07-20 14:00","0.002","0.4","0.056","0.002","1.0","-1.0"
"전북","삼천동","2020-07-20 14:00","0.002","0.4","0.066","0.005","1.0","1.0"
"전북","팔복동","2020-07-20 14:00","0.003","0.5","0.039","0.011","11.0","9.0"
"전북","송천동","2020-07-20 14:00","0.002","0.3","0.035","0.006","12.0","7.0"
"전북","서신동","2020-07-20 14:00","0.003","0.4","-1.0","0.013","9.0","-1.0"
"전북","혁신동","2020-07-20 14:00","0.002","0.4","0.04","0.005","8.0","4.0"
"전북","신풍동(군산)","2020-07-20 14:00","0.003","0.3","0.032","0.006","8.0","-1.0"
"전북","소룡동","2020-07-20 14:00","0.003","0.3","0.03","0.012","15.0","2.0"
"전북","개정동","2020-07-20 14:00","0.003","0.4","0.033","0.007","8.0","6.0"
"전북","옥산면","2020-07-20 14:00","0.004","0.3","0.036","0.003","9.0","-1.0"
"전북","비응도동","2020-07-20 14:00","0.003","0.3","0.037","0.006","17.0","6.0"
"전북","삼기면","2020-07-20 14:00","-1.0","-1.0","-1.0","-1.0","8.0","6.0"
"전북","팔봉동","2020-07-20 14:00","0.001","0.4","0.036","0.012","6.0","4.0"
"전북","모현동","2020-07-20 14:00","0.002","0.2","0.026","0.003","13.0","4.0"
"전북","용동면","2020-07-20 14:00","0.002","0.3","0.035","0.004","9.0","6.0"
"전북","함열읍","2020-07-20 14:00","0.002","0.3","0.029","0.005","6.0","6.0"
"전북","연지동","2020-07-20 14:00","0.003","0.3","0.027","0.007","11.0","11.0"
"전북","신태인","2020-07-20 14:00","0.002","0.3","0.032","0.013","9.0","5.0"
"전북","죽항동","2020-07-20 14:00","0.002","0.3","0.039","0.008","18.0","7.0"
"전북","고창읍","2020-07-20 14:00","-1.0","0.1","0.038","0.005","11.0","5.0"
"전북","심원면","2020-07-20 14:00","0.003","0.2","0.042","0.003","8.0","8.0"
"전북","부안읍","2020-07-20 14:00","0.002","0.5","0.041","0.007","12.0","-1.0"
"전북","새만금","2020-07-20 14:00","0.001","-1.0","0.035","0.002","17.0","5.0"
"전북","요촌동","2020-07-20 14:00","-1.0","-1.0","-1.0","-1.0","14.0","4.0"
"전북","고산면","2020-07-20 14:00","0.003","0.4","0.034","0.007","3.0","-1.0"
"전북","봉동읍","2020-07-20 14:00","0.001","0.4","0.035","0.008","10.0","5.0"
"전북","진안읍","2020-07-20 14:00","0.002","0.3","0.032","0.006","14.0","3.0"
"전북","운암면","2020-07-20 14:00","0.0","1.1","0.027","0.003","12.0","-1.0"
"전북","임실읍","2020-07-20 14:00","0.003","0.4","0.036","0.002","15.0","9.0"
"전북","무주읍","2020-07-20 14:00","0.002","0.4","0.04","0.004","14.0","10.0"
"전북","순창읍","2020-07-20 14:00","0.003","0.3","0.041","0.005","7.0","-1.0"
"전북","장수읍","2020-07-20 14:00","-1.0","0.3","0.045","0.005","8.0","6.0"
"제주","이도동","2020-07-20 14:00","0.001","0.3","0.045","0.011","19.0","9.0"
"제주","연동","2020-07-20 14:00","0.002","0.3","0.045","0.006","20.0","8.0"
"제주","동홍동","2020-07-20 14:00","-1.0","0.1","0.02","0.005","23.0","7.0"
"제주","성산읍","2020-07-20 14:00","-1.0","0.1","0.034","0.006","28.0","14.0"
"제주","남원읍","2020-07-20 14:00","0.0","0.3","0.016","0.004","6.0","3.0"
"제주","대정읍","2020-07-20 14:00","0.002","0.2","0.048","0.003","28.0","7.0"
"제주","노형로","2020-07-20 14:00","0.001","0.3","0.041","0.011","20.0","8.0"
"제주","고산리","2020-07-20 14:00","-1.0","-1.0","-1.0","-1.0","-1.0","11.0"
"서울","중구","2020-07-20 15:00","0.002","0.4","0.032","0.014","15.0","10.0"
"서울","한강대로","2020-07-20 15:00","0.003","0.7","0.014","0.028","29.0","12.0"
"서울","종로구","2020-07-20 15:00","0.002","0.5","0.029","0.018","19.0","10.0"
"서울","청계천로","2020-07-20 15:00","0.003","0.8","0.023","0.024","21.0","18.0"
"서울","종로","2020-07-20 15:00","0.002","0.6","0.023","0.019","19.0","12.0"
"서울","용산구","2020-07-20 15:00","0.002","0.4","0.03","0.01","17.0","9.0"
"서울","광진구","2020-07-20 15:00","0.003","0.4","0.039","0.011","15.0","7.0"
"서울","성동구","2020-07-20 15:00","0.002","0.4","0.021","0.017","16.0","7.0"
"서울","강변북로","2020-07-20 15:00","0.003","0.7","0.021","0.029","14.0","7.0"
"서울","중랑구","2020-07-20 15:00","0.002","0.4","0.028","0.015","18.0","8.0"
"서울","동대문구","2020-07-20 15:00","0.002","0.4","0.036","0.011","13.0","5.0"
"서울","홍릉로","2020-07-20 15:00","0.002","0.5","0.019","0.036","21.0","9.0"
"서울","성북구","2020-07-20 15:00","0.002","0.5","0.026","0.021","20.0","6.0"
"서울","정릉로","2020-07-20 15:00","0.003","0.4","0.02","0.028","21.0","13.0"
"서울","도봉구","2020-07-20 15:00","0.002","0.3","0.031","0.008","30.0","13.0"
"서울","은평구","2020-07-20 15:00","0.003","0.6","0.035","0.013","26.0","12.0"
"서울","서대문구","2020-07-20 15:00","0.002","0.4","0.034","0.011","13.0","7.0"
"서울","마포구","2020-07-20 15:00","0.002","0.5","0.032","0.012","17.0","7.0"
"서울","신촌로","2020-07-20 15:00","0.003","0.8","0.015","0.044","26.0","9.0"
"서울","강서구","2020-07-20 15:00","0.002","0.5","0.039","0.013","18.0","9.0"
"서울","공항대로","2020-07-20 15:00","-1.0","-1.0","-1.0","-1.0","-1.0","-1.0"
"서울","구로구","2020-07-20 15:00","-1.0","-1.0","-1.0","-1.0","-1.0","-1.0"
"서울","영등포구","2020-07-20 15:00","0.003","0.5","0.029","0.017","19.0","7.0"
"서울","영등포로","2020-07-20 15:00","0.003","0.7","0.016","0.04","22.0","10.0"
"서울","동작구","2020-07-20 15:00","0.002","0.3","0.026","0.011","20.0","8.0"
"서울","동작대로 중앙차로","2020-07-20 15:00","0.003","0.4","0.03","0.015","14.0","-1.0"
"서울","관악구","2020-07-20 15:00","0.002","0.4","0.033","0.012","18.0","4.0"
"서울","강남구","2020-07-20 15:00","0.002","0.4","0.034","0.011","15.0","7.0"
"서울","서초구","2020-07-20 15:00","0.003","0.3","0.038","0.013","14.0","6.0"
"서울","도산대로","2020-07-20 15:00","0.002","0.6","0.021","0.021","15.0","7.0"
"서울","강남대로","2020-07-20 15:00","0.002","0.7","0.022","0.02","18.0","4.0"
"서울","송파구","2020-07-20 15:00","0.002","0.3","0.029","0.011","14.0","7.0"
"서울","강동구","2020-07-20 15:00","0.003","0.3","0.022","0.012","16.0","8.0"
"서울","천호대로","2020-07-20 15:00","0.003","0.4","0.026","0.021","13.0","6.0"
"서울","금천구","2020-07-20 15:00","0.002","0.4","0.026","0.013","17.0","8.0"
"서울","시흥대로","2020-07-20 15:00","0.003","0.5","0.028","0.02","21.0","10.0"
"서울","강북구","2020-07-20 15:00","0.002","0.5","0.023","0.012","25.0","11.0"
"서울","양천구","2020-07-20 15:00","0.002","0.5","0.035","0.012","-1.0","9.0"
"서울","노원구","2020-07-20 15:00","0.002","0.4","0.032","0.015","17.0","7.0"
"서울","화랑로","2020-07-20 15:00","0.003","0.3","0.025","0.017","18.0","6.0"
"경기","신풍동","2020-07-20 15:00","0.001","0.5","0.039","0.006","12.0","1.0"
"경기","인계동","2020-07-20 15:00","0.003","0.6","0.034","0.016","12.0","1.0"
"경기","광교동","2020-07-20 15:00","0.002","0.4","0.032","0.007","20.0","4.0"
"경기","영통동","2020-07-20 15:00","0.002","0.5","0.04","0.01","14.0","5.0"
"경기","천천동","2020-07-20 15:00","0.002","0.3","0.038","0.005","5.0","3.0"
"경기","경수대로(동수원)","2020-07-20 15:00","0.002","0.6","0.021","0.011","20.0","9.0"
"경기","고색동","2020-07-20 15:00","0.002","0.5","0.03","0.014","21.0","2.0"
"경기","호매실동","2020-07-20 15:00","0.002","0.5","0.028","0.008","19.0","8.0"
"경기","대왕판교로(백현동)","2020-07-20 15:00","0.003","0.5","-1.0","0.02","11.0","4.0"
"경기","단대동","2020-07-20 15:00","0.002","0.5","0.033","0.012","9.0","2.0"
"경기","정자동","2020-07-20 15:00","0.002","0.4","0.03","0.008","15.0","5.0"
"경기","수내동","2020-07-20 15:00","0.002","0.4","0.033","0.009","17.0","1.0"
"경기","성남대로(모란역)","2020-07-20 15:00","0.002","0.5","0.022","0.026","31.0","7.0"
"경기","복정동","2020-07-20 15:00","0.003","0.5","0.02","0.026","34.0","7.0"
"경기","운중동","2020-07-20 15:00","0.003","0.4","0.029","0.009","14.0","10.0"
"경기","상대원동","2020-07-20 15:00","0.002","0.3","0.021","0.023","24.0","13.0"
"경기","의정부동","2020-07-20 15:00","0.004","0.5","0.037","0.007","16.0","12.0"
"경기","의정부1동","2020-07-20 15:00","0.003","0.4","0.033","0.011","19.0","5.0"
"경기","안양6동","2020-07-20 15:00","-1.0","0.3","0.034","0.014","30.0","4.0"
"경기","부림동","2020-07-20 15:00","0.003","0.5","0.03","0.013","22.0","6.0"
"경기","호계동","2020-07-20 15:00","0.002","0.3","0.028","0.014","28.0","14.0"
"경기","안양2동","2020-07-20 15:00","0.002","0.5","0.036","0.012","20.0","3.0"
"경기","철산동","2020-07-20 15:00","0.002","0.6","0.037","0.013","20.0","5.0"
"경기","소하동","2020-07-20 15:00","0.001","0.4","0.044","0.006","-1.0","1.0"
"경기","고잔동","2020-07-20 15:00","0.003","0.4","0.032","0.011","20.0","8.0"
"경기","원시동","2020-07-20 15:00","0.004","0.4","0.042","0.012","27.0","3.0"
"경기","본오동","2020-07-20 10:00","0.002","0.4","0.025","0.011","9.0","8.0"
"경기","부곡동1","2020-07-20 15:00","0.004","0.4","0.033","0.011","18.0","3.0"
"경기","대부동","2020-07-20 15:00","0.002","0.4","0.05","0.006","21.0","5.0"
"경기","호수동","2020-07-20 15:00","0.002","0.3","0.036","0.018","15.0","4.0"
"경기","중앙대로(고잔동)","2020-07-20 15:00","0.003","0.5","-1.0","0.028","13.0","9.0"
"경기","별양동","2020-07-20 15:00","0.002","0.4","0.032","0.012","15.0","6.0"
"경기","과천동","2020-07-20 15:00","0.002","0.3","0.038","0.005","20.0","2.0"
"경기","교문동","2020-07-20 15:00","0.003","0.4","0.033","0.006","14.0","5.0"
"경기","동구동","2020-07-20 15:00","0.002","0.4","0.031","0.013","11.0","10.0"
"경기","부곡3동","2020-07-20 15:00","0.002","0.4","0.04","0.004","17.0","7.0"
"경기","고천동","2020-07-20 15:00","0.002","0.4","0.03","0.008","13.0","7.0"
"경기","정왕동","2020-07-20 15:00","0.003","0.5","0.047","0.008","27.0","10.0"
"경기","시화산단","2020-07-20 15:00","0.003","0.5","0.043","0.017","34.0","24.0"
"경기","대야동","2020-07-20 15:00","0.003","0.7","0.05","0.01","19.0","16.0"
"경기","목감동","2020-07-20 15:00","0.004","0.4","0.039","0.006","25.0","8.0"
"경기","장현동","2020-07-20 15:00","0.003","0.4","0.047","0.006","29.0","14.0"
"경기","금곡동","2020-07-20 15:00","0.002","0.4","0.024","0.011","17.0","4.0"
"경기","오남읍","2020-07-20 15:00","-1.0","0.4","0.025","0.015","20.0","5.0"
"경기","별내동","2020-07-20 15:00","0.002","0.4","0.033","0.014","17.0","5.0"
"경기","화도읍","2020-07-20 15:00","-1.0","0.3","0.029","0.014","18.0","4.0"
"경기","경춘로","2020-07-20 15:00","0.002","0.5","0.025","0.02","32.0","12.0"
"경기","비전동","2020-07-20 15:00","0.003","0.3","0.029","0.008","16.0","3.0"
"경기","안중","2020-07-20 15:00","0.003","0.2","0.033","0.006","20.0","7.0"
"경기","평택항","2020-07-20 15:00","0.004","0.5","0.024","0.016","22.0","7.0"
"경기","송북동","2020-07-20 15:00","0.005","0.4","0.033","0.008","18.0","10.0"
"경기","청북읍","2020-07-20 15:00","0.004","0.4","0.032","0.009","13.0","6.0"
"경기","금촌동","2020-07-20 15:00","0.002","0.7","0.037","0.009","26.0","8.0"
"경기","운정","2020-07-20 15:00","0.002","0.6","0.04","0.007","22.0","11.0"
"경기","파주","2020-07-20 15:00","0.001","0.3","0.033","0.001","6.0","-1.0"
"경기","파주읍","2020-07-20 15:00","0.002","0.5","0.038","0.007","23.0","11.0"
"경기","행신동","2020-07-20 15:00","0.003","0.6","0.042","0.012","27.0","10.0"
"경기","식사동","2020-07-20 15:00","0.003","0.5","0.051","0.008","23.0","11.0"
"경기","백마로(마두역)","2020-07-20 15:00","0.003","0.6","0.046","0.014","31.0","14.0"
"경기","신원동","2020-07-20 15:00","0.002","0.4","0.043","0.01","25.0","1.0"
"경기","주엽동","2020-07-20 15:00","0.003","0.6","0.049","0.008","29.0","19.0"
"경기","경안동","2020-07-20 15:00","0.002","0.4","0.028","0.012","18.0","4.0"
"경기","오포읍","2020-07-20 15:00","0.002","0.3","0.034","0.006","17.0","8.0"
"경기","김량장동","2020-07-20 15:00","0.002","0.3","0.031","0.01","13.0","12.0"
"경기","수지","2020-07-20 15:00","0.001","0.5","0.033","0.006","8.0","0.0"
"경기","기흥","2020-07-20 15:00","0.002","0.4","0.034","0.011","1.0","-1.0"
"경기","중부대로(구갈동)","2020-07-20 15:00","0.002","0.4","-1.0","0.023","21.0","11.0"
"경기","모현읍","2020-07-20 15:00","0.002","0.5","0.041","0.005","18.0","9.0"
"경기","이동읍","2020-07-20 15:00","-1.0","-1.0","-1.0","-1.0","-1.0","-1.0"
"경기","백암면","2020-07-20 15:00","0.001","0.5","0.035","0.004","12.0","7.0"
"경기","설성면","2020-07-20 15:00","0.001","0.2","0.031","0.005","16.0","11.0"
"경기","창전동","2020-07-20 15:00","0.004","0.4","0.034","0.006","18.0","16.0"
"경기","장호원읍","2020-07-20 15:00","0.003","0.3","0.029","0.006","9.0","-1.0"
"경기","부발읍","2020-07-20 15:00","0.004","0.4","0.035","0.008","26.0","18.0"
"경기","관인면","2020-07-20 15:00","-1.0","-1.0","-1.0","-1.0","12.0","-1.0"
"경기","선단동","2020-07-20 15:00","-1.0","-1.0","-1.0","-1.0","-1.0","-1.0"
"경기","일동면","2020-07-20 15:00","0.002","0.3","0.029","0.006","14.0","6.0"
"경기","사우동","2020-07-20 15:00","0.003","0.4","0.044","0.005","29.0","18.0"
"경기","고촌읍","2020-07-20 15:00","0.004","0.5","0.047","0.007","27.0","15.0"
"경기","월곶면","2020-07-20 15:00","-1.0","-1.0","-1.0","-1.0","-1.0","-1.0"
"경기","한강신도시","2020-07-20 15:00","0.003","0.6","0.054","0.006","33.0","21.0"
"경기","한강로","2020-07-20 15:00","0.003","0.6","0.051","0.013","26.0","12.0"
"경기","당동","2020-07-20 15:00","0.003","0.4","0.037","0.01","22.0","10.0"
"경기","산본동","2020-07-20 15:00","0.003","0.4","0.033","0.01","18.0","5.0"
"경기","오산동","2020-07-20 15:00","0.002","0.3","0.025","0.009","8.0","0.0"
"경기","금암로(신장동)","2020-07-20 15:00","0.002","0.2","0.034","0.009","14.0","6.0"
"경기","신장동","2020-07-20 15:00","0.002","0.3","0.019","0.015","15.0","8.0"
"경기","남양읍","2020-07-20 15:00","0.004","0.3","0.04","0.011","27.0","6.0"
"경기","향남읍","2020-07-20 15:00","0.009","0.4","0.044","0.004","30.0","9.0"
"경기","동탄","2020-07-20 15:00","0.004","0.3","0.042","0.007","21.0","15.0"
"경기","우정읍","2020-07-20 15:00","0.003","0.4","0.045","0.002","29.0","15.0"
"경기","청계동","2020-07-20 15:00","0.003","0.4","0.039","0.009","16.0","8.0"
"경기","새솔동","2020-07-20 15:00","0.003","0.5","0.039","0.003","11.0","6.0"
"경기","봉담읍","2020-07-20 15:00","0.003","0.4","0.039","0.009","31.0","11.0"
"경기","서신면","2020-07-20 15:00","0.003","0.4","0.053","0.004","37.0","12.0"
"경기","백석읍","2020-07-20 15:00","0.003","0.4","0.037","0.006","11.0","3.0"
"경기","고읍","2020-07-20 15:00","0.003","0.3","0.036","0.008","11.0","5.0"
"경기","보산동","2020-07-20 15:00","0.004","0.4","0.029","0.006","17.0","5.0"
"경기","봉산동","2020-07-20 15:00","0.002","0.5","0.03","0.004","2.0","-1.0"
"경기","공도읍","2020-07-20 15:00","0.001","0.3","0.032","0.007","10.0","8.0"
"인천","신흥","2020-07-20 15:00","0.003","0.7","0.046","0.01","19.0","7.0"
"인천","서해","2020-07-20 15:00","-1.0","-1.0","-1.0","-1.0","-1.0","-1.0"
"인천","송림","2020-07-20 15:00","0.003","0.9","0.043","0.01","35.0","12.0"
"인천","구월동","2020-07-20 15:00","-1.0","-1.0","-1.0","-1.0","-1.0","-1.0"
"인천","숭의","2020-07-20 15:00","0.002","0.8","0.045","0.009","-1.0","-1.0"
"인천","석바위","2020-07-20 15:00","0.003","0.8","0.045","0.023","26.0","14.0"
"인천","부평역","2020-07-20 15:00","0.005","0.7","0.018","0.021","28.0","7.0"
"인천","남동","2020-07-20 15:00","-1.0","-1.0","-1.0","-1.0","-1.0","-1.0"
"인천","부평","2020-07-20 15:00","0.003","0.7","0.042","0.012","31.0","12.0"
"인천","연희","2020-07-20 15:00","0.003","0.7","0.042","0.015","23.0","9.0"
"인천","검단","2020-07-20 15:00","0.003","0.6","0.04","0.009","31.0","12.0"
"인천","계산","2020-07-20 15:00","0.002","0.9","0.045","0.013","-1.0","-1.0"
"인천","고잔","2020-07-20 15:00","-1.0","-1.0","-1.0","-1.0","-1.0","-1.0"
"인천","석남","2020-07-20 15:00","0.003","0.7","0.063","0.013","30.0","11.0"
"인천","송해","2020-07-20 15:00","-1.0","-1.0","-1.0","-1.0","-1.0","-1.0"
"인천","동춘","2020-07-20 15:00","0.003","0.7","0.038","0.007","-1.0","-1.0"
"인천","운서","2020-07-20 15:00","0.002","0.7","0.045","0.006","24.0","13.0"
"인천","송현","2020-07-20 15:00","0.003","0.7","0.052","0.009","28.0","13.0"
"인천","논현","2020-07-20 15:00","0.002","0.7","0.042","0.012","27.0","11.0"
"인천","청라","2020-07-20 15:00","0.006","0.7","0.048","0.009","-1.0","-1.0"
"인천","송도","2020-07-20 15:00","0.002","0.6","0.053","0.005","20.0","11.0"
"인천","원당","2020-07-20 15:00","0.003","0.6","0.041","0.008","26.0","11.0"
"인천","길상","2020-07-20 15:00","0.004","0.7","0.056","0.003","24.0","12.0"
"인천","삼산","2020-07-20 15:00","0.002","0.7","0.046","0.01","24.0","11.0"
"인천","석모리","2020-07-20 15:00","0.001","1.1","0.055","0.002","33.0","16.0"
"인천","덕적도","2020-07-20 15:00","0.002","0.7","0.055","0.002","34.0","12.0"
"인천","백령도","2020-07-20 15:00","0.003","0.5","0.064","0.002","-1.0","21.0"
"인천","영흥","2020-07-20 15:00","0.004","0.6","0.064","0.004","26.0","10.0"
"강원","중앙로","2020-07-20 15:00","-1.0","0.3","0.038","0.006","17.0","8.0"
"강원","석사동","2020-07-20 15:00","0.001","0.4","0.036","0.006","9.0","9.0"
"강원","신사우동","2020-07-20 15:00","-1.0","0.4","0.042","0.005","8.0","5.0"
"강원","온의동","2020-07-20 15:00","-1.0","0.3","0.035","0.008","8.0","2.0"
"강원","방산면","2020-07-20 15:00","-1.0","-1.0","-1.0","-1.0","-1.0","-1.0"
"강원","양구읍","2020-07-20 15:00","-1.0","-1.0","-1.0","-1.0","-1.0","-1.0"
"강원","중앙동(원주)","2020-07-20 15:00","-1.0","0.4","0.03","0.009","7.0","0.0"
"강원","반곡동","2020-07-20 15:00","0.002","0.3","0.022","0.006","4.0","-1.0"
"강원","문막읍","2020-07-20 15:00","-1.0","0.3","0.023","0.006","8.0","2.0"
"강원","옥천동","2020-07-20 15:00","0.003","0.6","0.033","0.014","25.0","6.0"
"강원","천곡동","2020-07-20 15:00","0.001","0.4","0.022","0.012","9.0","-1.0"
"강원","남양동1","2020-07-20 15:00","0.002","0.3","0.028","0.01","5.0","-1.0"
"강원","평창읍","2020-07-20 15:00","0.003","0.3","0.037","0.001","12.0","9.0"
"강원","북평면","2020-07-20 15:00","0.001","0.3","0.035","0.002","7.0","3.0"
"강원","정선읍","2020-07-20 15:00","0.002","1.2","0.038","0.008","3.0","-1.0"
"강원","간성읍","2020-07-20 15:00","0.001","0.7","0.036","0.002","7.0","-1.0"
"강원","치악산","2020-07-20 15:00","0.002","0.0","0.026","0.001","4.0","4.0"
"강원","횡성군","2020-07-20 15:00","-1.0","0.5","0.028","0.005","5.0","3.0"
"강원","상리","2020-07-20 15:00","0.002","0.4","0.045","0.003","4.0","2.0"
"강원","양양군","2020-07-20 15:00","0.001","0.4","0.037","0.005","3.0","2.0"
"강원","속초시(금호동)","2020-07-20 15:00","0.004","0.2","0.033","0.011","17.0","3.0"
"강원","갈말읍","2020-07-20 15:00","0.003","0.4","0.033","0.004","6.0","-1.0"
"강원","홍천읍","2020-07-20 15:00","0.003","0.4","0.038","0.008","13.0","8.0"
"강원","영월읍","2020-07-20 15:00","-1.0","0.2","0.037","0.003","13.0","4.0"
"강원","화천군","2020-07-20 15:00","-1.0","0.4","0.04","0.004","15.0","7.0"
"강원","태백시","2020-07-20 15:00","0.002","0.1","0.038","0.001","-1.0","6.0"
"강원","인제군","2020-07-20 15:00","-1.0","0.4","0.039","0.001","4.0","3.0"
"충남","성황동","2020-07-20 15:00","0.002","0.6","0.031","0.011","16.0","6.0"
"충남","백석동","2020-07-20 15:00","0.002","0.4","0.033","0.008","13.0","1.0"
"충남","성성동","2020-07-20 15:00","-1.0","-1.0","-1.0","-1.0","-1.0","-1.0"
"충남","성거읍","2020-07-20 15:00","0.002","0.4","0.031","0.009","14.0","6.0"
"충남","신방동","2020-07-20 15:00","-1.0","0.3","0.032","0.006","9.0","8.0"
"충남","사곡면","2020-07-20 15:00","-1.0","-1.0","-1.0","-1.0","-1.0","-1.0"
"충남","공주","2020-07-20 15:00","0.004","0.2","0.028","0.005","3.0","3.0"
"충남","탄천면","2020-07-20 15:00","0.003","0.3","0.042","0.003","-1.0","-1.0"
"충남","부여읍","2020-07-20 15:00","0.003","0.5","0.029","0.006","11.0","6.0"
"충남","독곶리","2020-07-20 15:00","0.003","0.7","0.065","0.006","39.0","11.0"
"충남","동문동","2020-07-20 15:00","0.003","0.7","0.041","0.007","24.0","18.0"
"충남","대산리","2020-07-20 15:00","0.004","1.0","0.063","0.011","34.0","18.0"
"충남","성연면","2020-07-20 15:00","0.002","0.5","0.057","0.005","21.0","15.0"
"충남","송산면","2020-07-20 15:00","0.002","0.5","0.047","0.006","20.0","8.0"
"충남","당진시청사","2020-07-20 15:00","0.004","0.3","0.037","0.007","17.0","4.0"
"충남","모종동","2020-07-20 15:00","-1.0","0.3","0.036","0.006","12.0","5.0"
"충남","배방읍","2020-07-20 15:00","0.003","0.2","0.05","0.006","14.0","8.0"
"충남","도고면","2020-07-20 15:00","-1.0","0.3","0.034","0.004","12.0","6.0"
"충남","둔포면","2020-07-20 15:00","-1.0","0.2","0.032","0.008","15.0","1.0"
"충남","인주면","2020-07-20 15:00","0.003","0.2","0.033","0.008","19.0","8.0"
"충남","논산","2020-07-20 15:00","0.003","0.3","0.03","0.005","6.0","-1.0"
"충남","파도리","2020-07-20 15:00","0.001","0.2","0.054","0.002","35.0","15.0"
"충남","이원면","2020-07-20 15:00","0.003","0.8","0.058","0.007","38.0","12.0"
"충남","태안읍","2020-07-20 15:00","0.004","0.7","0.063","0.006","43.0","10.0"
"충남","예산군","2020-07-20 15:00","-1.0","0.3","0.035","0.003","15.0","4.0"
"충남","대천2동","2020-07-20 15:00","0.003","0.7","0.041","0.005","24.0","4.0"
"충남","주교면","2020-07-20 15:00","0.002","0.3","0.026","0.005","26.0","4.0"
"충남","홍성읍","2020-07-20 15:00","0.003","0.4","0.055","0.005","15.0","4.0"
"충남","내포","2020-07-20 15:00","0.002","0.5","0.042","0.005","26.0","7.0"
"충남","금산읍","2020-07-20 15:00","0.003","0.2","0.03","0.01","15.0","6.0"
"충남","청양읍","2020-07-20 15:00","-1.0","0.3","0.036","0.008","9.0","1.0"
"충남","엄사면","2020-07-20 15:00","0.003","0.4","0.036","0.004","10.0","2.0"
"충남","서천읍","2020-07-20 15:00","0.002","0.3","0.039","0.007","20.0","6.0"
"충남","서면","2020-07-20 15:00","0.003","0.4","0.045","0.006","23.0","4.0"
"충남","장항읍","2020-07-20 15:00","0.004","0.1","0.039","0.009","22.0","8.0"
"대전","읍내동","2020-07-20 15:00","0.001","0.5","0.034","0.013","-1.0","5.0"
"대전","문평동","2020-07-20 15:00","0.002","0.3","0.028","0.01","6.0","3.0"
"대전","문창동","2020-07-20 15:00","0.002","0.4","0.033","0.005","-1.0","1.0"
"대전","구성동","2020-07-20 15:00","0.002","0.4","0.034","0.011","-1.0","1.0"
"대전","노은동","2020-07-20 15:00","0.005","0.3","0.037","0.012","-1.0","2.0"
"대전","상대동(대전)","2020-07-20 15:00","0.002","0.2","0.036","0.011","3.0","-1.0"
"대전","대흥동1","2020-07-20 15:00","0.004","0.2","0.016","0.021","4.0","-1.0"
"대전","성남동1","2020-07-20 15:00","0.002","0.4","0.035","0.009","8.0","1.0"
"대전","대성동","2020-07-20 15:00","-1.0","0.3","0.033","0.006","-1.0","2.0"
"대전","정림동","2020-07-20 15:00","0.002","0.4","0.034","0.007","-1.0","1.0"
"대전","둔산동","2020-07-20 15:00","0.001","0.4","0.037","0.012","4.0","4.0"
"대전","월평동","2020-07-20 15:00","0.001","0.4","0.038","0.006","-1.0","3.0"
"충북","송정동(봉명동)","2020-07-20 15:00","0.002","0.4","0.03","0.015","5.0","5.0"
"충북","사천동","2020-07-20 15:00","0.002","0.3","0.033","0.005","5.0","5.0"
"충북","용담동","2020-07-20 15:00","0.003","0.2","0.027","0.01","18.0","3.0"
"충북","용암동","2020-07-20 15:00","0.003","0.4","0.026","0.008","17.0","-1.0"
"충북","복대동","2020-07-20 15:00","0.003","0.1","0.023","0.014","-1.0","4.0"
"충북","호암동","2020-07-20 15:00","0.002","0.4","0.033","0.004","8.0","1.0"
"충북","칠금동","2020-07-20 15:00","0.003","0.3","0.029","0.014","7.0","4.0"
"충북","중앙탑면","2020-07-20 15:00","0.002","0.5","0.037","0.004","10.0","6.0"
"충북","살미면","2020-07-20 15:00","0.003","0.3","0.034","0.004","10.0","4.0"
"충북","장락동","2020-07-20 15:00","0.002","0.2","0.032","0.005","1.0","-1.0"
"충북","영천동","2020-07-20 15:00","0.003","0.4","0.037","0.006","5.0","3.0"
"충북","청풍면","2020-07-20 15:00","-1.0","0.5","0.033","0.005","13.0","3.0"
"충북","오창읍","2020-07-20 15:00","0.003","0.3","0.033","0.008","6.0","6.0"
"충북","산남동","2020-07-20 15:00","0.002","0.2","0.034","0.007","-1.0","1.0"
"충북","오송읍","2020-07-20 15:00","0.003","0.2","0.023","0.007","3.0","0.0"
"충북","가덕면","2020-07-20 15:00","0.003","0.3","0.029","0.007","6.0","1.0"
"충북","매포읍","2020-07-20 15:00","-1.0","-1.0","-1.0","-1.0","-1.0","-1.0"
"충북","단성면","2020-07-20 15:00","0.002","0.3","0.038","0.002","-1.0","4.0"
"충북","단양읍","2020-07-20 15:00","0.003","0.0","0.036","0.004","8.0","6.0"
"충북","청천면","2020-07-20 15:00","-1.0","-1.0","-1.0","-1.0","-1.0","-1.0"
"충북","괴산읍","2020-07-20 15:00","0.003","0.4","0.036","0.003","7.0","5.0"
"충북","감물면","2020-07-20 15:00","-1.0","0.3","0.037","0.004","5.0","3.0"
"충북","진천읍","2020-07-20 15:00","0.002","0.4","0.026","0.009","-1.0","5.0"
"충북","덕산읍","2020-07-20 15:00","0.002","0.3","0.033","0.004","9.0","1.0"
"충북","금왕","2020-07-20 15:00","0.002","0.3","0.034","0.007","15.0","5.0"
"충북","음성읍","2020-07-20 15:00","0.003","0.3","0.035","0.003","6.0","6.0"
"충북","소이면","2020-07-20 15:00","-1.0","0.3","0.033","0.005","12.0","-1.0"
"충북","영동읍","2020-07-20 15:00","0.004","0.3","0.033","0.005","13.0","5.0"
"충북","증평읍","2020-07-20 15:00","-1.0","0.2","0.031","0.006","19.0","2.0"
"충북","보은읍","2020-07-20 15:00","-1.0","0.4","0.037","0.007","4.0","-1.0"
"충북","옥천읍","2020-07-20 15:00","0.003","0.4","0.028","0.006","8.0","0.0"
"세종","신흥동","2020-07-20 15:00","0.002","0.4","0.033","0.008","6.0","2.0"
"세종","아름동","2020-07-20 15:00","0.002","0.5","0.037","0.006","5.0","-1.0"
"세종","한솔동","2020-07-20 15:00","0.003","0.5","0.037","0.008","4.0","2.0"
"세종","부강면","2020-07-20 15:00","0.002","0.5","0.036","0.008","8.0","2.0"
"부산","광복동","2020-07-20 15:00","0.003","0.3","0.018","0.009","25.0","11.0"
"부산","초량동","2020-07-20 15:00","0.003","0.3","0.011","0.019","24.0","6.0"
"부산","태종대","2020-07-20 15:00","-1.0","0.2","0.013","0.007","13.0","7.0"
"부산","청학동","2020-07-20 15:00","0.003","0.2","0.02","0.006","13.0","2.0"
"부산","전포동","2020-07-20 15:00","0.003","0.1","0.015","0.012","37.0","12.0"
"부산","온천동","2020-07-20 15:00","0.004","0.3","0.011","0.017","17.0","8.0"
"부산","명장동","2020-07-20 15:00","-1.0","-1.0","0.018","0.01","29.0","12.0"
"부산","대연동","2020-07-20 15:00","0.004","0.4","0.006","0.017","39.0","14.0"
"부산","학장동","2020-07-20 15:00","0.003","0.2","0.016","0.012","40.0","18.0"
"부산","덕천동","2020-07-20 15:00","-1.0","0.4","0.011","0.02","24.0","15.0"
"부산","화명동","2020-07-20 15:00","-1.0","-1.0","0.014","0.014","17.0","6.0"
"부산","청룡동","2020-07-20 15:00","-1.0","-1.0","0.021","0.007","16.0","10.0"
"부산","좌동","2020-07-20 15:00","-1.0","-1.0","-1.0","-1.0","29.0","9.0"
"부산","재송동","2020-07-20 15:00","-1.0","0.3","0.013","0.013","33.0","13.0"
"부산","장림동","2020-07-20 15:00","0.002","0.2","0.017","0.009","27.0","12.0"
"부산","대저동","2020-07-20 15:00","0.002","0.2","0.019","0.011","21.0","5.0"
"부산","녹산동","2020-07-20 15:00","0.006","0.2","0.012","0.016","29.0","10.0"
"부산","연산동","2020-07-20 15:00","0.003","0.3","0.013","0.017","22.0","12.0"
"부산","기장읍","2020-07-20 15:00","-1.0","0.2","0.027","0.005","29.0","9.0"
"부산","용수리","2020-07-20 15:00","-1.0","0.2","0.03","0.007","17.0","9.0"
"부산","수정동","2020-07-20 15:00","0.003","0.3","-1.0","0.01","34.0","5.0"
"부산","부곡동","2020-07-20 15:00","-1.0","0.3","0.025","0.012","20.0","9.0"
"부산","광안동","2020-07-20 15:00","-1.0","-1.0","0.018","0.012","41.0","11.0"
"부산","대신동","2020-07-20 15:00","0.003","0.3","0.015","0.011","27.0","19.0"
"부산","덕포동","2020-07-20 15:00","-1.0","0.3","0.011","0.021","27.0","11.0"
"부산","개금동","2020-07-20 15:00","0.003","0.4","0.014","0.019","9.0","5.0"
"부산","당리동","2020-07-20 15:00","0.003","0.3","0.018","0.014","22.0","9.0"
"부산","부산북항","2020-07-20 15:00","0.005","0.2","0.01","0.019","28.0","10.0"
"부산","부산신항","2020-07-20 15:00","0.007","0.2","0.021","0.024","16.0","8.0"
"울산","대송동","2020-07-20 15:00","0.003","0.2","0.017","0.013","23.0","13.0"
"울산","성남동","2020-07-20 15:00","0.002","0.3","0.03","0.008","15.0","5.0"
"울산","부곡동(울산)","2020-07-20 15:00","0.002","0.5","0.018","0.015","29.0","4.0"
"울산","여천동(울산)","2020-07-20 15:00","0.008","0.4","0.013","0.02","25.0","11.0"
"울산","야음동","2020-07-20 15:00","0.001","0.3","0.032","0.007","9.0","8.0"
"울산","삼산동","2020-07-20 15:00","0.003","0.4","0.023","0.01","14.0","13.0"
"울산","신정로","2020-07-20 15:00","0.003","0.6","0.021","0.006","17.0","6.0"
"울산","신정동","2020-07-20 15:00","0.002","0.6","0.025","0.009","17.0","-1.0"
"울산","덕신리","2020-07-20 15:00","0.002","0.5","0.024","0.008","29.0","5.0"
"울산","무거동","2020-07-20 15:00","0.002","0.6","0.031","0.009","9.0","1.0"
"울산","효문동","2020-07-20 15:00","0.002","0.3","0.017","0.023","23.0","2.0"
"울산","화산리","2020-07-20 15:00","-1.0","-1.0","-1.0","-1.0","-1.0","-1.0"
"울산","상남리","2020-07-20 15:00","0.002","0.1","0.03","0.007","22.0","7.0"
"울산","농소동","2020-07-20 15:00","0.002","0.5","0.025","0.009","11.0","10.0"
"울산","삼남면","2020-07-20 15:00","0.002","0.5","0.028","0.012","-1.0","-1.0"
"울산","약사동","2020-07-20 15:00","0.002","-1.0","0.028","0.01","17.0","9.0"
"울산","웅촌면","2020-07-20 15:00","0.001","0.4","0.03","0.006","18.0","16.0"
"울산","전하동","2020-07-20 15:00","0.003","0.3","0.014","0.012","34.0","8.0"
"대구","수창동","2020-07-20 15:00","0.003","0.4","0.049","0.007","22.0","15.0"
"대구","지산동","2020-07-20 15:00","0.003","0.4","0.042","0.004","17.0","2.0"
"대구","서호동","2020-07-20 15:00","0.002","0.2","0.038","0.008","25.0","12.0"
"대구","이현동","2020-07-20 15:00","0.002","0.6","0.05","0.009","27.0","10.0"
"대구","평리동","2020-07-20 15:00","0.002","0.7","0.036","0.016","27.0","14.0"
"대구","대명동","2020-07-20 15:00","0.001","0.2","0.04","0.007","18.0","7.0"
"대구","노원동","2020-07-20 15:00","0.003","0.4","0.05","0.009","41.0","23.0"
"대구","신암동","2020-07-20 15:00","0.003","0.2","0.036","0.015","65.0","22.0"
"대구","태전동","2020-07-20 15:00","0.003","0.5","0.045","0.008","28.0","18.0"
"대구","만촌동","2020-07-20 15:00","0.002","0.4","0.035","0.012","18.0","14.0"
"대구","호림동","2020-07-20 15:00","0.003","0.4","0.045","0.008","11.0","10.0"
"대구","유가읍","2020-07-20 15:00","0.002","0.3","0.041","0.007","22.0","13.0"
"대구","이곡동","2020-07-20 15:00","0.003","0.7","0.041","0.014","24.0","16.0"
"대구","시지동","2020-07-20 15:00","0.001","0.4","0.041","0.003","29.0","22.0"
"대구","진천동","2020-07-20 15:00","0.001","0.4","0.045","0.007","27.0","14.0"
"대구","다사읍","2020-07-20 15:00","0.001","0.3","0.041","0.007","18.0","14.0"
"대구","본동","2020-07-20 15:00","0.002","0.4","0.042","0.007","19.0","17.0"
"경북","장흥동","2020-07-20 13:00","0.004","0.2","0.03","0.01","28.0","11.0"
"경북","장량동","2020-07-20 15:00","0.002","0.3","0.047","0.012","23.0","10.0"
"경북","대도동","2020-07-20 15:00","0.003","0.1","0.053","0.007","27.0","10.0"
"경북","대송면","2020-07-20 15:00","0.003","0.2","0.042","0.003","20.0","4.0"
"경북","3공단","2020-07-20 15:00","0.004","0.4","0.026","0.008","18.0","8.0"
"경북","송도동","2020-07-20 15:00","0.003","0.2","0.048","0.007","19.0","10.0"
"경북","오천읍","2020-07-20 15:00","0.003","0.1","0.047","0.009","26.0","9.0"
"경북","청림동","2020-07-20 15:00","0.004","0.5","0.043","0.011","22.0","15.0"
"경북","성건동","2020-07-20 15:00","0.003","0.2","0.033","0.012","31.0","11.0"
"경북","보덕동","2020-07-20 15:00","0.003","0.2","0.044","0.004","13.0","9.0"
"경북","안강읍","2020-07-20 15:00","0.003","0.2","0.047","0.005","15.0","13.0"
"경북","외동읍","2020-07-20 15:00","0.003","0.2","0.038","0.005","11.0","6.0"
"경북","문당동","2020-07-20 15:00","0.002","0.5","0.035","0.003","16.0","14.0"
"경북","대광동","2020-07-20 15:00","-1.0","-1.0","-1.0","-1.0","-1.0","-1.0"
"경북","율곡동","2020-07-20 15:00","0.002","0.4","0.042","0.008","16.0","9.0"
"경북","명륜동","2020-07-20 15:00","0.002","0.3","0.043","0.005","11.0","9.0"
"경북","공단동","2020-07-20 15:00","0.002","0.3","0.036","0.011","16.0","13.0"
"경북","원평동","2020-07-20 15:00","0.002","0.5","0.053","0.002","13.0","9.0"
"경북","형곡동","2020-07-20 15:00","0.003","0.4","0.036","0.004","22.0","4.0"
"경북","4공단","2020-07-20 15:00","0.003","0.3","0.037","0.006","12.0","6.0"
"경북","가흥동","2020-07-20 15:00","0.003","0.3","0.036","0.005","10.0","-1.0"
"경북","중방동","2020-07-20 15:00","0.004","0.3","0.042","0.005","32.0","12.0"
"경북","상주시","2020-07-20 15:00","0.003","0.3","0.043","0.003","6.0","1.0"
"경북","칠곡군","2020-07-20 15:00","0.003","0.2","0.049","0.004","18.0","9.0"
"경북","영덕읍","2020-07-20 15:00","0.002","0.2","0.043","0.002","14.0","-1.0"
"경북","문경시","2020-07-20 15:00","0.003","0.3","0.042","0.003","3.0","1.0"
"경북","성주군","2020-07-20 15:00","0.002","0.4","0.041","0.005","14.0","4.0"
"경북","지품면","2020-07-20 15:00","-1.0","-1.0","-1.0","-1.0","-1.0","-1.0"
"경북","화북면","2020-07-20 15:00","0.0","0.2","0.023","0.002","10.0","-1.0"
"경북","영천시","2020-07-20 15:00","-1.0","-1.0","-1.0","-1.0","-1.0","-1.0"
"경북","안계면","2020-07-20 15:00","0.001","0.4","0.041","0.004","6.0","6.0"
"경북","의성읍","2020-07-20 15:00","0.003","0.4","0.043","0.004","12.0","7.0"
"경북","울진군","2020-07-20 15:00","-1.0","0.4","0.03","0.007","20.0","7.0"
"경북","석포면","2020-07-20 15:00","0.006","0.3","0.097","0.007","11.0","7.0"
"경북","태하리","2020-07-20 15:00","0.001","0.2","0.033","0.001","22.0","8.0"
"경북","울릉읍","2020-07-20 15:00","-1.0","0.2","0.027","0.003","32.0","16.0"
"경북","대가야읍","2020-07-20 15:00","0.003","0.4","0.039","0.006","16.0","16.0"
"경북","군위읍","2020-07-20 15:00","0.002","0.4","0.046","0.005","11.0","7.0"
"경북","영양군","2020-07-20 15:00","0.002","0.3","0.043","0.004","10.0","4.0"
"경북","예천군","2020-07-20 15:00","0.002","0.3","0.055","0.002","8.0","6.0"
"경북","화양읍","2020-07-20 15:00","-1.0","0.3","0.055","0.003","15.0","5.0"
"경북","청송읍","2020-07-20 15:00","0.003","0.3","0.045","0.005","16.0","8.0"
"경남","회원동","2020-07-20 15:00","0.002","0.2","0.03","0.01","20.0","5.0"
"경남","봉암동","2020-07-20 15:00","0.002","0.2","0.029","0.012","14.0","4.0"
"경남","상봉동","2020-07-20 15:00","0.005","0.6","0.045","0.011","30.0","13.0"
"경남","대안동","2020-07-20 15:00","0.005","0.5","0.049","0.01","21.0","5.0"
"경남","상대동","2020-07-20 15:00","0.009","0.8","0.046","0.015","23.0","11.0"
"경남","명서동","2020-07-20 15:00","0.003","0.4","0.037","0.01","24.0","7.0"
"경남","웅남동","2020-07-20 15:00","0.004","0.3","0.041","0.004","11.0","7.0"
"경남","성주동","2020-07-20 15:00","0.002","0.3","0.037","0.007","2.0","-1.0"
"경남","용지동","2020-07-20 15:00","0.002","0.5","0.036","0.008","22.0","-1.0"
"경남","반송로","2020-07-20 15:00","0.003","0.2","0.034","0.008","11.0","8.0"
"경남","사파동","2020-07-20 15:00","0.003","0.2","0.03","0.006","17.0","7.0"
"경남","경화동","2020-07-20 15:00","0.003","0.3","0.025","0.007","33.0","17.0"
"경남","월영동","2020-07-20 15:00","0.003","0.3","0.034","0.009","10.0","2.0"
"경남","하동읍","2020-07-20 15:00","0.002","0.4","0.039","0.005","18.0","9.0"
"경남","동상동","2020-07-20 15:00","0.002","0.2","0.038","0.006","9.0","3.0"
"경남","삼방동","2020-07-20 15:00","0.002","0.2","0.031","0.008","15.0","2.0"
"경남","장유동","2020-07-20 15:00","0.003","0.3","0.028","0.006","6.0","4.0"
"경남","진영읍","2020-07-20 15:00","-1.0","-1.0","-1.0","-1.0","-1.0","-1.0"
"경남","저구리","2020-07-20 15:00","0.001","0.1","0.016","0.004","3.0","-1.0"
"경남","아주동","2020-07-20 15:00","0.002","0.4","0.029","0.008","16.0","4.0"
"경남","사천읍","2020-07-20 15:00","0.004","0.4","0.051","0.007","16.0","9.0"
"경남","대산면","2020-07-20 15:00","-1.0","-1.0","-1.0","-1.0","-1.0","-1.0"
"경남","북부동","2020-07-20 15:00","0.004","0.2","0.016","0.014","23.0","12.0"
"경남","삼호동","2020-07-20 15:00","0.002","0.3","0.032","0.007","16.0","11.0"
"경남","내일동","2020-07-20 15:00","0.002","0.2","0.033","0.008","22.0","1.0"
"경남","무전동","2020-07-20 15:00","0.002","0.2","0.036","0.007","17.0","2.0"
"경남","고성읍","2020-07-20 15:00","0.003","0.2","0.043","0.006","15.0","6.0"
"경남","거창읍","2020-07-20 15:00","-1.0","-1.0","-1.0","-1.0","9.0","5.0"
"경남","가야읍","2020-07-20 15:00","0.002","0.4","0.051","0.005","11.0","8.0"
"경남","함양읍","2020-07-20 15:00","0.002","0.4","0.046","0.005","11.0","7.0"
"경남","남해읍","2020-07-20 15:00","0.002","0.7","0.042","0.006","14.0","9.0"
"경남","산청읍","2020-07-20 15:00","0.002","0.3","0.044","0.004","14.0","-1.0"
"경남","남상면","2020-07-20 15:00","0.002","0.4","0.044","0.003","9.0","1.0"
"경남","의령읍","2020-07-20 15:00","0.004","0.5","0.054","0.005","12.0","10.0"
"경남","창녕읍","2020-07-20 15:00","0.003","0.4","0.057","0.007","16.0","12.0"
"경남","합천읍","2020-07-20 15:00","0.003","0.3","0.049","0.005","21.0","7.0"
"전남","용당동","2020-07-20 15:00","0.003","0.5","0.047","0.008","26.0","12.0"
"전남","부흥동","2020-07-20 15:00","0.003","0.3","0.034","0.004","20.0","14.0"
"전남","서강동","2020-07-20 15:00","0.002","0.3","0.034","0.001","5.0","-1.0"
"전남","월내동","2020-07-20 15:00","0.003","0.6","0.046","0.01","16.0","10.0"
"전남","문수동","2020-07-20 15:00","0.002","0.5","0.042","0.007","13.0","-1.0"
"전남","여천동(여수)","2020-07-20 15:00","0.002","0.5","0.036","0.006","18.0","7.0"
"전남","덕충동","2020-07-20 15:00","0.002","0.5","0.036","0.004","9.0","9.0"
"전남","장천동","2020-07-20 15:00","0.003","0.4","0.038","0.007","18.0","7.0"
"전남","연향동","2020-07-20 15:00","-1.0","-1.0","-1.0","-1.0","-1.0","-1.0"
"전남","순천만","2020-07-20 15:00","0.002","0.2","0.043","0.001","7.0","-1.0"
"전남","호두리","2020-07-20 15:00","-1.0","0.2","0.039","0.002","15.0","6.0"
"전남","신대","2020-07-20 15:00","0.003","0.3","0.061","0.002","20.0","7.0"
"전남","빛가람동","2020-07-20 15:00","0.003","0.2","0.055","0.004","6.0","6.0"
"전남","담양읍","2020-07-20 15:00","0.004","0.2","0.023","0.004","17.0","3.0"
"전남","장성읍","2020-07-20 15:00","0.004","0.3","0.04","0.003","12.0","6.0"
"전남","화양면","2020-07-20 15:00","-1.0","0.5","0.047","0.002","14.0","8.0"
"전남","율촌면","2020-07-20 15:00","0.001","0.7","0.042","0.002","15.0","7.0"
"전남","삼일동","2020-07-20 15:00","0.002","0.5","0.035","0.005","14.0","7.0"
"전남","중동","2020-07-20 15:00","0.003","0.5","0.032","0.007","20.0","5.0"
"전남","태인동","2020-07-20 15:00","0.006","0.6","0.017","0.018","22.0","14.0"
"전남","진상면","2020-07-20 15:00","0.002","0.4","0.042","0.006","17.0","11.0"
"전남","광양읍","2020-07-20 15:00","0.002","0.4","0.036","0.006","12.0","5.0"
"전남","해남읍","2020-07-20 15:00","0.003","0.5","0.042","0.005","10.0","4.0"
"전남","나불리","2020-07-20 15:00","0.003","0.3","0.036","0.003","14.0","11.0"
"전남","송단리","2020-07-20 15:00","0.003","0.1","0.038","0.003","6.0","6.0"
"전남","화순읍","2020-07-20 15:00","0.002","0.3","0.038","0.004","8.0","7.0"
"전남","영광읍","2020-07-20 15:00","-1.0","-1.0","-1.0","-1.0","11.0","-1.0"
"전남","장흥읍","2020-07-20 15:00","0.004","0.4","0.049","0.004","29.0","7.0"
"전남","진도읍","2020-07-20 15:00","0.002","0.4","0.036","0.003","19.0","9.0"
"전남","신지면","2020-07-20 15:00","0.002","0.5","0.032","0.003","10.0","5.0"
"전남","함평읍","2020-07-20 15:00","0.002","0.5","0.031","0.003","16.0","2.0"
"전남","고흥읍","2020-07-20 15:00","0.003","0.4","0.051","0.002","10.0","8.0"
"전남","신안군","2020-07-20 15:00","0.004","0.3","0.05","0.003","12.0","6.0"
"전남","무안읍","2020-07-20 15:00","0.003","0.4","0.041","0.004","18.0","6.0"
"전남","강진읍","2020-07-20 15:00","0.003","0.2","0.048","0.002","9.0","-1.0"
"전남","곡성읍","2020-07-20 15:00","0.002","0.5","0.036","0.003","5.0","-1.0"
"전남","구례읍","2020-07-20 15:00","0.003","0.5","0.033","0.004","7.0","5.0"
"전남","벌교읍","2020-07-20 15:00","0.002","0.9","0.029","0.002","16.0","1.0"
"전북","노송동","2020-07-20 15:00","0.002","0.4","0.051","0.004","4.0","-1.0"
"전북","삼천동","2020-07-20 15:00","0.002","0.4","0.063","0.007","1.0","1.0"
"전북","팔복동","2020-07-20 15:00","0.003","0.5","0.037","0.014","10.0","10.0"
"전북","송천동","2020-07-20 15:00","0.002","0.3","0.032","0.007","12.0","10.0"
"전북","서신동","2020-07-20 15:00","0.003","0.4","-1.0","0.015","18.0","18.0"
"전북","혁신동","2020-07-20 15:00","0.002","0.4","0.036","0.007","12.0","2.0"
"전북","신풍동(군산)","2020-07-20 15:00","0.003","0.3","0.035","0.007","17.0","8.0"
"전북","소룡동","2020-07-20 15:00","0.003","0.3","0.035","0.011","28.0","9.0"
"전북","개정동","2020-07-20 15:00","0.003","0.4","0.033","0.009","10.0","7.0"
"전북","옥산면","2020-07-20 15:00","0.004","0.3","0.038","0.003","8.0","7.0"
"전북","비응도동","2020-07-20 15:00","0.003","0.3","0.04","0.007","18.0","6.0"
"전북","삼기면","2020-07-20 15:00","0.002","0.2","0.035","0.006","8.0","5.0"
"전북","팔봉동","2020-07-20 15:00","0.001","0.4","0.033","0.012","5.0","4.0"
"전북","모현동","2020-07-20 15:00","0.002","0.2","0.024","0.004","10.0","3.0"
"전북","용동면","2020-07-20 15:00","0.002","0.3","0.035","0.004","8.0","7.0"
"전북","함열읍","2020-07-20 15:00","0.002","0.2","0.028","0.004","8.0","8.0"
"전북","연지동","2020-07-20 15:00","0.003","0.3","0.027","0.007","11.0","10.0"
"전북","신태인","2020-07-20 15:00","0.002","0.3","0.032","0.013","8.0","5.0"
"전북","죽항동","2020-07-20 15:00","0.003","0.2","0.04","0.009","16.0","8.0"
"전북","고창읍","2020-07-20 15:00","-1.0","0.1","0.038","0.006","10.0","8.0"
"전북","심원면","2020-07-20 15:00","0.003","0.2","0.039","0.003","11.0","9.0"
"전북","부안읍","2020-07-20 15:00","0.002","0.5","0.041","0.008","10.0","1.0"
"전북","새만금","2020-07-20 15:00","0.001","-1.0","0.036","0.002","17.0","5.0"
"전북","요촌동","2020-07-20 15:00","-1.0","-1.0","-1.0","-1.0","14.0","4.0"
"전북","고산면","2020-07-20 15:00","0.002","0.4","0.034","0.006","6.0","-1.0"
"전북","봉동읍","2020-07-20 15:00","0.001","0.4","0.033","0.008","9.0","5.0"
"전북","진안읍","2020-07-20 15:00","0.002","0.3","0.032","0.005","21.0","6.0"
"전북","운암면","2020-07-20 15:00","0.0","1.1","0.03","0.003","13.0","0.0"
"전북","임실읍","2020-07-20 15:00","0.003","0.4","0.036","0.002","12.0","9.0"
"전북","무주읍","2020-07-20 15:00","0.002","0.4","0.039","0.003","16.0","9.0"
"전북","순창읍","2020-07-20 15:00","0.003","0.3","0.043","0.005","8.0","7.0"
"전북","장수읍","2020-07-20 15:00","0.002","0.3","0.046","0.005","10.0","9.0"
"제주","이도동","2020-07-20 15:00","0.002","0.3","0.043","0.012","19.0","7.0"
"제주","연동","2020-07-20 15:00","0.002","0.3","0.044","0.007","11.0","7.0"
"제주","동홍동","2020-07-20 15:00","-1.0","0.1","0.032","0.006","33.0","19.0"
"제주","성산읍","2020-07-20 15:00","0.001","0.1","0.04","0.005","24.0","19.0"
"제주","남원읍","2020-07-20 15:00","0.001","0.3","0.025","0.005","12.0","4.0"
"제주","대정읍","2020-07-20 15:00","0.001","0.3","0.052","0.003","26.0","12.0"
"제주","노형로","2020-07-20 15:00","0.001","0.3","0.039","0.015","12.0","6.0"
"제주","고산리","2020-07-20 15:00","-1.0","-1.0","-1.0","-1.0","18.0","8.0"
